company_number,ticker,fiscal_year,value,currency,source_url
15998687,BTRW.L,2022,8210700000.0,GBP,https://finance.yahoo.com/quote/BTRW.L/financials
15998687,BTRW.L,2023,8004000000.0,GBP,https://finance.yahoo.com/quote/BTRW.L/financials
15998687,BTRW.L,2024,7875200000.0,GBP,https://finance.yahoo.com/quote/BTRW.L/financials
15998687,BTRW.L,2025,11549800000.0,GBP,https://finance.yahoo.com/quote/BTRW.L/financials
00102498,BP.L,2022,288120000000.0,USD,https://finance.yahoo.com/quote/BP.L/financials
00102498,BP.L,2023,280294000000.0,USD,https://finance.yahoo.com/quote/BP.L/financials
00102498,BP.L,2024,282228000000.0,USD,https://finance.yahoo.com/quote/BP.L/financials
00102498,BP.L,2025,278526000000.0,USD,https://finance.yahoo.com/quote/BP.L/financials
00040932,HLMA.L,2023,2788400000.0,GBP,https://finance.yahoo.com/quote/HLMA.L/financials
00040932,HLMA.L,2024,2999900000.0,GBP,https://finance.yahoo.com/quote/HLMA.L/financials
00040932,HLMA.L,2025,3258600000.0,GBP,https://finance.yahoo.com/quote/HLMA.L/financials
00040932,HLMA.L,2026,3712700000.0,GBP,https://finance.yahoo.com/quote/HLMA.L/financials
05134420,IHG.L,2022,4216000000.0,USD,https://finance.yahoo.com/quote/IHG.L/financials
05134420,IHG.L,2023,4813000000.0,USD,https://finance.yahoo.com/quote/IHG.L/financials
05134420,IHG.L,2024,4748000000.0,USD,https://finance.yahoo.com/quote/IHG.L/financials
05134420,IHG.L,2025,5345000000.0,USD,https://finance.yahoo.com/quote/IHG.L/financials
12215835,GSK.L,2022,60146000000.0,GBP,https://finance.yahoo.com/quote/GSK.L/financials
12215835,GSK.L,2023,59005000000.0,GBP,https://finance.yahoo.com/quote/GSK.L/financials
12215835,GSK.L,2024,59463000000.0,GBP,https://finance.yahoo.com/quote/GSK.L/financials
12215835,GSK.L,2025,61118000000.0,GBP,https://finance.yahoo.com/quote/GSK.L/financials
02128710,HWDN.L,2022,2032700000.0,GBP,https://finance.yahoo.com/quote/HWDN.L/financials
02128710,HWDN.L,2023,2064500000.0,GBP,https://finance.yahoo.com/quote/HWDN.L/financials
02128710,HWDN.L,2024,2237500000.0,GBP,https://finance.yahoo.com/quote/HWDN.L/financials
02128710,HWDN.L,2025,2354100000.0,GBP,https://finance.yahoo.com/quote/HWDN.L/financials
,CCH.L,2022,9855700000.0,EUR,https://finance.yahoo.com/quote/CCH.L/financials
,CCH.L,2023,9880800000.0,EUR,https://finance.yahoo.com/quote/CCH.L/financials
,CCH.L,2024,10653700000.0,EUR,https://finance.yahoo.com/quote/CCH.L/financials
,CCH.L,2025,11599300000.0,EUR,https://finance.yahoo.com/quote/CCH.L/financials
01417162,LGEN.L,2022,513270000000.0,GBP,https://finance.yahoo.com/quote/LGEN.L/financials
01417162,LGEN.L,2023,522095000000.0,GBP,https://finance.yahoo.com/quote/LGEN.L/financials
01417162,LGEN.L,2024,544167000000.0,GBP,https://finance.yahoo.com/quote/LGEN.L/financials
01417162,LGEN.L,2025,582268000000.0,GBP,https://finance.yahoo.com/quote/LGEN.L/financials
SC095000,LLOY.L,2022,873394000000.0,GBP,https://finance.yahoo.com/quote/LLOY.L/financials
SC095000,LLOY.L,2023,881453000000.0,GBP,https://finance.yahoo.com/quote/LLOY.L/financials
SC095000,LLOY.L,2024,906697000000.0,GBP,https://finance.yahoo.com/quote/LLOY.L/financials
SC095000,LLOY.L,2025,944072000000.0,GBP,https://finance.yahoo.com/quote/LLOY.L/financials
11444019,MNG.L,2022,191158000000.0,GBP,https://finance.yahoo.com/quote/MNG.L/financials
11444019,MNG.L,2023,189180000000.0,GBP,https://finance.yahoo.com/quote/MNG.L/financials
11444019,MNG.L,2024,184224000000.0,GBP,https://finance.yahoo.com/quote/MNG.L/financials
11444019,MNG.L,2025,190601000000.0,GBP,https://finance.yahoo.com/quote/MNG.L/financials
04031152,NG.L,2023,92697000000.0,GBP,https://finance.yahoo.com/quote/NG.L/financials
04031152,NG.L,2024,98325000000.0,GBP,https://finance.yahoo.com/quote/NG.L/financials
04031152,NG.L,2025,106742000000.0,GBP,https://finance.yahoo.com/quote/NG.L/financials
04031152,NG.L,2026,108281000000.0,GBP,https://finance.yahoo.com/quote/NG.L/financials
04412362,NXT.L,2023,3983800000.0,GBP,https://finance.yahoo.com/quote/NXT.L/financials
04412362,NXT.L,2024,4724300000.0,GBP,https://finance.yahoo.com/quote/NXT.L/financials
04412362,NXT.L,2025,4872500000.0,GBP,https://finance.yahoo.com/quote/NXT.L/financials
04412362,NXT.L,2026,4915300000.0,GBP,https://finance.yahoo.com/quote/NXT.L/financials
03224867,PCT.L,2023,2902828000.0,GBP,https://finance.yahoo.com/quote/PCT.L/financials
03224867,PCT.L,2024,3864301000.0,GBP,https://finance.yahoo.com/quote/PCT.L/financials
03224867,PCT.L,2025,3907002000.0,GBP,https://finance.yahoo.com/quote/PCT.L/financials
03224867,PCT.L,2026,7512383000.0,GBP,https://finance.yahoo.com/quote/PCT.L/financials
01397169,PRU.L,2022,160249000000.0,USD,https://finance.yahoo.com/quote/PRU.L/financials
01397169,PRU.L,2023,174066000000.0,USD,https://finance.yahoo.com/quote/PRU.L/financials
01397169,PRU.L,2024,181876000000.0,USD,https://finance.yahoo.com/quote/PRU.L/financials
01397169,PRU.L,2025,212195000000.0,USD,https://finance.yahoo.com/quote/PRU.L/financials
,PSH.L,2022,12951814811.0,USD,https://finance.yahoo.com/quote/PSH.L/financials
,PSH.L,2023,15128600308.0,USD,https://finance.yahoo.com/quote/PSH.L/financials
,PSH.L,2024,15632386337.0,USD,https://finance.yahoo.com/quote/PSH.L/financials
,PSH.L,2025,19361495613.0,USD,https://finance.yahoo.com/quote/PSH.L/financials
00053723,PSON.L,2022,7324000000.0,GBP,https://finance.yahoo.com/quote/PSON.L/financials
00053723,PSON.L,2023,6727000000.0,GBP,https://finance.yahoo.com/quote/PSON.L/financials
00053723,PSON.L,2024,6892000000.0,GBP,https://finance.yahoo.com/quote/PSON.L/financials
00053723,PSON.L,2025,6458000000.0,GBP,https://finance.yahoo.com/quote/PSON.L/financials
00077536,REL.L,2022,15829000000.0,GBP,https://finance.yahoo.com/quote/REL.L/financials
00077536,REL.L,2023,14917000000.0,GBP,https://finance.yahoo.com/quote/REL.L/financials
00077536,REL.L,2024,15133000000.0,GBP,https://finance.yahoo.com/quote/REL.L/financials
00077536,REL.L,2025,14757000000.0,GBP,https://finance.yahoo.com/quote/REL.L/financials
00719885,RIO.L,2022,96774000000.0,USD,https://finance.yahoo.com/quote/RIO.L/financials
00719885,RIO.L,2023,103549000000.0,USD,https://finance.yahoo.com/quote/RIO.L/financials
00719885,RIO.L,2024,102786000000.0,USD,https://finance.yahoo.com/quote/RIO.L/financials
00719885,RIO.L,2025,128102000000.0,USD,https://finance.yahoo.com/quote/RIO.L/financials
06270876,RKT.L,2022,28742000000.0,GBP,https://finance.yahoo.com/quote/RKT.L/financials
06270876,RKT.L,2023,27136000000.0,GBP,https://finance.yahoo.com/quote/RKT.L/financials
06270876,RKT.L,2024,25298000000.0,GBP,https://finance.yahoo.com/quote/RKT.L/financials
06270876,RKT.L,2025,25068000000.0,GBP,https://finance.yahoo.com/quote/RKT.L/financials
00185647,SBRY.L,2023,26158000000.0,GBP,https://finance.yahoo.com/quote/SBRY.L/financials
00185647,SBRY.L,2024,25160000000.0,GBP,https://finance.yahoo.com/quote/SBRY.L/financials
00185647,SBRY.L,2025,24757000000.0,GBP,https://finance.yahoo.com/quote/SBRY.L/financials
00185647,SBRY.L,2026,18943000000.0,GBP,https://finance.yahoo.com/quote/SBRY.L/financials
02231246,SGE.L,2022,3897000000.0,GBP,https://finance.yahoo.com/quote/SGE.L/financials
02231246,SGE.L,2023,3936000000.0,GBP,https://finance.yahoo.com/quote/SGE.L/financials
02231246,SGE.L,2024,3639000000.0,GBP,https://finance.yahoo.com/quote/SGE.L/financials
02231246,SGE.L,2025,3713000000.0,GBP,https://finance.yahoo.com/quote/SGE.L/financials
SC117119,SSE.L,2023,27177100000.0,GBP,https://finance.yahoo.com/quote/SSE.L/financials
SC117119,SSE.L,2024,28270200000.0,GBP,https://finance.yahoo.com/quote/SSE.L/financials
SC117119,SSE.L,2025,30363600000.0,GBP,https://finance.yahoo.com/quote/SSE.L/financials
SC117119,SSE.L,2026,35353600000.0,GBP,https://finance.yahoo.com/quote/SSE.L/financials
00445790,TSCO.L,2023,45868000000.0,GBP,https://finance.yahoo.com/quote/TSCO.L/financials
00445790,TSCO.L,2024,47039000000.0,GBP,https://finance.yahoo.com/quote/TSCO.L/financials
00445790,TSCO.L,2025,38890000000.0,GBP,https://finance.yahoo.com/quote/TSCO.L/financials
00445790,TSCO.L,2026,39474000000.0,GBP,https://finance.yahoo.com/quote/TSCO.L/financials
00041424,ULVR.L,2022,77821000000.0,EUR,https://finance.yahoo.com/quote/ULVR.L/financials
00041424,ULVR.L,2023,75266000000.0,EUR,https://finance.yahoo.com/quote/ULVR.L/financials
00041424,ULVR.L,2024,79750000000.0,EUR,https://finance.yahoo.com/quote/ULVR.L/financials
00041424,ULVR.L,2025,70471000000.0,EUR,https://finance.yahoo.com/quote/ULVR.L/financials
06559020,UU.L,2023,14527200000.0,GBP,https://finance.yahoo.com/quote/UU.L/financials
06559020,UU.L,2024,15653400000.0,GBP,https://finance.yahoo.com/quote/UU.L/financials
06559020,UU.L,2025,16769500000.0,GBP,https://finance.yahoo.com/quote/UU.L/financials
06559020,UU.L,2026,18127000000.0,GBP,https://finance.yahoo.com/quote/UU.L/financials
FC037925,ENT.L,2022,8740100000.0,GBP,https://finance.yahoo.com/quote/ENT.L/financials
FC037925,ENT.L,2023,10850600000.0,GBP,https://finance.yahoo.com/quote/ENT.L/financials
FC037925,ENT.L,2024,10141000000.0,GBP,https://finance.yahoo.com/quote/ENT.L/financials
FC037925,ENT.L,2025,9396300000.0,GBP,https://finance.yahoo.com/quote/ENT.L/financials
14840880,ICG.L,2023,9052500000.0,GBP,https://finance.yahoo.com/quote/ICG.L/financials
14840880,ICG.L,2024,9122100000.0,GBP,https://finance.yahoo.com/quote/ICG.L/financials
14840880,ICG.L,2025,9342600000.0,GBP,https://finance.yahoo.com/quote/ICG.L/financials
14840880,ICG.L,2026,9912200000.0,GBP,https://finance.yahoo.com/quote/ICG.L/financials
01003142,RR.L,2022,29450000000.0,GBP,https://finance.yahoo.com/quote/RR.L/financials
01003142,RR.L,2023,31512000000.0,GBP,https://finance.yahoo.com/quote/RR.L/financials
01003142,RR.L,2024,35686000000.0,GBP,https://finance.yahoo.com/quote/RR.L/financials
01003142,RR.L,2025,38115000000.0,GBP,https://finance.yahoo.com/quote/RR.L/financials
09439967,AUTO.L,2023,662700000.0,GBP,https://finance.yahoo.com/quote/AUTO.L/financials
09439967,AUTO.L,2024,658000000.0,GBP,https://finance.yahoo.com/quote/AUTO.L/financials
09439967,AUTO.L,2025,639600000.0,GBP,https://finance.yahoo.com/quote/AUTO.L/financials
09439967,AUTO.L,2026,685300000.0,GBP,https://finance.yahoo.com/quote/AUTO.L/financials
00012901,FCIT.L,2022,5238854000.0,GBP,https://finance.yahoo.com/quote/FCIT.L/financials
00012901,FCIT.L,2023,5629292000.0,GBP,https://finance.yahoo.com/quote/FCIT.L/financials
00012901,FCIT.L,2024,6270732000.0,GBP,https://finance.yahoo.com/quote/FCIT.L/financials
00012901,FCIT.L,2025,6759942000.0,GBP,https://finance.yahoo.com/quote/FCIT.L/financials
01142830,III.L,2023,17819000000.0,GBP,https://finance.yahoo.com/quote/III.L/financials
01142830,III.L,2024,21641000000.0,GBP,https://finance.yahoo.com/quote/III.L/financials
01142830,III.L,2025,26056000000.0,GBP,https://finance.yahoo.com/quote/III.L/financials
01142830,III.L,2026,32338000000.0,GBP,https://finance.yahoo.com/quote/III.L/financials
16133984,ABDN.L,2022,9212000000.0,GBP,https://finance.yahoo.com/quote/ABDN.L/financials
16133984,ABDN.L,2023,8031000000.0,GBP,https://finance.yahoo.com/quote/ABDN.L/financials
16133984,ABDN.L,2024,7721000000.0,GBP,https://finance.yahoo.com/quote/ABDN.L/financials
16133984,ABDN.L,2025,10718000000.0,GBP,https://finance.yahoo.com/quote/ABDN.L/financials
03849958,ADM.L,2022,6208800000.0,GBP,https://finance.yahoo.com/quote/ADM.L/financials
03849958,ADM.L,2023,7096200000.0,GBP,https://finance.yahoo.com/quote/ADM.L/financials
03849958,ADM.L,2024,7944200000.0,GBP,https://finance.yahoo.com/quote/ADM.L/financials
03849958,ADM.L,2025,9022800000.0,GBP,https://finance.yahoo.com/quote/ADM.L/financials
11462215,AAF.L,2023,11166000000.0,USD,https://finance.yahoo.com/quote/AAF.L/financials
11462215,AAF.L,2024,9861000000.0,USD,https://finance.yahoo.com/quote/AAF.L/financials
11462215,AAF.L,2025,12023000000.0,USD,https://finance.yahoo.com/quote/AAF.L/financials
11462215,AAF.L,2026,13963000000.0,USD,https://finance.yahoo.com/quote/AAF.L/financials
SC001731,ALW.L,2022,3111058000.0,GBP,https://finance.yahoo.com/quote/ALW.L/financials
SC001731,ALW.L,2023,3576624000.0,GBP,https://finance.yahoo.com/quote/ALW.L/financials
SC001731,ALW.L,2024,5596388000.0,GBP,https://finance.yahoo.com/quote/ALW.L/financials
SC001731,ALW.L,2025,5490142000.0,GBP,https://finance.yahoo.com/quote/ALW.L/financials
04709270,DCC.L,2023,9840776000.0,GBP,https://finance.yahoo.com/quote/DCC.L/financials
04709270,DCC.L,2024,9483219000.0,GBP,https://finance.yahoo.com/quote/DCC.L/financials
04709270,DCC.L,2025,9257629000.0,GBP,https://finance.yahoo.com/quote/DCC.L/financials
04709270,DCC.L,2026,8269869000.0,GBP,https://finance.yahoo.com/quote/DCC.L/financials
00023307,DGE.L,2023,44883000000.0,USD,https://finance.yahoo.com/quote/DGE.L/financials
00023307,DGE.L,2024,45474000000.0,USD,https://finance.yahoo.com/quote/DGE.L/financials
00023307,DGE.L,2025,49322000000.0,USD,https://finance.yahoo.com/quote/DGE.L/financials
00023307,DGE.L,2026,46845000000.0,USD,https://finance.yahoo.com/quote/DGE.L/financials
03899848,DPLM.L,2022,1379000000.0,GBP,https://finance.yahoo.com/quote/DPLM.L/financials
03899848,DPLM.L,2023,1589300000.0,GBP,https://finance.yahoo.com/quote/DPLM.L/financials
03899848,DPLM.L,2024,1772100000.0,GBP,https://finance.yahoo.com/quote/DPLM.L/financials
03899848,DPLM.L,2025,1809400000.0,GBP,https://finance.yahoo.com/quote/DPLM.L/financials
13280545,EDV.L,2022,6414700000.0,USD,https://finance.yahoo.com/quote/EDV.L/financials
13280545,EDV.L,2023,5858500000.0,USD,https://finance.yahoo.com/quote/EDV.L/financials
13280545,EDV.L,2024,5513400000.0,USD,https://finance.yahoo.com/quote/EDV.L/financials
13280545,EDV.L,2025,5606800000.0,USD,https://finance.yahoo.com/quote/EDV.L/financials
03720393,EXPN.L,2023,10864000000.0,USD,https://finance.yahoo.com/quote/EXPN.L/financials
03720393,EXPN.L,2024,11712000000.0,USD,https://finance.yahoo.com/quote/EXPN.L/financials
03720393,EXPN.L,2025,12886000000.0,USD,https://finance.yahoo.com/quote/EXPN.L/financials
03720393,EXPN.L,2026,14290000000.0,USD,https://finance.yahoo.com/quote/EXPN.L/financials
,GLEN.L,2022,132583000000.0,USD,https://finance.yahoo.com/quote/GLEN.L/financials
,GLEN.L,2023,123869000000.0,USD,https://finance.yahoo.com/quote/GLEN.L/financials
,GLEN.L,2024,130460000000.0,USD,https://finance.yahoo.com/quote/GLEN.L/financials
,GLEN.L,2025,142199000000.0,USD,https://finance.yahoo.com/quote/GLEN.L/financials
03564138,AAL.L,2022,67407000000.0,USD,https://finance.yahoo.com/quote/AAL.L/financials
03564138,AAL.L,2023,66544000000.0,USD,https://finance.yahoo.com/quote/AAL.L/financials
03564138,AAL.L,2024,64866000000.0,USD,https://finance.yahoo.com/quote/AAL.L/financials
03564138,AAL.L,2025,55994000000.0,USD,https://finance.yahoo.com/quote/AAL.L/financials
01627889,ANTO.L,2022,18238300000.0,USD,https://finance.yahoo.com/quote/ANTO.L/financials
01627889,ANTO.L,2023,19647200000.0,USD,https://finance.yahoo.com/quote/ANTO.L/financials
01627889,ANTO.L,2024,22634900000.0,USD,https://finance.yahoo.com/quote/ANTO.L/financials
01627889,ANTO.L,2025,26418400000.0,USD,https://finance.yahoo.com/quote/ANTO.L/financials
00293262,ABF.L,2023,18844000000.0,GBP,https://finance.yahoo.com/quote/ABF.L/financials
00293262,ABF.L,2024,19014000000.0,GBP,https://finance.yahoo.com/quote/ABF.L/financials
00293262,ABF.L,2025,19291000000.0,GBP,https://finance.yahoo.com/quote/ABF.L/financials
02723534,AZN.L,2022,96483000000.0,USD,https://finance.yahoo.com/quote/AZN.L/financials
02723534,AZN.L,2023,101119000000.0,USD,https://finance.yahoo.com/quote/AZN.L/financials
02723534,AZN.L,2024,104035000000.0,USD,https://finance.yahoo.com/quote/AZN.L/financials
02723534,AZN.L,2025,114074000000.0,USD,https://finance.yahoo.com/quote/AZN.L/financials
02342138,BAB.L,2023,3309900000.0,GBP,https://finance.yahoo.com/quote/BAB.L/financials
02342138,BAB.L,2024,3503600000.0,GBP,https://finance.yahoo.com/quote/BAB.L/financials
02342138,BAB.L,2025,3690200000.0,GBP,https://finance.yahoo.com/quote/BAB.L/financials
02342138,BAB.L,2026,3930100000.0,GBP,https://finance.yahoo.com/quote/BAB.L/financials
09763575,BEZ.L,2022,11713000000.0,USD,https://finance.yahoo.com/quote/BEZ.L/financials
09763575,BEZ.L,2023,13665400000.0,USD,https://finance.yahoo.com/quote/BEZ.L/financials
09763575,BEZ.L,2024,15419000000.0,USD,https://finance.yahoo.com/quote/BEZ.L/financials
09763575,BEZ.L,2025,16193300000.0,USD,https://finance.yahoo.com/quote/BEZ.L/financials
03407696,BATS.L,2022,153546000000.0,GBP,https://finance.yahoo.com/quote/BATS.L/financials
03407696,BATS.L,2023,118716000000.0,GBP,https://finance.yahoo.com/quote/BATS.L/financials
03407696,BATS.L,2024,118899000000.0,GBP,https://finance.yahoo.com/quote/BATS.L/financials
03407696,BATS.L,2025,109290000000.0,GBP,https://finance.yahoo.com/quote/BATS.L/financials
00621920,BLND.L,2023,8290000000.0,GBP,https://finance.yahoo.com/quote/BLND.L/financials
00621920,BLND.L,2024,7974000000.0,GBP,https://finance.yahoo.com/quote/BLND.L/financials
00621920,BLND.L,2025,8875000000.0,GBP,https://finance.yahoo.com/quote/BLND.L/financials
00621920,BLND.L,2026,9360000000.0,GBP,https://finance.yahoo.com/quote/BLND.L/financials
00358948,BNZL.L,2022,8666800000.0,GBP,https://finance.yahoo.com/quote/BNZL.L/financials
00358948,BNZL.L,2023,8747200000.0,GBP,https://finance.yahoo.com/quote/BNZL.L/financials
00358948,BNZL.L,2024,9529200000.0,GBP,https://finance.yahoo.com/quote/BNZL.L/financials
00358948,BNZL.L,2025,8572200000.0,GBP,https://finance.yahoo.com/quote/BNZL.L/financials
03458224,BRBY.L,2023,3686000000.0,GBP,https://finance.yahoo.com/quote/BRBY.L/financials
03458224,BRBY.L,2024,3370000000.0,GBP,https://finance.yahoo.com/quote/BRBY.L/financials
03458224,BRBY.L,2025,3427000000.0,GBP,https://finance.yahoo.com/quote/BRBY.L/financials
03458224,BRBY.L,2026,3091000000.0,GBP,https://finance.yahoo.com/quote/BRBY.L/financials
03033654,CNA.L,2022,29038000000.0,GBP,https://finance.yahoo.com/quote/CNA.L/financials
03033654,CNA.L,2023,21366000000.0,GBP,https://finance.yahoo.com/quote/CNA.L/financials
03033654,CNA.L,2024,18733000000.0,GBP,https://finance.yahoo.com/quote/CNA.L/financials
03033654,CNA.L,2025,15415000000.0,GBP,https://finance.yahoo.com/quote/CNA.L/financials
09717350,CCEP.L,2022,29313000000.0,EUR,https://finance.yahoo.com/quote/CCEP.L/financials
09717350,CCEP.L,2023,29254000000.0,EUR,https://finance.yahoo.com/quote/CCEP.L/financials
09717350,CCEP.L,2024,31100000000.0,EUR,https://finance.yahoo.com/quote/CCEP.L/financials
09717350,CCEP.L,2025,29872000000.0,EUR,https://finance.yahoo.com/quote/CCEP.L/financials
04083914,CPG.L,2022,20928000000.0,USD,https://finance.yahoo.com/quote/CPG.L/financials
04083914,CPG.L,2023,21483000000.0,USD,https://finance.yahoo.com/quote/CPG.L/financials
04083914,CPG.L,2024,24349000000.0,USD,https://finance.yahoo.com/quote/CPG.L/financials
04083914,CPG.L,2025,26715000000.0,USD,https://finance.yahoo.com/quote/CPG.L/financials
10361298,CTEC.L,2022,3592000000.0,USD,https://finance.yahoo.com/quote/CTEC.L/financials
10361298,CTEC.L,2023,3713700000.0,USD,https://finance.yahoo.com/quote/CTEC.L/financials
10361298,CTEC.L,2024,3515000000.0,USD,https://finance.yahoo.com/quote/CTEC.L/financials
10361298,CTEC.L,2025,3781000000.0,USD,https://finance.yahoo.com/quote/CTEC.L/financials
06344120,FRES.L,2022,5914280000.0,USD,https://finance.yahoo.com/quote/FRES.L/financials
06344120,FRES.L,2023,5737606000.0,USD,https://finance.yahoo.com/quote/FRES.L/financials
06344120,FRES.L,2024,5880458000.0,USD,https://finance.yahoo.com/quote/FRES.L/financials
06344120,FRES.L,2025,7279268000.0,USD,https://finance.yahoo.com/quote/FRES.L/financials
02670969,GAW.L,2023,326800000.0,GBP,https://finance.yahoo.com/quote/GAW.L/financials
02670969,GAW.L,2024,351300000.0,GBP,https://finance.yahoo.com/quote/GAW.L/financials
02670969,GAW.L,2025,383000000.0,GBP,https://finance.yahoo.com/quote/GAW.L/financials
02670969,GAW.L,2026,466600000.0,GBP,https://finance.yahoo.com/quote/GAW.L/financials
00617987,HSBA.L,2022,2949286000000.0,USD,https://finance.yahoo.com/quote/HSBA.L/financials
00617987,HSBA.L,2023,3038677000000.0,USD,https://finance.yahoo.com/quote/HSBA.L/financials
00617987,HSBA.L,2024,3017048000000.0,USD,https://finance.yahoo.com/quote/HSBA.L/financials
00617987,HSBA.L,2025,3233034000000.0,USD,https://finance.yahoo.com/quote/HSBA.L/financials
13691224,HLN.L,2022,34815000000.0,GBP,https://finance.yahoo.com/quote/HLN.L/financials
13691224,HLN.L,2023,34055000000.0,GBP,https://finance.yahoo.com/quote/HLN.L/financials
13691224,HLN.L,2024,34315000000.0,GBP,https://finance.yahoo.com/quote/HLN.L/financials
13691224,HLN.L,2025,32630000000.0,GBP,https://finance.yahoo.com/quote/HLN.L/financials
02837811,HSX.L,2022,10363000000.0,USD,https://finance.yahoo.com/quote/HSX.L/financials
02837811,HSX.L,2023,11060500000.0,USD,https://finance.yahoo.com/quote/HSX.L/financials
02837811,HSX.L,2024,11240800000.0,USD,https://finance.yahoo.com/quote/HSX.L/financials
02837811,HSX.L,2025,12189200000.0,USD,https://finance.yahoo.com/quote/HSX.L/financials
04677092,IGG.L,2022,3126100000.0,GBP,https://finance.yahoo.com/quote/IGG.L/financials
04677092,IGG.L,2023,2995200000.0,GBP,https://finance.yahoo.com/quote/IGG.L/financials
04677092,IGG.L,2024,2940900000.0,GBP,https://finance.yahoo.com/quote/IGG.L/financials
04677092,IGG.L,2025,3064400000.0,GBP,https://finance.yahoo.com/quote/IGG.L/financials
00714275,IMI.L,2022,2529800000.0,GBP,https://finance.yahoo.com/quote/IMI.L/financials
00714275,IMI.L,2023,2470400000.0,GBP,https://finance.yahoo.com/quote/IMI.L/financials
00714275,IMI.L,2024,2490500000.0,GBP,https://finance.yahoo.com/quote/IMI.L/financials
00714275,IMI.L,2025,2480100000.0,GBP,https://finance.yahoo.com/quote/IMI.L/financials
00511276,IMB.L,2022,30958000000.0,GBP,https://finance.yahoo.com/quote/IMB.L/financials
00511276,IMB.L,2023,29491000000.0,GBP,https://finance.yahoo.com/quote/IMB.L/financials
00511276,IMB.L,2024,27826000000.0,GBP,https://finance.yahoo.com/quote/IMB.L/financials
00511276,IMB.L,2025,28715000000.0,GBP,https://finance.yahoo.com/quote/IMB.L/financials
08860726,INF.L,2022,12145700000.0,GBP,https://finance.yahoo.com/quote/INF.L/financials
08860726,INF.L,2023,11524200000.0,GBP,https://finance.yahoo.com/quote/INF.L/financials
08860726,INF.L,2024,13690700000.0,GBP,https://finance.yahoo.com/quote/INF.L/financials
08860726,INF.L,2025,12324800000.0,GBP,https://finance.yahoo.com/quote/INF.L/financials
04267576,ITRK.L,2022,3660300000.0,GBP,https://finance.yahoo.com/quote/ITRK.L/financials
04267576,ITRK.L,2023,3537900000.0,GBP,https://finance.yahoo.com/quote/ITRK.L/financials
04267576,ITRK.L,2024,3599300000.0,GBP,https://finance.yahoo.com/quote/ITRK.L/financials
04267576,ITRK.L,2025,3761500000.0,GBP,https://finance.yahoo.com/quote/ITRK.L/financials
03633621,INVP.L,2023,58127391000.0,GBP,https://finance.yahoo.com/quote/INVP.L/financials
03633621,INVP.L,2024,56911899000.0,GBP,https://finance.yahoo.com/quote/INVP.L/financials
03633621,INVP.L,2025,58276386000.0,GBP,https://finance.yahoo.com/quote/INVP.L/financials
03633621,INVP.L,2026,63833640000.0,GBP,https://finance.yahoo.com/quote/INVP.L/financials
01888425,JD.L,2023,8110600000.0,GBP,https://finance.yahoo.com/quote/JD.L/financials
01888425,JD.L,2024,8048000000.0,GBP,https://finance.yahoo.com/quote/JD.L/financials
01888425,JD.L,2025,9959000000.0,GBP,https://finance.yahoo.com/quote/JD.L/financials
01888425,JD.L,2026,9791000000.0,GBP,https://finance.yahoo.com/quote/JD.L/financials
01664812,KGF.L,2023,12103000000.0,GBP,https://finance.yahoo.com/quote/KGF.L/financials
01664812,KGF.L,2024,11900000000.0,GBP,https://finance.yahoo.com/quote/KGF.L/financials
01664812,KGF.L,2025,11443000000.0,GBP,https://finance.yahoo.com/quote/KGF.L/financials
01664812,KGF.L,2026,11398000000.0,GBP,https://finance.yahoo.com/quote/KGF.L/financials
10917019,BGEO.L,2022,28901900000.0,GEL,https://finance.yahoo.com/quote/BGEO.L/financials
10917019,BGEO.L,2023,31757558000.0,GEL,https://finance.yahoo.com/quote/BGEO.L/financials
10917019,BGEO.L,2024,52207888000.0,GEL,https://finance.yahoo.com/quote/BGEO.L/financials
10917019,BGEO.L,2025,60869856000.0,GEL,https://finance.yahoo.com/quote/BGEO.L/financials
05369106,LSEG.L,2022,835156000000.0,GBP,https://finance.yahoo.com/quote/LSEG.L/financials
05369106,LSEG.L,2023,805010000000.0,GBP,https://finance.yahoo.com/quote/LSEG.L/financials
05369106,LSEG.L,2024,732819000000.0,GBP,https://finance.yahoo.com/quote/LSEG.L/financials
05369106,LSEG.L,2025,796704000000.0,GBP,https://finance.yahoo.com/quote/LSEG.L/financials
07124797,LMP.L,2023,3078000000.0,GBP,https://finance.yahoo.com/quote/LMP.L/financials
07124797,LMP.L,2024,6478600000.0,GBP,https://finance.yahoo.com/quote/LMP.L/financials
07124797,LMP.L,2025,6607600000.0,GBP,https://finance.yahoo.com/quote/LMP.L/financials
07124797,LMP.L,2026,8156100000.0,GBP,https://finance.yahoo.com/quote/LMP.L/financials
04256886,MKS.L,2023,9097800000.0,GBP,https://finance.yahoo.com/quote/MKS.L/financials
04256886,MKS.L,2024,8682200000.0,GBP,https://finance.yahoo.com/quote/MKS.L/financials
04256886,MKS.L,2025,8821400000.0,GBP,https://finance.yahoo.com/quote/MKS.L/financials
04256886,MKS.L,2026,10114800000.0,GBP,https://finance.yahoo.com/quote/MKS.L/financials
09800044,MRO.L,2022,14179000000.0,GBP,https://finance.yahoo.com/quote/MRO.L/financials
09800044,MRO.L,2023,7104000000.0,GBP,https://finance.yahoo.com/quote/MRO.L/financials
09800044,MRO.L,2024,7436000000.0,GBP,https://finance.yahoo.com/quote/MRO.L/financials
09800044,MRO.L,2025,7596000000.0,GBP,https://finance.yahoo.com/quote/MRO.L/financials
15944520,MTLN.L,2022,6983423000.0,EUR,https://finance.yahoo.com/quote/MTLN.L/financials
15944520,MTLN.L,2023,8040546000.0,EUR,https://finance.yahoo.com/quote/MTLN.L/financials
15944520,MTLN.L,2024,10668120000.0,EUR,https://finance.yahoo.com/quote/MTLN.L/financials
15944520,MTLN.L,2025,11431597000.0,EUR,https://finance.yahoo.com/quote/MTLN.L/financials
11785532,NWG.L,2022,720053000000.0,GBP,https://finance.yahoo.com/quote/NWG.L/financials
11785532,NWG.L,2023,692673000000.0,GBP,https://finance.yahoo.com/quote/NWG.L/financials
11785532,NWG.L,2024,707985000000.0,GBP,https://finance.yahoo.com/quote/NWG.L/financials
11785532,NWG.L,2025,714553000000.0,GBP,https://finance.yahoo.com/quote/NWG.L/financials
05525338,PSN.L,2022,5034100000.0,GBP,https://finance.yahoo.com/quote/PSN.L/financials
05525338,PSN.L,2023,4787800000.0,GBP,https://finance.yahoo.com/quote/PSN.L/financials
05525338,PSN.L,2024,4833400000.0,GBP,https://finance.yahoo.com/quote/PSN.L/financials
05525338,PSN.L,2025,5318200000.0,GBP,https://finance.yahoo.com/quote/PSN.L/financials
05393279,RTO.L,2022,14452203168.302452,USD,https://finance.yahoo.com/quote/RTO.L/financials
05393279,RTO.L,2023,14173000000.0,USD,https://finance.yahoo.com/quote/RTO.L/financials
05393279,RTO.L,2024,13211000000.0,USD,https://finance.yahoo.com/quote/RTO.L/financials
05393279,RTO.L,2025,14434000000.0,USD,https://finance.yahoo.com/quote/RTO.L/financials
03909886,SDR.L,2022,21334600000.0,GBP,https://finance.yahoo.com/quote/SDR.L/financials
03909886,SDR.L,2023,20628900000.0,GBP,https://finance.yahoo.com/quote/SDR.L/financials
03909886,SDR.L,2024,20949900000.0,GBP,https://finance.yahoo.com/quote/SDR.L/financials
03909886,SDR.L,2025,24612700000.0,GBP,https://finance.yahoo.com/quote/SDR.L/financials
SC007058,SMT.L,2023,13346574000.0,GBP,https://finance.yahoo.com/quote/SMT.L/financials
SC007058,SMT.L,2024,14508672000.0,GBP,https://finance.yahoo.com/quote/SMT.L/financials
SC007058,SMT.L,2025,13744255000.0,GBP,https://finance.yahoo.com/quote/SMT.L/financials
SC007058,SMT.L,2026,15464442000.0,GBP,https://finance.yahoo.com/quote/SMT.L/financials
13246881,SGRO.L,2022,17348000000.0,GBP,https://finance.yahoo.com/quote/SGRO.L/financials
13246881,SGRO.L,2023,17306000000.0,GBP,https://finance.yahoo.com/quote/SGRO.L/financials
13246881,SGRO.L,2024,17574000000.0,GBP,https://finance.yahoo.com/quote/SGRO.L/financials
13246881,SGRO.L,2025,18181000000.0,GBP,https://finance.yahoo.com/quote/SGRO.L/financials
02366619,SVT.L,2022,11554200000.0,GBP,https://finance.yahoo.com/quote/SVT.L/financials
02366619,SVT.L,2023,12148600000.0,GBP,https://finance.yahoo.com/quote/SVT.L/financials
02366619,SVT.L,2024,14203700000.0,GBP,https://finance.yahoo.com/quote/SVT.L/financials
02366619,SVT.L,2025,15909700000.0,GBP,https://finance.yahoo.com/quote/SVT.L/financials
00054485,SHEL.L,2022,443024000000.0,USD,https://finance.yahoo.com/quote/SHEL.L/financials
00054485,SHEL.L,2023,406270000000.0,USD,https://finance.yahoo.com/quote/SHEL.L/financials
00054485,SHEL.L,2024,387609000000.0,USD,https://finance.yahoo.com/quote/SHEL.L/financials
00054485,SHEL.L,2025,370350000000.0,USD,https://finance.yahoo.com/quote/SHEL.L/financials
00324357,SN.L,2022,9966000000.0,USD,https://finance.yahoo.com/quote/SN.L/financials
00324357,SN.L,2023,9987000000.0,USD,https://finance.yahoo.com/quote/SN.L/financials
00324357,SN.L,2024,10354000000.0,USD,https://finance.yahoo.com/quote/SN.L/financials
00324357,SN.L,2025,10457000000.0,USD,https://finance.yahoo.com/quote/SN.L/financials
00137013,SMIN.L,2022,5223000000.0,GBP,https://finance.yahoo.com/quote/SMIN.L/financials
00137013,SMIN.L,2023,4381000000.0,GBP,https://finance.yahoo.com/quote/SMIN.L/financials
00137013,SMIN.L,2024,4232000000.0,GBP,https://finance.yahoo.com/quote/SMIN.L/financials
15436803,SPX.L,2022,2784900000.0,GBP,https://finance.yahoo.com/quote/SPX.L/financials
15436803,SPX.L,2023,2708400000.0,GBP,https://finance.yahoo.com/quote/SPX.L/financials
15436803,SPX.L,2024,2645000000.0,GBP,https://finance.yahoo.com/quote/SPX.L/financials
15436803,SPX.L,2025,2661100000.0,GBP,https://finance.yahoo.com/quote/SPX.L/financials
03183415,STJ.L,2022,151685500000.0,GBP,https://finance.yahoo.com/quote/STJ.L/financials
03183415,STJ.L,2023,172293100000.0,GBP,https://finance.yahoo.com/quote/STJ.L/financials
03183415,STJ.L,2024,194875100000.0,GBP,https://finance.yahoo.com/quote/STJ.L/financials
03183415,STJ.L,2025,224877500000.0,GBP,https://finance.yahoo.com/quote/STJ.L/financials
00966425,STAN.L,2022,819922000000.0,USD,https://finance.yahoo.com/quote/STAN.L/financials
00966425,STAN.L,2023,822844000000.0,USD,https://finance.yahoo.com/quote/STAN.L/financials
00966425,STAN.L,2024,849688000000.0,USD,https://finance.yahoo.com/quote/STAN.L/financials
00966425,STAN.L,2025,919955000000.0,USD,https://finance.yahoo.com/quote/STAN.L/financials
11606773,SDLF.L,2022,281040000000.0,GBP,https://finance.yahoo.com/quote/SDLF.L/financials
11606773,SDLF.L,2023,299393000000.0,GBP,https://finance.yahoo.com/quote/SDLF.L/financials
11606773,SDLF.L,2024,307857000000.0,GBP,https://finance.yahoo.com/quote/SDLF.L/financials
11606773,SDLF.L,2025,332241000000.0,GBP,https://finance.yahoo.com/quote/SDLF.L/financials
08215888,BBOX.L,2022,5155100000.0,GBP,https://finance.yahoo.com/quote/BBOX.L/financials
08215888,BBOX.L,2023,5102000000.0,GBP,https://finance.yahoo.com/quote/BBOX.L/financials
08215888,BBOX.L,2024,6698700000.0,GBP,https://finance.yahoo.com/quote/BBOX.L/financials
08215888,BBOX.L,2025,8045800000.0,GBP,https://finance.yahoo.com/quote/BBOX.L/financials
01833679,VOD.L,2023,155521000000.0,EUR,https://finance.yahoo.com/quote/VOD.L/financials
01833679,VOD.L,2024,144350000000.0,EUR,https://finance.yahoo.com/quote/VOD.L/financials
01833679,VOD.L,2025,128521000000.0,EUR,https://finance.yahoo.com/quote/VOD.L/financials
01833679,VOD.L,2026,129918000000.0,EUR,https://finance.yahoo.com/quote/VOD.L/financials
SC002934,WEIR.L,2022,4055900000.0,GBP,https://finance.yahoo.com/quote/WEIR.L/financials
SC002934,WEIR.L,2023,3892700000.0,GBP,https://finance.yahoo.com/quote/WEIR.L/financials
SC002934,WEIR.L,2024,3785000000.0,GBP,https://finance.yahoo.com/quote/WEIR.L/financials
SC002934,WEIR.L,2025,4539500000.0,GBP,https://finance.yahoo.com/quote/WEIR.L/financials
04120344,WTB.L,2023,9942800000.0,GBP,https://finance.yahoo.com/quote/WTB.L/financials
04120344,WTB.L,2024,9521300000.0,GBP,https://finance.yahoo.com/quote/WTB.L/financials
04120344,WTB.L,2025,9904700000.0,GBP,https://finance.yahoo.com/quote/WTB.L/financials
04120344,WTB.L,2026,9568600000.0,GBP,https://finance.yahoo.com/quote/WTB.L/financials
02468686,AV.L,2022,309583000000.0,GBP,https://finance.yahoo.com/quote/AV.L/financials
02468686,AV.L,2023,328843000000.0,GBP,https://finance.yahoo.com/quote/AV.L/financials
02468686,AV.L,2024,353883000000.0,GBP,https://finance.yahoo.com/quote/AV.L/financials
02468686,AV.L,2025,395304000000.0,GBP,https://finance.yahoo.com/quote/AV.L/financials
01470151,BA.L,2022,31462000000.0,GBP,https://finance.yahoo.com/quote/BA.L/financials
01470151,BA.L,2023,32064000000.0,GBP,https://finance.yahoo.com/quote/BA.L/financials
01470151,BA.L,2024,38142000000.0,GBP,https://finance.yahoo.com/quote/BA.L/financials
01470151,BA.L,2025,37679000000.0,GBP,https://finance.yahoo.com/quote/BA.L/financials
00048839,BARC.L,2022,1513699000000.0,GBP,https://finance.yahoo.com/quote/BARC.L/financials
00048839,BARC.L,2023,1477487000000.0,GBP,https://finance.yahoo.com/quote/BARC.L/financials
00048839,BARC.L,2024,1518202000000.0,GBP,https://finance.yahoo.com/quote/BARC.L/financials
00048839,BARC.L,2025,1544165000000.0,GBP,https://finance.yahoo.com/quote/BARC.L/financials
03110569,CCC.L,2022,3244000000.0,GBP,https://finance.yahoo.com/quote/CCC.L/financials
03110569,CCC.L,2023,3058000000.0,GBP,https://finance.yahoo.com/quote/CCC.L/financials
03110569,CCC.L,2024,3366000000.0,GBP,https://finance.yahoo.com/quote/CCC.L/financials
03110569,CCC.L,2025,4063900000.0,GBP,https://finance.yahoo.com/quote/CCC.L/financials
00206132,CRDA.L,2022,3611900000.0,GBP,https://finance.yahoo.com/quote/CRDA.L/financials
00206132,CRDA.L,2023,3579200000.0,GBP,https://finance.yahoo.com/quote/CRDA.L/financials
00206132,CRDA.L,2024,3509300000.0,GBP,https://finance.yahoo.com/quote/CRDA.L/financials
00206132,CRDA.L,2025,3411000000.0,GBP,https://finance.yahoo.com/quote/CRDA.L/financials
FC029884,IAG.L,2022,39303000000.0,EUR,https://finance.yahoo.com/quote/IAG.L/financials
FC029884,IAG.L,2023,37680000000.0,EUR,https://finance.yahoo.com/quote/IAG.L/financials
FC029884,IAG.L,2024,43804000000.0,EUR,https://finance.yahoo.com/quote/IAG.L/financials
FC029884,IAG.L,2025,42849000000.0,EUR,https://finance.yahoo.com/quote/IAG.L/financials
04369054,LAND.L,2023,10966000000.0,GBP,https://finance.yahoo.com/quote/LAND.L/financials
04369054,LAND.L,2024,10664000000.0,GBP,https://finance.yahoo.com/quote/LAND.L/financials
04369054,LAND.L,2025,11621000000.0,GBP,https://finance.yahoo.com/quote/LAND.L/financials
04369054,LAND.L,2026,11540000000.0,GBP,https://finance.yahoo.com/quote/LAND.L/financials
