company_number,company_name,legal_birth_year,legal_birth_date_exact,legal_birth_precision,legal_birth_source_url,operating_birth_year,operating_birth_precision,operating_birth_type,operating_birth_source_url,operating_birth_context,audit_status,verification,operating_birth_date
01142830,3i Group,1973.0,1973-11-01,day,https://find-and-update.company-information.service.gov.uk/company/01142830,1945.0,year,organic_business,https://www.3i.com/about-us/our-history/,"3i founded in 1945; 1973 is incorporation of Finance for Industry plc, a later legal vehicle.",CONTEXT_COHERENT_PRIOR_EVIDENCE,reliable_committed,
09496208,AMEC,1883.0,,year,https://en.wikipedia.org/wiki/Amec_Foster_Wheeler,1883.0,year,predecessor_continuity,https://en.wikipedia.org/wiki/Amec_Foster_Wheeler,"The cited AMEC history states AMEC was formed in 1982 by the merger of Leonard Fairclough & Son (founded 1883) and William Press Group. The 1883 operating-birth date is therefore retained only as the earliest explicitly linked predecessor lineage, not as AMEC's direct formation date.",PASS_LINEAGE_RECLASSIFIED,reliable_committed,
11299879,ARM Holdings,1990.0,,month,https://en.wikipedia.org/wiki/Arm_Holdings,,year,organic_business,https://newsroom.arm.com/blog/arm-official-history,Arm was founded as a company in November 1990 as Advanced RISC Machines Ltd.,CONTEXT_COHERENT_PRIOR_EVIDENCE,reliable_committed,
01396513,ASDA Group (formerly Associated,1978.0,1978-10-27,day,https://find-and-update.company-information.service.gov.uk/company/01396513,,month,business_creation_from_predecessors,https://corporate.asda.com/our-story/our-history,ASDA was born on 3 May 1965 from the Asquith/Associated Dairies partnership; the 1978 CH company is a later legal vehicle.,CONTEXT_COHERENT_PRIOR_EVIDENCE,reliable_committed,
00710383,Abbey Life,1961.0,1961-12-12,day,https://find-and-update.company-information.service.gov.uk/company/00710383,,month,organic_business,https://www.phoenixlife.co.uk/about-phoenix-life/our-history,Phoenix states Abbey Life was founded and incorporated 12 Dec 1961.,CONTEXT_COHERENT_PRIOR_EVIDENCE,reliable_committed,
02294747,Abbey National,1988.0,1988-09-12,day,https://find-and-update.company-information.service.gov.uk/company/02294747,1874.0,year,predecessor_continuity,https://en.wikipedia.org/wiki/Abbey_National,Abbey traces to the Abbey Road building society founded in 1874; the 1988 CH company is not the business birth.,CONTEXT_COHERENT_PRIOR_EVIDENCE,reliable_committed,
16133984,Aberdeen Asset Management,1983.0,,year,https://en.wikipedia.org/wiki/Aberdeen_Asset_Management,1983.0,year,organic_business,https://www.aberdeenplc.com/docs?documentId=GB-280720-122228-1,Aberdeen was formed in 1983 as Aberdeen Fund Managers Limited.,CONTEXT_COHERENT_PRIOR_EVIDENCE,reliable_committed,
03849958,Admiral Group,1999.0,1999-09-24,day,https://find-and-update.company-information.service.gov.uk/company/03849958,,month,organic_business,https://www.admiralgroup.co.uk/who-we-are/our-milestones,Admiral launched and sold its first policy on 2 January 1993; the 1999 CH date reflects the post-MBO holding structure.,CONTEXT_COHERENT_PRIOR_EVIDENCE,reliable_committed,
SC177553,Aggreko,1997.0,1997-07-23,day,https://find-and-update.company-information.service.gov.uk/company/SC177553,1962.0,year,organic_business,https://en.wikipedia.org/wiki/Aggreko,Aggreko was founded in the Netherlands in 1962; 1997 is the demerger/listed-company date.,CONTEXT_COHERENT_PRIOR_EVIDENCE,reliable_committed,
11462215,Airtel Africa,2018.0,2018-07-12,day,https://find-and-update.company-information.service.gov.uk/company/11462215,2010.0,year,regional_business_formation,https://www.airtel.africa/history,Airtel's African operating platform dates from Bharti Airtel's June 2010 acquisition of Zain's African operations; the UK plc was incorporated in 2018.,CONTEXT_COHERENT_PRIOR_EVIDENCE,reliable_committed,
03263713,Alliance & Leicester,1996.0,1996-10-10,day,https://find-and-update.company-information.service.gov.uk/company/03263713,,month,merger_created_business,https://en.wikipedia.org/wiki/Alliance_%26_Leicester,Alliance & Leicester Building Society was created by merger in 1985; 1996 is the flotation vehicle incorporation.,CONTEXT_COHERENT_PRIOR_EVIDENCE,reliable_committed,
04452715,Alliance Boots,1849.0,,year,https://en.wikipedia.org/wiki/Boots_(company),1849.0,year,predecessor_continuity,https://en.wikipedia.org/wiki/Alliance_Boots,"Boots was founded in 1849 and later merged with Alliance UniChem, with the merger becoming effective in 2006 to create Alliance Boots. The 1849 value is retained only as the Boots operating lineage feeding directly into Alliance Boots, not as Alliance Boots' direct formation date.",PASS_LINEAGE_RECLASSIFIED,reliable_committed,
SC001731,Alliance Witan,1888.0,1888-04-21,day,https://find-and-update.company-information.service.gov.uk/company/SC001731,,month,predecessor_continuity,https://www.alliancewitan.com/about-us/company-history,"Uses Alliance Trust operating lineage; 2024 Alliance Witan is a merger, so not a genuinely new operating business.",CONTEXT_COHERENT_PRIOR_EVIDENCE,reliable_committed,
03771147,Allied Domecq,1961.0,,year,https://en.wikipedia.org/wiki/Allied_Breweries,1961.0,year,predecessor_continuity,https://en.wikipedia.org/wiki/Allied_Domecq,"Allied Breweries was formed in 1961; it merged with J. Lyons in 1978 to form Allied Lyons, which then merged with Pedro Domecq in 1994 to form Allied Domecq. The 1961 date is retained only as the explicitly traceable Allied predecessor lineage.",PASS_LINEAGE_RECLASSIFIED,reliable_committed,
03525388,Allied Zurich,1998.0,1998-03-05,day,https://find-and-update.company-information.service.gov.uk/company/03525388,,month,merger_created_business,https://eur-lex.europa.eu/legal-content/EN/TXT/?uri=CELEX%3A31998M1043,"Allied Zurich was one leg of the 1998 Zurich/B.A.T. financial-services merger; treat as a merger-created constituent, not a startup.",CONTEXT_COHERENT_PRIOR_EVIDENCE,reliable_committed,
15698920,Amstrad,1968.0,,month,https://en.wikipedia.org/wiki/Amstrad,1968.0,year,,https://en.wikipedia.org/wiki/Amstrad,source-read verified (CONFIRMED),VERIFIED_SOURCE_READ,reliable_verified,
00308372,Amvescap,1935.0,1935-12-19,day,https://find-and-update.company-information.service.gov.uk/company/00308372,1997.0,year,merger_created_business,https://www.sec.gov/Archives/edgar/data/914208/000095014407003246/g06401e20vf.htm,AMVESCAP in its modern form was created by the 1997 combination of INVESCO and AIM.,CONTEXT_COHERENT_PRIOR_EVIDENCE,reliable_committed,
07476767,Anglian Water,1974.0,,month,https://en.wikipedia.org/wiki/Anglian_Water_Authority,1974.0,year,,https://en.wikipedia.org/wiki/Anglian_Water_Authority,source-read verified (CONFIRMED),VERIFIED_SOURCE_READ,reliable_verified,
03564138,Anglo American,1998.0,1998-05-14,day,https://find-and-update.company-information.service.gov.uk/company/03564138,1917.0,year,organic_business,https://en.wikipedia.org/wiki/Anglo_American_plc,Anglo American was founded in 1917; 1998 is the UK plc holding-company incorporation.,CONTEXT_COHERENT_PRIOR_EVIDENCE,reliable_committed,
01627889,Antofagasta,1982.0,1982-04-07,day,https://find-and-update.company-information.service.gov.uk/company/01627889,1888.0,year,predecessor_continuity,https://www.antofagasta.co.uk/media/4365/antofagasta-listing-memorandum-final-version.pdf,Antofagasta traces its business to the railway company formed in 1888.,CONTEXT_COHERENT_PRIOR_EVIDENCE,reliable_committed,
01081551,Argos plc,1972.0,1972-11-13,day,https://find-and-update.company-information.service.gov.uk/company/01081551,,month,organic_business,https://en.wikipedia.org/wiki/Argos_(retailer),Argos catalogue retailing began in July 1973.,CONTEXT_COHERENT_PRIOR_EVIDENCE,reliable_committed,
SC544125,Argyll Group,1977.0,,year,https://en.wikipedia.org/wiki/Argyll_Foods,1977.0,year,,https://en.wikipedia.org/wiki/Argyll_Foods,source-read verified (CONFIRMED),VERIFIED_SOURCE_READ,reliable_verified,
03675683,Ashmore Group,1998.0,1998-11-30,day,https://find-and-update.company-information.service.gov.uk/company/03675683,1992.0,year,organic_business,https://www.ashmoregroup.com/en-gb/about-us,Ashmore's business was founded in 1992 within ANZ and became independent in 1999.,CONTEXT_COHERENT_PRIOR_EVIDENCE,reliable_committed,
01807982,Ashtead Group,1984.0,1984-04-11,day,https://find-and-update.company-information.service.gov.uk/company/01807982,1947.0,year,organic_business,https://uk.linkedin.com/company/ashtead-group-plc,Ashtead's operating business dates to 1947; 1984 is the plc incorporation.,CONTEXT_COHERENT_PRIOR_EVIDENCE,reliable_committed,
00293262,Associated British Foods,1934.0,1934-10-20,day,https://find-and-update.company-information.service.gov.uk/company/00293262,1935.0,year,organic_business,https://www.abf.co.uk/content/dam/abf/corporate/Documents/Responsibility/Archive/abf-corporate-responsibility-report-update-2015.pdf.downloadasset.pdf,ABF states that it started as a bakery business in 1935.,CONTEXT_COHERENT_PRIOR_EVIDENCE,reliable_committed,
09439967,Auto Trader Group,2015.0,2015-02-13,day,https://find-and-update.company-information.service.gov.uk/company/09439967,1977.0,year,organic_business,https://en.wikipedia.org/wiki/Autotrader_Group,Auto Trader began as Thames Valley Trader in 1977; 2015 is the IPO holding-company incorporation.,CONTEXT_COHERENT_PRIOR_EVIDENCE,reliable_committed,
07118170,Avast,2010.0,2010-01-07,day,https://find-and-update.company-information.service.gov.uk/company/07118170,1988.0,year,organic_business,https://en.wikipedia.org/wiki/Avast,Avast was founded in 1988 as Alwil Software; 2010 is a later UK corporate vehicle.,CONTEXT_COHERENT_PRIOR_EVIDENCE,reliable_committed,
02937296,Aveva Group,1994.0,1994-06-09,day,https://find-and-update.company-information.service.gov.uk/company/02937296,1967.0,year,business_origin,https://en.wikipedia.org/wiki/Aveva,AVEVA traces to the 1967 CADCentre at Cambridge; 1994 is a later company incorporation.,CONTEXT_COHERENT_PRIOR_EVIDENCE,reliable_committed,
00233112,B.A.T. Industries Plc,1928.0,1928-09-03,day,https://find-and-update.company-information.service.gov.uk/company/00233112,1976.0,year,holding_company_reorganisation,https://download.industrydocuments.ucsf.edu/x/h/f/j/xhfj0212/xhfj0212.pdf,B.A.T Industries operating group structure was created in 1976; underlying BAT tobacco business dates to 1902.,CONTEXT_COHERENT_PRIOR_EVIDENCE,reliable_committed,
05757208,BAA,1965.0,,year,https://www.gracesguide.co.uk/British_Airports_Authority,1965.0,year,,https://www.gracesguide.co.uk/British_Airports_Authority,source-read verified (CONFIRMED),VERIFIED_SOURCE_READ,reliable_verified,
03196209,BHP Group Plc,1885.0,,month,https://en.wikipedia.org/wiki/BHP,1885.0,day,,https://en.wikipedia.org/wiki/BHP,source-read verified (CONFIRMED),VERIFIED_SOURCE_READ,reliable_verified,1885-08-13
16237399,BICC,1870.0,,year,https://en.wikipedia.org/wiki/British_Insulated_Callender's_Cables,1870.0,year,predecessor_continuity,https://collection.sciencemuseumgroup.org.uk/people/cp20292/british-insulated-callenders-cables-plc,"Science Museum Group dates BICC lineage to Callender's Cable & Construction Company, formed in 1870.",CONTEXT_COHERENT_PRIOR_EVIDENCE,reliable_committed,
00337663,BOC,1938.0,1938-03-08,day,https://find-and-update.company-information.service.gov.uk/company/00337663,1886.0,year,organic_business,https://en.wikipedia.org/wiki/BOC_(company),Brin's Oxygen Company began operating in 1886.,CONTEXT_COHERENT_PRIOR_EVIDENCE,reliable_committed,
00102498,BP,1909.0,1909-04-14,day,https://find-and-update.company-information.service.gov.uk/company/00102498,1909.0,year,organic_business,https://www.bp.com/content/dam/bp/business-sites/en/global/corporate/pdfs/investors/bp-foi-2006-2010-introduction-and-history.pdf,Anglo-Persian Oil Company was incorporated in 1909 to commercialise the Masjid-i-Suleiman discovery.,CONTEXT_COHERENT_PRIOR_EVIDENCE,reliable_committed,
00147271,BPB,1917.0,1917-04-24,day,https://find-and-update.company-information.service.gov.uk/company/00147271,1917.0,year,organic_business,https://en.wikipedia.org/wiki/BPB_plc,British Plaster Board operating business was established in 1917.,CONTEXT_COHERENT_PRIOR_EVIDENCE,reliable_committed,
04190816,BT Group,2001.0,2001-03-30,day,https://find-and-update.company-information.service.gov.uk/company/04190816,,month,holding_company_reorganisation,https://find-and-update.company-information.service.gov.uk/company/04190816,BT Group plc was inserted as a new holding company in 2001; British Telecommunications' business predates it.,CONTEXT_COHERENT_PRIOR_EVIDENCE,reliable_committed,
02342138,Babcock International Group,1891.0,,month,https://en.wikipedia.org/wiki/Babcock_%26_Wilcox_Ltd,1891.0,year,,https://en.wikipedia.org/wiki/Babcock_%26_Wilcox_Ltd,source-read verified (CONFIRMED),VERIFIED_SOURCE_READ,reliable_verified,
00395826,Balfour Beatty,1945.0,1945-05-31,day,https://find-and-update.company-information.service.gov.uk/company/00395826,,month,organic_business,https://www.balfourbeatty.com/about-us/our-story/,Balfour Beatty opened for business on 12 January 1909; the supplied 1945 company was not the original operating company.,CONTEXT_COHERENT_PRIOR_EVIDENCE,reliable_committed,
SC327000,Bank of Scotland,1695.0,,month,https://en.wikipedia.org/wiki/Bank_of_Scotland,1695.0,day,,https://en.wikipedia.org/wiki/Bank_of_Scotland,source-read verified (CONFIRMED),VERIFIED_SOURCE_READ,reliable_verified,1695-07-17
00048839,Barclays,1896.0,1896-07-20,day,https://find-and-update.company-information.service.gov.uk/company/00048839,,month,predecessor_continuity,https://www.banking.barclaysus.com/who-we-are.html?-717518830=&refid=BBDBDBHBS001901,Barclays traces continuously to Freame & Gould beginning banking on 17 November 1690; 1896 is a later incorporated entity.,CONTEXT_COHERENT_PRIOR_EVIDENCE,reliable_committed,
15998687,Barratt Developments,1958.0,,year,https://en.wikipedia.org/wiki/Barratt_Developments,1958.0,year,,https://en.wikipedia.org/wiki/Barratt_Developments,source-read verified (CONFIRMED),VERIFIED_SOURCE_READ,reliable_verified,
09763575,Beazley,2015.0,2015-09-04,day,https://find-and-update.company-information.service.gov.uk/company/09763575,1986.0,year,organic_business,https://en.wikipedia.org/wiki/Beazley_Group,Beazley was founded in 1986; 2015 is a later plc holding-company incorporation.,CONTEXT_COHERENT_PRIOR_EVIDENCE,reliable_committed,
00227531,Beecham Group,1928.0,1928-01-23,day,https://find-and-update.company-information.service.gov.uk/company/00227531,1859.0,year,organic_business,https://www.gsk.com/en-gb/company/history-and-heritage/,Beecham's factory/business dates to 1859 (with the founder's shop from 1848); 1928 is a later incorporated entity.,CONTEXT_COHERENT_PRIOR_EVIDENCE,reliable_committed,
02707046,Berisford (S & W),1851.0,,year,https://en.wikipedia.org/wiki/Enodis,1851.0,year,organic_business,https://www.sec.gov/Archives/edgar/data/61986/000119312516467650/d133002dex991.htm,SEC-filed company history states Samuel and William Berisford founded the business in 1851.,CONTEXT_COHERENT_PRIOR_EVIDENCE,reliable_committed,
07767799,Blue Arrow,1959.0,,month,https://en.wikipedia.org/wiki/Blue_Arrow,1959.0,day,,https://en.wikipedia.org/wiki/Blue_Arrow,source-read verified (CONFIRMED),VERIFIED_SOURCE_READ,reliable_verified,1959-11-10
09876996,Bowater,1881.0,,year,https://en.wikipedia.org/wiki/William_Vansittart_Bowater,1881.0,year,,https://en.wikipedia.org/wiki/William_Vansittart_Bowater,source-read verified (CONFIRMED),VERIFIED_SOURCE_READ,reliable_verified,
03938288,Bradford & Bingley,2000.0,2000-02-28,day,https://find-and-update.company-information.service.gov.uk/company/03938288,1964.0,year,merger_created_business,https://en.wikipedia.org/wiki/Bradford_%26_Bingley,Bradford & Bingley Building Society was formed by the 1964 merger.,CONTEXT_COHERENT_PRIOR_EVIDENCE,reliable_committed,
01470151,British Aerospace,1979.0,1979-12-31,day,https://find-and-update.company-information.service.gov.uk/company/01470151,,month,merger_created_business,https://en.wikipedia.org/wiki/British_Aerospace,British Aerospace was formed on 29 Apr 1977 from nationalised aerospace businesses.,CONTEXT_COHERENT_PRIOR_EVIDENCE,reliable_committed,
01777777,British Airways,1983.0,1983-12-13,day,https://find-and-update.company-information.service.gov.uk/company/01777777,1974.0,year,merger_created_business,https://en.wikipedia.org/wiki/History_of_British_Airways,"The present British Airways business was formed in 1974 by combining BOAC, BEA and regional airlines.",CONTEXT_COHERENT_PRIOR_EVIDENCE,reliable_committed,
03407696,British American Tobacco,1997.0,1997-07-23,day,https://find-and-update.company-information.service.gov.uk/company/03407696,1902.0,year,merger_joint_venture_creation,https://www.bat.com/content/dam/batcom/global/main-nav/investors-and-reporting/reporting/combined-annual-and-esg-report/previous-annual-reporting/Annual-Report-2012-43-mb.pdf,BAT was formed in 1902 as a joint venture between Imperial Tobacco and American Tobacco; 1997 is a later holding-company vehicle.,CONTEXT_COHERENT_PRIOR_EVIDENCE,reliable_committed,
SC270184,British Energy Group,1995.0,,year,https://en.wikipedia.org/wiki/British_Energy,1995.0,year,,https://en.wikipedia.org/wiki/British_Energy,source-read verified (CONFIRMED),VERIFIED_SOURCE_READ,reliable_verified,
08811254,British Gas,1812.0,,month,https://en.wikipedia.org/wiki/Gas_Light_and_Coke_Company,1812.0,year,predecessor_continuity,https://en.wikipedia.org/wiki/Gas_Light_and_Coke_Company,,PASS_LINEAGE_RECLASSIFIED,reliable_committed,
00621920,British Land Co.,1959.0,1959-02-26,day,https://find-and-update.company-information.service.gov.uk/company/00621920,1856.0,year,organic_business,https://www.annualreports.co.uk/HostedData/AnnualReportArchive/b/LSE_BLND_2006.pdf,British Land states it was formed in 1856; the supplied 1959 CH company is a later legal entity.,CONTEXT_COHERENT_PRIOR_EVIDENCE,reliable_committed,
09399778,British Sky Broadcasting,1990.0,,month,https://en.wikipedia.org/wiki/Sky_UK,1990.0,day,,https://en.wikipedia.org/wiki/Sky_UK,source-read verified (CONFIRMED),VERIFIED_SOURCE_READ,reliable_verified,1990-11-02
12303256,British Steel Plc,1967.0,,year,https://en.wikipedia.org/wiki/British_Steel_(1967%E2%80%931999),1967.0,year,,https://en.wikipedia.org/wiki/British_Steel_(1967%E2%80%931999),source-read verified (CONFIRMED),VERIFIED_SOURCE_READ,reliable_verified,
01800000,British Telecom,1984.0,1984-04-01,day,https://find-and-update.company-information.service.gov.uk/company/01800000,,month,state_corporation_creation,https://www.bt.com/bt-plc/assets/documents/about-bt/our-history/bt-archives/information-sheets-and-timelines/bt-and-predecessors.pdf,British Telecommunications began operating as a separate public corporation on 1 Oct 1981.,CONTEXT_COHERENT_PRIOR_EVIDENCE,reliable_committed,
SC077750,Britoil,1982.0,1982-03-04,day,https://find-and-update.company-information.service.gov.uk/company/SC077750,1982.0,year,privatisation_successor,https://assets.publishing.service.gov.uk/government/uploads/system/uploads/attachment_data/file/731309/Beatrice_Environmental_Assessment_Report.pdf,UK government material records that BNOC transferred its business to Britoil in 1982.,CONTEXT_COHERENT_PRIOR_EVIDENCE,reliable_committed,
00358948,Bunzl,1940.0,1940-01-22,day,https://find-and-update.company-information.service.gov.uk/company/00358948,1854.0,year,organic_business,https://en.wikipedia.org/wiki/Bunzl,Bunzl traces to the trading business registered by Moritz Bunzl in 1854.,CONTEXT_COHERENT_PRIOR_EVIDENCE,reliable_committed,
03458224,Burberry Group,1997.0,1997-10-30,day,https://find-and-update.company-information.service.gov.uk/company/03458224,1856.0,year,organic_business,https://www.burberryplc.com/content/dam/burberryplc/corporate/documents/investors/annual-report-archive/annual-report.pdf,Thomas Burberry founded the business in 1856; 1997 is the listed-group holding company.,CONTEXT_COHERENT_PRIOR_EVIDENCE,reliable_committed,
06208775,Burmah Oil,1886.0,,year,https://en.wikipedia.org/wiki/Burmah_Oil,1886.0,year,,https://en.wikipedia.org/wiki/Burmah_Oil,source-read verified (CONFIRMED),VERIFIED_SOURCE_READ,reliable_verified,
00930965,CMG,1968.0,1968-04-24,day,https://find-and-update.company-information.service.gov.uk/company/00930965,1964.0,year,organic_business,https://en.wikipedia.org/wiki/CMG_(company),CMG was founded in 1964.,CONTEXT_COHERENT_PRIOR_EVIDENCE,reliable_committed,
02983774,Cable & Wireless,1994.0,1994-10-21,day,https://find-and-update.company-information.service.gov.uk/company/02983774,1869.0,year,predecessor_continuity,https://en.wikipedia.org/wiki/Cable_%26_Wireless_plc,Cable & Wireless traces to telegraph companies founded in 1869; 1994 is a later legal vehicle.,CONTEXT_COHERENT_PRIOR_EVIDENCE,reliable_committed,
09909999,Cable & Wireless Communications,1869.0,,year,https://en.wikipedia.org/wiki/Cable_%26_Wireless_plc,1869.0,year,,https://en.wikipedia.org/wiki/Cable_%26_Wireless_plc,source-read verified (CONFIRMED),VERIFIED_SOURCE_READ,reliable_verified,
SC787001,Cairn Energy,1981.0,,year,https://en.wikipedia.org/wiki/Capricorn_Energy,1981.0,year,,https://en.wikipedia.org/wiki/Capricorn_Energy,source-read verified (CONFIRMED),VERIFIED_SOURCE_READ,reliable_verified,
04191122,Canary Wharf Group,1993.0,,year,https://en.wikipedia.org/wiki/Canary_Wharf_Group,1993.0,year,,https://en.wikipedia.org/wiki/Canary_Wharf_Group,source-read verified (CONFIRMED),VERIFIED_SOURCE_READ,reliable_verified,
02081330,Capita Group,1986.0,1986-12-08,day,https://find-and-update.company-information.service.gov.uk/company/02081330,1984.0,year,organic_business,https://en.wikipedia.org/wiki/Capita,Capita began operating in 1984 as a CIPFA division before its later management buyout.,CONTEXT_COHERENT_PRIOR_EVIDENCE,reliable_committed,
12966997,Caradon PLC,1985.0,,year,https://www.encyclopedia.com/books/politics-and-business-magazines/caradon-plc,1921.0,year,,https://www.encyclopedia.com/books/politics-and-business-magazines/caradon-plc,source-read verified (CORRECTED),VERIFIED_SOURCE_READ,reliable_verified,
00348312,Carlton Communications,1939.0,1939-01-11,day,https://find-and-update.company-information.service.gov.uk/company/00348312,1982.0,year,organic_business,https://en.wikipedia.org/wiki/Carlton_Communications,Michael Green bought Transvideo and created Carlton Television Studios in 1982.,CONTEXT_COHERENT_PRIOR_EVIDENCE,reliable_committed,
06534088,Carphone Warehouse,1989.0,,year,https://en.wikipedia.org/wiki/Carphone_Warehouse,1989.0,year,,https://en.wikipedia.org/wiki/Carphone_Warehouse,source-read verified (CONFIRMED),VERIFIED_SOURCE_READ,reliable_verified,
02159282,Celltech Group,1987.0,1987-08-28,day,https://find-and-update.company-information.service.gov.uk/company/02159282,,month,organic_business,https://pubmed.ncbi.nlm.nih.gov/2573092/,Celltech was formed in November 1980; the 1987 CH incorporation is a later corporate form.,CONTEXT_COHERENT_PRIOR_EVIDENCE,reliable_committed,
03033654,Centrica,1995.0,1995-03-16,day,https://find-and-update.company-information.service.gov.uk/company/03033654,,month,demerger_created_company,https://www.centrica.com/media/1364/centrica-annual-report-and-accounts-1997.pdf,Centrica became the separate operating group on the BG demerger on 17 February 1997.,CONTEXT_COHERENT_PRIOR_EVIDENCE,reliable_committed,
09717350,Coca-Cola Europacific,2015.0,2015-08-04,day,https://find-and-update.company-information.service.gov.uk/company/09717350,,month,merger_created_business,https://en.wikipedia.org/wiki/Coca-Cola_Europacific_Partners,Coca-Cola European Partners was formed on 28 May 2016 by combining three bottlers; the 2015 CH vehicle preceded completion.,CONTEXT_COHERENT_PRIOR_EVIDENCE,reliable_committed,
11466170,Compass,1941.0,,year,https://www.fundinguniverse.com/company-histories/compass-group-plc-history/,1941.0,year,,https://www.fundinguniverse.com/company-histories/compass-group-plc-history/,source-read verified (WRONG_SOURCE),VERIFIED_SOURCE_READ,reliable_verified,
04083914,Compass Group,2000.0,2000-09-29,day,https://find-and-update.company-information.service.gov.uk/company/04083914,1941.0,year,organic_business,https://www.fundinguniverse.com/company-histories/compass-group-plc-history/,Compass traces its operating business to 1941; 2000 is a later holding-company incorporation.,CONTEXT_COHERENT_PRIOR_EVIDENCE,reliable_committed,
03110569,Computacenter,1981.0,,month,https://en.wikipedia.org/wiki/Computacenter,1981.0,year,,https://en.wikipedia.org/wiki/Computacenter,source-read verified (CONFIRMED),VERIFIED_SOURCE_READ,reliable_verified,
10361298,ConvaTec Group,2016.0,2016-09-06,day,https://find-and-update.company-information.service.gov.uk/company/10361298,1978.0,year,business_origin,https://en.wikipedia.org/wiki/ConvaTec,ConvaTec's wound/ostomy business was established in 1978 within E. R. Squibb; later plc incorporation is a holding vehicle.,CONTEXT_COHERENT_PRIOR_EVIDENCE,reliable_committed,
16793203,Cookson Group,1704.0,,year,https://en.wikipedia.org/wiki/Vesuvius_plc,1704.0,year,predecessor_continuity,https://www.sec.gov/Archives/edgar/data/905420/000102140803007502/d20f.htm,Cookson's SEC filing states the Group traces its history back to 1704.,CONTEXT_COHERENT_PRIOR_EVIDENCE,reliable_committed,
03811373,Corus Group,1999.0,1999-07-16,day,https://find-and-update.company-information.service.gov.uk/company/03811373,1999.0,year,merger_created_business,https://publications.parliament.uk/pa/cm200405/cmselect/cmwelaf/329/329ii.pdf,Corus was created in October 1999 by the merger of British Steel and Koninklijke Hoogovens.,CONTEXT_COHERENT_PRIOR_EVIDENCE,reliable_committed,
SC003388,Coutaulds,1897.0,1897-01-06,day,https://find-and-update.company-information.service.gov.uk/company/SC003388,1794.0,year,organic_business,https://en.wikipedia.org/wiki/Courtaulds,Courtaulds was established in 1794.,CONTEXT_COHERENT_PRIOR_EVIDENCE,reliable_committed,
00206132,Croda International,1925.0,1925-05-22,day,https://find-and-update.company-information.service.gov.uk/company/00206132,1925.0,year,organic_business,https://www.croda.com/en-gb/about-us/our-heritage,Croda was founded in 1925.,CONTEXT_COHERENT_PRIOR_EVIDENCE,reliable_committed,
04709270,DCC,2003.0,2003-03-24,day,https://find-and-update.company-information.service.gov.uk/company/04709270,1976.0,year,organic_business,https://en.wikipedia.org/wiki/DCC_plc,DCC was founded in 1976; 2003 is a later plc legal vehicle.,CONTEXT_COHERENT_PRIOR_EVIDENCE,reliable_committed,
00184594,Daily Mail & General Trust,1922.0,1922-09-27,day,https://find-and-update.company-information.service.gov.uk/company/00184594,,month,predecessor_continuity,https://en.wikipedia.org/wiki/Daily_Mail_and_General_Trust,Uses the launch of the Daily Mail operating business in May 1896; DMGT holding company came later.,CONTEXT_COHERENT_PRIOR_EVIDENCE,reliable_committed,
10274117,Dalgety,1846.0,,year,https://en.wikipedia.org/wiki/Dalgety_plc,1846.0,circa_year,,https://en.wikipedia.org/wiki/Dalgety_plc,source-read verified (CONFIRMED),VERIFIED_SOURCE_READ,reliable_verified,
13264637,Darktrace,2021.0,2021-03-12,day,https://find-and-update.company-information.service.gov.uk/company/13264637,2013.0,year,organic_business,https://en.wikipedia.org/wiki/Darktrace,Darktrace was founded in Cambridge in 2013; 2021 is the IPO holding-company incorporation.,CONTEXT_COHERENT_PRIOR_EVIDENCE,reliable_committed,
03834125,De La Rue,1821.0,,year,https://en.wikipedia.org/wiki/De_La_Rue,1821.0,year,,https://en.wikipedia.org/wiki/De_La_Rue,source-read verified (CONFIRMED),VERIFIED_SOURCE_READ,reliable_verified,
03369634,Dechra Pharmaceuticals,1997.0,1997-05-13,day,https://find-and-update.company-information.service.gov.uk/company/03369634,,month,management_buyout_creation,https://en.wikipedia.org/wiki/Dechra_Pharmaceuticals,Dechra was founded via a 1997 management buyout from Lloyds Chemists.,CONTEXT_COHERENT_PRIOR_EVIDENCE,reliable_committed,
00023307,Diageo,1886.0,1886-10-21,day,https://find-and-update.company-information.service.gov.uk/company/00023307,,month,merger_created_business,https://media.diageo.com/diageo-corporate-media/media/d23peknl/diageo-celebrates-20-years-final_18-december-2017.pdf,Diageo was created in December 1997 by the Guinness/Grand Metropolitan merger.,CONTEXT_COHERENT_PRIOR_EVIDENCE,reliable_committed,
03704278,Dimension Data Holdings,1999.0,1999-01-28,day,https://find-and-update.company-information.service.gov.uk/company/03704278,1983.0,year,organic_business,https://en.wikipedia.org/wiki/Dimension_Data,Dimension Data was founded in 1983.,CONTEXT_COHERENT_PRIOR_EVIDENCE,reliable_committed,
03899848,Diploma,1999.0,1999-12-24,day,https://find-and-update.company-information.service.gov.uk/company/03899848,1931.0,year,organic_business,https://en.wikipedia.org/wiki/Diploma_plc,Diploma was founded in 1931; 1999 is a later corporate vehicle.,CONTEXT_COHERENT_PRIOR_EVIDENCE,reliable_committed,
02280426,Direct Line Insurance Group,1988.0,1988-07-26,day,https://find-and-update.company-information.service.gov.uk/company/02280426,1985.0,year,business_origin,https://en.wikipedia.org/wiki/Direct_Line,Direct Line was founded in 1985 as RBS's direct motor insurer; the 1988 CH date is not the business birth.,CONTEXT_COHERENT_PRIOR_EVIDENCE,reliable_committed,
12620781,Dixons Group,1937.0,,year,https://en.wikipedia.org/wiki/Dixons_(retailer),1937.0,year,,https://en.wikipedia.org/wiki/Dixons_(retailer),source-read verified (CONFIRMED),VERIFIED_SOURCE_READ,reliable_verified,
14591224,Dowlais Group,2023.0,2023-01-13,day,https://find-and-update.company-information.service.gov.uk/company/14591224,,month,demerger_created_company,https://www.dowlais.com/investors/demerger-information/,Dowlais was admitted as a separate group in April 2023 following the Melrose demerger.,CONTEXT_COHERENT_PRIOR_EVIDENCE,reliable_committed,
05562053,Drax Group,2005.0,2005-09-13,day,https://find-and-update.company-information.service.gov.uk/company/05562053,1974.0,year,operating_asset_origin,https://en.wikipedia.org/wiki/Drax_Power_Station,Uses first operation of Drax power station in 1974; later listed group structures are corporate wrappers.,CONTEXT_COHERENT_PRIOR_EVIDENCE,reliable_committed,
15213063,ECC Group,1919.0,,month,https://en.wikipedia.org/wiki/English_China_Clays,1919.0,year,,https://en.wikipedia.org/wiki/English_China_Clays,source-read verified (CONFIRMED),VERIFIED_SOURCE_READ,reliable_verified,
00229231,EMI Group plc,1928.0,1928-03-29,day,https://find-and-update.company-information.service.gov.uk/company/00229231,,month,merger_created_business,https://en.wikipedia.org/wiki/EMI,EMI was formed in March 1931 by merger of Columbia Graphophone and the Gramophone Company.,CONTEXT_COHERENT_PRIOR_EVIDENCE,reliable_committed,
03959649,Easyjet,2000.0,2000-03-24,day,https://find-and-update.company-information.service.gov.uk/company/03959649,,month,organic_business,https://easy.com/wp-content/uploads/easyhistory-easy-family-photo-album.pdf,First easyJet flight operated 10 Nov 1995.,CONTEXT_COHERENT_PRIOR_EVIDENCE,reliable_committed,
SC034993,Edinburgh Investment Trust,1960.0,1960-03-14,day,https://find-and-update.company-information.service.gov.uk/company/SC034993,,month,organic_business,https://www.theaic.co.uk/companydata/edinburgh-investment-trust,Investment trust launch date 1 Mar 1889.,CONTEXT_COHERENT_PRIOR_EVIDENCE,reliable_committed,
00647788,Electrocomponents,1960.0,1960-01-22,day,https://find-and-update.company-information.service.gov.uk/company/00647788,1937.0,year,organic_business,https://www.rsgroup.com/about-us/our-history/,RS Group states it was founded as Radiospares in 1937; Electrocomponents was the later listed name.,CONTEXT_COHERENT_PRIOR_EVIDENCE,reliable_committed,
14696069,Emap,1887.0,,year,https://www.fundinguniverse.com/company-histories/emap-plc-history/,1887.0,year,,https://www.fundinguniverse.com/company-histories/emap-plc-history/,source-read verified (CONFIRMED),VERIFIED_SOURCE_READ,reliable_verified,
13280545,Endeavour Mining,2021.0,2021-03-21,day,https://find-and-update.company-information.service.gov.uk/company/13280545,,month,merger_or_reorganisation,https://find-and-update.company-information.service.gov.uk/company/13280545,The current listed company is the product of corporate combinations/reorganisation; legal incorporation alone is not a startup birth.,CONTEXT_COHERENT_PRIOR_EVIDENCE,reliable_committed,
03438871,Energis,1997.0,1997-09-18,day,https://find-and-update.company-information.service.gov.uk/company/03438871,1992.0,year,organic_business,https://en.wikipedia.org/wiki/Energis,Energis was created in 1992 by National Grid to commercialise its telecom network.,CONTEXT_COHERENT_PRIOR_EVIDENCE,reliable_committed,
00154236,English China Clays,1919.0,1919-04-09,day,https://find-and-update.company-information.service.gov.uk/company/00154236,,month,merger_created_business,https://en.wikipedia.org/wiki/English_China_Clays,ECC was incorporated in April 1919 through amalgamation of three clay producers.,CONTEXT_COHERENT_PRIOR_EVIDENCE,reliable_committed,
10517727,Enterprise Inns,1991.0,,year,https://en.wikipedia.org/wiki/Ei_Group,,year,organic_business,https://www.rns-pdf.londonstockexchange.com/rns/1551O_1-2016-11-2.pdf,Issuer history states the business was founded in September 1991 when it acquired 368 pubs from Bass.,CONTEXT_COHERENT_PRIOR_EVIDENCE,reliable_committed,
01682048,Enterprise Oil,1982.0,1982-11-26,day,https://find-and-update.company-information.service.gov.uk/company/01682048,1983.0,year,spin_off_created_business,https://en.wikipedia.org/wiki/Enterprise_Oil,Enterprise Oil was formed in 1983 to take British Gas North Sea production assets.,CONTEXT_COHERENT_PRIOR_EVIDENCE,reliable_committed,
07108619,Essar energy,2009.0,2009-12-18,day,https://find-and-update.company-information.service.gov.uk/company/07108619,1998.0,year,business_unit_creation,https://en.wikipedia.org/wiki/Essar_Energy,Essar Energy was established in 1998 as an Essar Group energy business unit.,CONTEXT_COHERENT_PRIOR_EVIDENCE,reliable_committed,
03583610,Eurotunnel,1985.0,,year,https://www.referenceforbusiness.com/history2/79/Eurotunnel-Group.html,1985.0,year,,https://www.referenceforbusiness.com/history2/79/Eurotunnel-Group.html,source-read verified (CONFIRMED),VERIFIED_SOURCE_READ,reliable_verified,
07784342,Evraz,2011.0,2011-09-23,day,https://find-and-update.company-information.service.gov.uk/company/07784342,1992.0,year,organic_business,https://en.wikipedia.org/wiki/Evraz,Evraz traces its operating group to 1992.,CONTEXT_COHERENT_PRIOR_EVIDENCE,reliable_committed,
03720393,Experian Group,1999.0,1999-02-25,day,https://find-and-update.company-information.service.gov.uk/company/03720393,1996.0,month,merger_created_business,https://www.experianplc.com/about-us/our-history.,Experian states it was formed in 1996 when the UK and US credit-data businesses were combined and rebranded Experian; 2006 was the later demerger from GUS.,CONTEXT_COHERENT_PRIOR_EVIDENCE,reliable_committed,
SC246627,Ferguson,1887.0,,year,https://en.wikipedia.org/wiki/Wolseley_plc,1887.0,year,predecessor_continuity,https://en.wikipedia.org/wiki/Wolseley_plc,,PASS_LINEAGE_RECLASSIFIED,reliable_committed,
05432915,Ferrexpo,2005.0,2005-04-22,day,https://find-and-update.company-information.service.gov.uk/company/05432915,1960.0,year,state_enterprise_origin,https://en.wikipedia.org/wiki/Ferrexpo,Operating mining business began in 1960 as Poltava Mining and Extraction Combinat.,CONTEXT_COHERENT_PRIOR_EVIDENCE,reliable_committed,
00044687,Fisons,1895.0,1895-07-23,day,https://find-and-update.company-information.service.gov.uk/company/00044687,1843.0,year,organic_business,https://heritage.rcpsg.ac.uk/items/show/1048,Fisons lineage began with Edward Packard's fertiliser business in 1843.,CONTEXT_COHERENT_PRIOR_EVIDENCE,reliable_committed,
00012901,Foreign & Col Invest Trust,1879.0,1879-03-15,day,https://find-and-update.company-information.service.gov.uk/company/00012901,,month,organic_business,https://www.theaic.co.uk/aic/news/commentary/foreign-colonial-is-150,Foreign & Colonial was launched 19 Mar 1868.,CONTEXT_COHERENT_PRIOR_EVIDENCE,reliable_committed,
06035106,Frasers Group,2006.0,2006-12-21,day,https://find-and-update.company-information.service.gov.uk/company/06035106,1982.0,year,organic_business,https://en.wikipedia.org/wiki/Frasers_Group,Sports Direct business was founded by Mike Ashley in 1982.,CONTEXT_COHERENT_PRIOR_EVIDENCE,reliable_committed,
10215539,Freeserve,1998.0,,year,https://en.wikipedia.org/wiki/Freeserve,1998.0,year,,https://en.wikipedia.org/wiki/Freeserve,source-read verified (CONFIRMED),VERIFIED_SOURCE_READ,reliable_verified,
06344120,Fresnillo,2007.0,2007-08-15,day,https://find-and-update.company-information.service.gov.uk/company/06344120,2008.0,year,spin_off_created_group,https://www.fresnilloplc.com/about-us/at-a-glance-who-we-are/,"Fresnillo plc was established in 2008 by restructuring Peñoles' precious-metals operations; those operating assets have roots to 1887, so this is a spin-off rather than a startup.",CONTEXT_COHERENT_PRIOR_EVIDENCE,reliable_committed,
04992207,G4S,2003.0,2003-12-11,day,https://find-and-update.company-information.service.gov.uk/company/04992207,2004.0,year,merger_created_business,https://www.g4s.com/who-we-are/our-history,G4S was formed in 2004 by the merger of Group 4 Falck's security business and Securicor; 2003 is a pre-completion shell-company incorporation.,CONTEXT_COHERENT_PRIOR_EVIDENCE,reliable_committed,
04191106,GKN PLC,1759.0,,month,https://en.wikipedia.org/wiki/GKN,1759.0,year,,https://en.wikipedia.org/wiki/GKN,source-read verified (CONFIRMED),VERIFIED_SOURCE_READ,reliable_verified,
03299793,Gallaher Group,1857.0,,year,https://en.wikipedia.org/wiki/Gallaher_Group,1857.0,year,,https://en.wikipedia.org/wiki/Gallaher_Group,source-read verified (CONFIRMED),VERIFIED_SOURCE_READ,reliable_verified,
02670969,Games Workshop Group,1991.0,1991-12-09,day,https://find-and-update.company-information.service.gov.uk/company/02670969,1975.0,year,organic_business,https://jobs.games-workshop.com/our-history/timeline,Games Workshop began in 1975 as a mail-order games business; 1991 is the MBO/listed vehicle.,CONTEXT_COHERENT_PRIOR_EVIDENCE,reliable_committed,
SC119505,General Accident,1885.0,,year,https://en.wikipedia.org/wiki/General_Accident,1885.0,day,,https://en.wikipedia.org/wiki/General_Accident,source-read verified (CONFIRMED),VERIFIED_SOURCE_READ,reliable_verified,1885-12-16
12657712,General Electric Company,1886.0,,year,https://simple.wikipedia.org/wiki/General_Electric_Company_plc,1886.0,year,,https://simple.wikipedia.org/wiki/General_Electric_Company_plc,source-read verified (CONFIRMED),VERIFIED_SOURCE_READ,reliable_verified,
00480080,Glaxo Wellcome,1950.0,1950-03-25,day,https://find-and-update.company-information.service.gov.uk/company/00480080,1995.0,year,merger_created_business,https://en.wikipedia.org/wiki/GlaxoSmithKline,Glaxo Wellcome was created in 1995 by Glaxo's acquisition/combination with Wellcome.,CONTEXT_COHERENT_PRIOR_EVIDENCE,reliable_committed,
12215835,GlaxoSmithKline,1830.0,,year,https://en.wikipedia.org/wiki/GSK_plc,1830.0,year,predecessor_continuity,https://us.gsk.com/media/da0dgjfg/cmyk_final_300yrs-gsk-a3-landscape.pdf,GSK's own history dates the Smith/Kline lineage to 1830; current GSK is a later merger group.,CONTEXT_COHERENT_PRIOR_EVIDENCE,reliable_committed,
03962410,Granada,2000.0,2000-04-03,day,https://find-and-update.company-information.service.gov.uk/company/03962410,1930.0,year,organic_business,https://en.wikipedia.org/wiki/Granada_plc,Granada's operating business began with Granada Theatres in 1930.,CONTEXT_COHERENT_PRIOR_EVIDENCE,reliable_committed,
00290076,Granada Group,1934.0,1934-07-11,day,https://find-and-update.company-information.service.gov.uk/company/00290076,1930.0,year,predecessor_continuity,https://en.wikipedia.org/wiki/Granada_plc,Uses Granada operating lineage from 1930.,CONTEXT_COHERENT_PRIOR_EVIDENCE,reliable_committed,
03106798,Granada Media,1995.0,1995-09-26,day,https://find-and-update.company-information.service.gov.uk/company/03106798,,month,division_creation,https://www.independent.co.uk/news/business/granada-launches-division-to-consolidate-itv-interests-1303059.html,Granada Media Group was launched in April 1996 to consolidate Granada's media assets.,CONTEXT_COHERENT_PRIOR_EVIDENCE,reliable_committed,
00291848,Grand Metropolitan,1934.0,1934-09-06,day,https://find-and-update.company-information.service.gov.uk/company/00291848,1934.0,year,organic_business,https://en.wikipedia.org/wiki/Grand_Metropolitan,Business began in 1934 as MRMA Ltd hotel business.,CONTEXT_COHERENT_PRIOR_EVIDENCE,reliable_committed,
00014504,Greenalls Group plc,1762.0,,year,"https://www.gracesguide.co.uk/Greenall,_Whitley_and_Co",1762.0,year,,"https://www.gracesguide.co.uk/Greenall,_Whitley_and_Co",source-read verified (WRONG_SOURCE),VERIFIED_SOURCE_READ,reliable_verified,
00510607,Guinness (Arthur) & Son,1952.0,1952-08-16,day,https://find-and-update.company-information.service.gov.uk/company/00510607,,month,organic_business,https://en.wikipedia.org/wiki/Guinness,Arthur Guinness began brewing at St James's Gate in December 1759.,CONTEXT_COHERENT_PRIOR_EVIDENCE,reliable_committed,
SC218813,HBOS,2001.0,2001-05-03,day,https://find-and-update.company-information.service.gov.uk/company/SC218813,2001.0,year,merger_created_business,https://en.wikipedia.org/wiki/HBOS,HBOS was formed by the 2001 merger of Halifax and Bank of Scotland.,CONTEXT_COHERENT_PRIOR_EVIDENCE,reliable_committed,
00617987,HSBC Holdings,1959.0,1959-01-01,day,https://find-and-update.company-information.service.gov.uk/company/00617987,,month,predecessor_continuity,https://www.hsbc.com/who-we-are/our-history,Uses Hongkong and Shanghai Banking Corporation operating origin in March 1865; HSBC Holdings is later.,CONTEXT_COHERENT_PRIOR_EVIDENCE,reliable_committed,
07034919,Habitat Mothercare,1961.0,,year,https://en.wikipedia.org/wiki/Mothercare,1961.0,year,,https://en.wikipedia.org/wiki/Mothercare,source-read verified (CONFIRMED),VERIFIED_SOURCE_READ,reliable_verified,
13691224,Haleon,2021.0,2021-10-20,day,https://find-and-update.company-information.service.gov.uk/company/13691224,,month,demerger_created_company,https://www.gsk.com/media/vhklmn0j/fy-2022-results-announcement.pdf,Haleon became an independent listed company on 18 July 2022 through GSK's Consumer Healthcare demerger; the underlying brands/businesses are much older.,CONTEXT_COHERENT_PRIOR_EVIDENCE,reliable_committed,
00040932,Halma,1894.0,1894-04-13,day,https://find-and-update.company-information.service.gov.uk/company/00040932,1894.0,year,organic_business,https://en.wikipedia.org/wiki/Halma_plc,Nahalma Tea Estate Company began in 1894.,CONTEXT_COHERENT_PRIOR_EVIDENCE,reliable_committed,
00360632,Hammerson Property,1940.0,1940-04-17,day,https://find-and-update.company-information.service.gov.uk/company/00360632,1942.0,year,organic_business,https://en.wikipedia.org/wiki/Hammerson,Hammerson was founded in 1942.,CONTEXT_COHERENT_PRIOR_EVIDENCE,reliable_committed,
SC234781,Harbour Energy,2002.0,2002-07-31,day,https://find-and-update.company-information.service.gov.uk/company/SC234781,2007.0,year,predecessor_continuity,https://www.harbourenergy.com/media/eknhcigj/premier-investor-presentation-nov-2020.pdf,Uses Chrysaor's 2007 operating origin; current Harbour emerged through later combination/reorganisation.,CONTEXT_COHERENT_PRIOR_EVIDENCE,reliable_committed,
02122142,Hargreaves Lansdown,1987.0,1987-04-10,day,https://find-and-update.company-information.service.gov.uk/company/02122142,1981.0,year,organic_business,https://www.hl.co.uk/__data/assets/pdf_file/0003/48090/prospectus.pdf,Hargreaves Lansdown was founded in 1981 by Peter Hargreaves and Stephen Lansdown.,CONTEXT_COHERENT_PRIOR_EVIDENCE,reliable_committed,
05998739,Harrisons & Crosfield,1844.0,,month,https://www.gracesguide.co.uk/Harrisons_and_Crosfield,1844.0,year,,https://www.gracesguide.co.uk/Harrisons_and_Crosfield,source-read verified (CONFIRMED),VERIFIED_SOURCE_READ,reliable_verified,
00068237,Hawker Siddeley,1900.0,1900-12-13,day,https://find-and-update.company-information.service.gov.uk/company/00068237,1934.0,year,merger_created_business,https://en.wikipedia.org/wiki/Hawker_Siddeley,Hawker Siddeley was formed in 1934 through consolidation of aircraft businesses.,CONTEXT_COHERENT_PRIOR_EVIDENCE,reliable_committed,
02150950,Hays,1987.0,1987-07-28,day,https://find-and-update.company-information.service.gov.uk/company/02150950,1867.0,year,organic_business,https://en.wikipedia.org/wiki/Hays_plc,Hays traces to a wharf/warehouse business founded in 1867.,CONTEXT_COHERENT_PRIOR_EVIDENCE,reliable_committed,
11408139,Hillsdown Holdings,1975.0,,year,https://www.fundinguniverse.com/company-histories/hillsdown-holdings-plc-history/,1975.0,year,,https://www.fundinguniverse.com/company-histories/hillsdown-holdings-plc-history/,source-read verified (CONFIRMED),VERIFIED_SOURCE_READ,reliable_verified,
02837811,Hiscox,1993.0,1993-07-20,day,https://find-and-update.company-information.service.gov.uk/company/02837811,1901.0,year,predecessor_continuity,https://www.hiscox.fr/sites/france/files/legacy_static_files/france/wp-content/uploads/2015/11/2012-Hiscox-Ltd_Corporate-Brochure.pdf,Uses A.E. Roberts underwriting business started in 1901; Hiscox holding company came later.,CONTEXT_COHERENT_PRIOR_EVIDENCE,reliable_committed,
05863533,Home Retail Group,2006.0,2006-06-30,day,https://find-and-update.company-information.service.gov.uk/company/05863533,,year,demerger_created_company,https://www.lse.co.uk/rns/demerger-of-arg-and-experian-2xmco9hla42smhj.html,Home Retail Group became a separate group through the GUS demerger effective 10 October 2006.,CONTEXT_COHERENT_PRIOR_EVIDENCE,reliable_committed,
02648297,Homeserve,1991.0,1991-09-24,day,https://find-and-update.company-information.service.gov.uk/company/02648297,1993.0,year,organic_business,https://en.wikipedia.org/wiki/HomeServe,HomeServe's operating business began in 1993.,CONTEXT_COHERENT_PRIOR_EVIDENCE,reliable_committed,
10686681,House of Fraser,1849.0,,year,https://en.wikipedia.org/wiki/House_of_Fraser,1849.0,year,,https://en.wikipedia.org/wiki/House_of_Fraser,source-read verified (CONFIRMED),VERIFIED_SOURCE_READ,reliable_verified,
02128710,Howden Joinery Group,1987.0,1987-05-07,day,https://find-and-update.company-information.service.gov.uk/company/02128710,1995.0,year,organic_business,https://www.howdenjoinerygroupplc.com/docs/librariesprovider25/archives/annual-reports/ar2017.pdf,Howdens began trading in 1995 with 14 depots.,CONTEXT_COHERENT_PRIOR_EVIDENCE,reliable_committed,
04677092,IG Group Holdings,2003.0,2003-02-25,day,https://find-and-update.company-information.service.gov.uk/company/04677092,1974.0,year,organic_business,https://en.wikipedia.org/wiki/IG_Group,IG was founded in 1974.,CONTEXT_COHERENT_PRIOR_EVIDENCE,reliable_committed,
05134420,IHG Hotels & Resorts,1946.0,,year,https://en.wikipedia.org/wiki/InterContinental,1946.0,year,predecessor_continuity,https://en.wikipedia.org/wiki/InterContinental,,PASS_LINEAGE_RECLASSIFIED,reliable_committed,
00714275,IMI,1962.0,1962-02-02,day,https://find-and-update.company-information.service.gov.uk/company/00714275,1862.0,year,predecessor_continuity,https://en.wikipedia.org/wiki/IMI_plc,Operating lineage begins with George Kynoch's factory in 1862.,CONTEXT_COHERENT_PRIOR_EVIDENCE,reliable_committed,
04967001,ITV,1955.0,,year,https://en.wikipedia.org/wiki/ITV_plc,2004.0,day,,https://en.wikipedia.org/wiki/ITV_plc,source-read verified (CORRECTED),VERIFIED_SOURCE_READ,reliable_verified,2004-02-02
00218019,Imperial Chemical Industries,1926.0,1926-12-07,day,https://find-and-update.company-information.service.gov.uk/company/00218019,,month,merger_created_business,https://en.wikipedia.org/wiki/Imperial_Chemical_Industries,ICI was formed in December 1926 from four major chemical companies.,CONTEXT_COHERENT_PRIOR_EVIDENCE,reliable_committed,
00511276,Imperial Group,1952.0,1952-09-08,day,https://find-and-update.company-information.service.gov.uk/company/00511276,1901.0,year,predecessor_continuity,https://en.wikipedia.org/wiki/Imperial_Brands,Uses Imperial Tobacco operating lineage created in 1901.,CONTEXT_COHERENT_PRIOR_EVIDENCE,reliable_committed,
01860181,Imperial Tobacco,1984.0,1984-11-01,day,https://find-and-update.company-information.service.gov.uk/company/01860181,1901.0,year,merger_created_business,https://en.wikipedia.org/wiki/Imperial_Brands,Imperial Tobacco was created in 1901 through merger of British tobacco manufacturers.,CONTEXT_COHERENT_PRIOR_EVIDENCE,reliable_committed,
00073800,Imperial Tobacco Group,1902.0,1902-05-22,day,https://find-and-update.company-information.service.gov.uk/company/00073800,1901.0,year,predecessor_continuity,https://en.wikipedia.org/wiki/Imperial_Brands,Uses Imperial Tobacco operating lineage from 1901.,CONTEXT_COHERENT_PRIOR_EVIDENCE,reliable_committed,
00609782,Inchcape,1958.0,1958-08-15,day,https://find-and-update.company-information.service.gov.uk/company/00609782,1847.0,year,predecessor_continuity,https://en.wikipedia.org/wiki/Inchcape_plc,Operating lineage traces to Mackinnon Mackenzie trading business in 1847.,CONTEXT_COHERENT_PRIOR_EVIDENCE,reliable_committed,
08860726,Informa,2014.0,2014-01-24,day,https://find-and-update.company-information.service.gov.uk/company/08860726,1998.0,year,merger_created_business,https://en.wikipedia.org/wiki/Informa,Informa was formed in 1998 by merger of IBC Group and LLP Group.,CONTEXT_COHERENT_PRIOR_EVIDENCE,reliable_committed,
04886115,Inmarsat,2003.0,2003-09-03,day,https://find-and-update.company-information.service.gov.uk/company/04886115,1982.0,year,operating_start,https://imso.org/about/,INMARSAT convention entered force in 1979; commercial operations began in 1982.,CONTEXT_COHERENT_PRIOR_EVIDENCE,reliable_committed,
14840880,Intermediate Capital Group,2023.0,2023-05-02,day,https://find-and-update.company-information.service.gov.uk/company/14840880,1989.0,year,organic_business,https://www.icgam.com/who-we-are/our-history/,ICG was founded in 1989.,CONTEXT_COHERENT_PRIOR_EVIDENCE,reliable_committed,
02234775,Intermediate Capital Grup,1989.0,,year,https://en.wikipedia.org/wiki/Intermediate_Capital_Group,1989.0,year,,https://en.wikipedia.org/wiki/Intermediate_Capital_Group,source-read verified (CONFIRMED),VERIFIED_SOURCE_READ,reliable_verified,
FC029884,International Airlines Group,1974.0,,month,https://en.wikipedia.org/wiki/British_Airways,,year,merger_created_business,https://www.iairgroup.com/media/nr1jfxyi/individual-annual-financial-report-2024.pdf,"IAG's own filing states British Airways and Iberia completed their merger on 21 January 2011, creating the Group.",CONTEXT_COHERENT_PRIOR_EVIDENCE,reliable_committed,
05186841,International Power,1990.0,,month,https://en.wikipedia.org/wiki/National_Power,1990.0,year,,https://en.wikipedia.org/wiki/National_Power,source-read verified (CONFIRMED),VERIFIED_SOURCE_READ,reliable_verified,
04267576,Intertek Group,2001.0,2001-08-09,day,https://find-and-update.company-information.service.gov.uk/company/04267576,1885.0,year,predecessor_continuity,https://www.intertek.com/about/history/,Uses Caleb Brett cargo-testing business begun in 1885.,CONTEXT_COHERENT_PRIOR_EVIDENCE,reliable_committed,
03685527,Intu Properties,1980.0,,year,https://en.wikipedia.org/wiki/Intu_Properties,1980.0,year,,https://en.wikipedia.org/wiki/Intu_Properties,source-read verified (CONFIRMED),VERIFIED_SOURCE_READ,reliable_verified,
00166023,Invensys,1920.0,1920-04-01,day,https://find-and-update.company-information.service.gov.uk/company/00166023,1999.0,year,merger_created_business,https://en.wikipedia.org/wiki/Invensys,Invensys was formed in 1999 by merger of BTR and Siebe.,CONTEXT_COHERENT_PRIOR_EVIDENCE,reliable_committed,
03633621,Investec,1974.0,,year,https://en.wikipedia.org/wiki/Investec,1974.0,year,,https://en.wikipedia.org/wiki/Investec,source-read verified (CONFIRMED),VERIFIED_SOURCE_READ,reliable_verified,
01888425,JD Sports Fashion,1985.0,1985-02-21,day,https://find-and-update.company-information.service.gov.uk/company/01888425,1981.0,year,organic_business,https://en.wikipedia.org/wiki/JD_Sports,JD Sports began trading in 1981.,CONTEXT_COHERENT_PRIOR_EVIDENCE,reliable_committed,
15049410,Jaguar,1922.0,,month,https://en.wikipedia.org/wiki/Swallow_Sidecar_Company,1922.0,year,predecessor_continuity,https://en.wikipedia.org/wiki/Swallow_Sidecar_Company,,PASS_LINEAGE_RECLASSIFIED,reliable_committed,
00033774,Johnson Matthey,1891.0,1891-04-11,day,https://find-and-update.company-information.service.gov.uk/company/00033774,1817.0,year,organic_business,https://en.wikipedia.org/wiki/Johnson_Matthey,Percival Norton Johnson began the assaying business in 1817.,CONTEXT_COHERENT_PRIOR_EVIDENCE,reliable_committed,
06947854,Just Eat Takeaway.com,2009.0,2009-06-30,day,https://find-and-update.company-information.service.gov.uk/company/06947854,2000.0,year,predecessor_continuity,https://s3.eu-central-1.amazonaws.com/takeaway-corporatewebsite-dev/JET-JV2021-080322.pdf,Uses Takeaway.com operating origin in 2000; JET itself is the 2020 combination with Just Eat.,CONTEXT_COHERENT_PRIOR_EVIDENCE,reliable_committed,
09132358,Kazakhmys,1992.0,,year,https://en.wikipedia.org/wiki/Kazakhmys,1992.0,year,,https://en.wikipedia.org/wiki/Kazakhmys,source-read verified (CONFIRMED),VERIFIED_SOURCE_READ,reliable_verified,
02366627,Kelda Group,1989.0,1989-04-01,day,https://find-and-update.company-information.service.gov.uk/company/02366627,1989.0,year,privatisation_created_company,https://en.wikipedia.org/wiki/Kelda_Group,Kelda/Yorkshire Water listed business arose from 1989 water privatisation.,CONTEXT_COHERENT_PRIOR_EVIDENCE,reliable_committed,
01664812,Kingfisher,1982.0,1982-09-16,day,https://find-and-update.company-information.service.gov.uk/company/01664812,1982.0,year,buyout_created_business,https://en.wikipedia.org/wiki/Kingfisher_plc,Paternoster Stores was founded in 1982 to buy Woolworths.,CONTEXT_COHERENT_PRIOR_EVIDENCE,reliable_committed,
04369054,Land Securities,1944.0,,year,https://en.wikipedia.org/wiki/Landsec,1944.0,year,,https://en.wikipedia.org/wiki/Landsec,source-read verified (CONFIRMED),VERIFIED_SOURCE_READ,reliable_verified,
03900804,Lattice Group PLC,1999.0,1999-12-29,day,https://find-and-update.company-information.service.gov.uk/company/03900804,2000.0,year,demerger_created_company,https://en.wikipedia.org/wiki/Lattice_Group,Lattice was established in 2000 when BG demerged Transco.,CONTEXT_COHERENT_PRIOR_EVIDENCE,reliable_committed,
01417162,Legal & General,1979.0,1979-02-27,day,https://find-and-update.company-information.service.gov.uk/company/01417162,,month,organic_business,https://group.legalandgeneral.com/about-us/our-history/,Legal & General was founded in June 1836; 1979 is a later group holding company.,CONTEXT_COHERENT_PRIOR_EVIDENCE,reliable_committed,
14236527,Liberty International,1980.0,,year,https://en.wikipedia.org/wiki/Intu,1980.0,year,business_founding,https://en.wikipedia.org/wiki/Intu,,PASS_DIRECT_CONTINUITY,reliable_committed,
10917019,Lion Finance Group,2017.0,2017-08-15,day,https://find-and-update.company-information.service.gov.uk/company/10917019,1994.0,year,business_origin,https://lionfinancegroup.uk/who-we-are/our-history/,The group's core Bank of Georgia business was established in 1994; 2017 is a later UK holding-company incorporation.,CONTEXT_COHERENT_PRIOR_EVIDENCE,reliable_committed,
SC095000,Lloyds Banking Group,1765.0,,year,https://en.wikipedia.org/wiki/Lloyds_Bank,1765.0,day,,https://en.wikipedia.org/wiki/Lloyds_Bank,source-read verified (CONFIRMED),VERIFIED_SOURCE_READ,reliable_verified,1765-06-03
01631639,Logica Plc,1982.0,1982-04-27,day,https://find-and-update.company-information.service.gov.uk/company/01631639,1969.0,year,organic_business,https://en.wikipedia.org/wiki/Logica,Logica was founded in 1969.,CONTEXT_COHERENT_PRIOR_EVIDENCE,reliable_committed,
10681760,London Electricity,1948.0,,month,https://en.wikipedia.org/wiki/London_Electricity_Board,1948.0,year,,https://en.wikipedia.org/wiki/London_Electricity_Board,source-read verified (CONFIRMED),VERIFIED_SOURCE_READ,reliable_verified,
02075721,London Stock Exchange,1986.0,1986-11-19,day,https://find-and-update.company-information.service.gov.uk/company/02075721,1801.0,year,predecessor_continuity,https://www.londonstockexchange.com/discover/lseg/our-history,Uses the formal London Stock Exchange established in 1801 rather than later plc incorporation.,CONTEXT_COHERENT_PRIOR_EVIDENCE,reliable_committed,
05369106,London Stock Exchange Group,1801.0,,year,https://en.wikipedia.org/wiki/London_Stock_Exchange_Group,1801.0,year,,https://en.wikipedia.org/wiki/London_Stock_Exchange_Group,source-read verified (CONFIRMED),VERIFIED_SOURCE_READ,reliable_verified,
01008965,London and Scottish Marine,1971.0,1971-04-23,day,https://find-and-update.company-information.service.gov.uk/company/01008965,1971.0,year,organic_business,https://www.independent.co.uk/news/business/a-decadelong-dance-draws-towards-a-close-1373160.html,LASMO was formed in 1971 to invest in North Sea oil.,CONTEXT_COHERENT_PRIOR_EVIDENCE,reliable_committed,
07124797,LondonMetric Property,2010.0,2010-01-13,day,https://find-and-update.company-information.service.gov.uk/company/07124797,2007.0,year,predecessor_business,https://en.wikipedia.org/wiki/LondonMetric_Property,The predecessor London & Stamford was established in October 2007; LondonMetric itself was formed by a 2013 merger.,CONTEXT_COHERENT_PRIOR_EVIDENCE,reliable_committed,
02805337,Lonrho,1909.0,,month,https://en.wikipedia.org/wiki/Lonrho,1909.0,day,,https://en.wikipedia.org/wiki/Lonrho,source-read verified (WRONG_SOURCE),VERIFIED_SOURCE_READ,reliable_verified,1909-05-13
03207774,LucasVarity,1996.0,1996-05-30,day,https://find-and-update.company-information.service.gov.uk/company/03207774,1996.0,year,merger_created_business,https://en.wikipedia.org/wiki/LucasVarity,LucasVarity was created in 1996 by the merger of Lucas Industries and Varity.,CONTEXT_COHERENT_PRIOR_EVIDENCE,reliable_committed,
11444019,M&G,1931.0,,month,https://en.wikipedia.org/wiki/M%26G,1931.0,year,,https://en.wikipedia.org/wiki/M%26G,source-read verified (CONFIRMED),VERIFIED_SOURCE_READ,reliable_verified,
05514581,MEPC,1946.0,,month,https://en.wikipedia.org/wiki/MEPC_plc,1946.0,year,,https://en.wikipedia.org/wiki/MEPC_plc,source-read verified (CONFIRMED),VERIFIED_SOURCE_READ,reliable_verified,
02953047,Magnet & Southerns,1918.0,,year,https://en.wikipedia.org/wiki/Magnet_Kitchens,1918.0,year,,https://en.wikipedia.org/wiki/Magnet_Kitchens,source-read verified (CONFIRMED),VERIFIED_SOURCE_READ,reliable_verified,
SC639139,Marconi,1897.0,,month,https://en.wikipedia.org/wiki/Marconi_Company,1897.0,year,,https://en.wikipedia.org/wiki/Marconi_Company,source-read verified (CONFIRMED),VERIFIED_SOURCE_READ,reliable_verified,
04256886,Marks and Spencer Group,1884.0,,year,https://en.wikipedia.org/wiki/Marks_%26_Spencer,1884.0,year,,https://en.wikipedia.org/wiki/Marks_%26_Spencer,source-read verified (CONFIRMED),VERIFIED_SOURCE_READ,reliable_verified,
08338604,Mediclinic International plc,2012.0,2012-12-20,day,https://find-and-update.company-information.service.gov.uk/company/08338604,1983.0,year,organic_business,https://en.wikipedia.org/wiki/Mediclinic_International,Mediclinic's hospital operating business was founded in South Africa in 1983.,CONTEXT_COHERENT_PRIOR_EVIDENCE,reliable_committed,
00432989,Meggitt,1947.0,1947-04-11,day,https://find-and-update.company-information.service.gov.uk/company/00432989,1947.0,year,organic_business,https://en.wikipedia.org/wiki/Meggitt,Meggitt operating business dates to 1947.,CONTEXT_COHERENT_PRIOR_EVIDENCE,reliable_committed,
04763064,Melrose,2003.0,2003-05-13,day,https://find-and-update.company-information.service.gov.uk/company/04763064,2003.0,year,organic_business,https://en.wikipedia.org/wiki/Melrose_Industries,Melrose Industries was founded in 2003.,CONTEXT_COHERENT_PRIOR_EVIDENCE,reliable_committed,
09800044,Melrose Industries,2003.0,,year,https://en.wikipedia.org/wiki/Melrose_Industries,2003.0,year,,https://en.wikipedia.org/wiki/Melrose_Industries,source-read verified (CONFIRMED),VERIFIED_SOURCE_READ,reliable_verified,
08700412,Merlin Entertainments,2013.0,2013-09-20,day,https://find-and-update.company-information.service.gov.uk/company/08700412,1999.0,year,management_buyout_creation,https://en.wikipedia.org/wiki/Merlin_Entertainments,Merlin was formed in 1999 through a management buyout of Vardon Attractions.,CONTEXT_COHERENT_PRIOR_EVIDENCE,reliable_committed,
15944520,Metlen Energy & Metals,2024.0,2024-09-09,day,https://find-and-update.company-information.service.gov.uk/company/15944520,1990.0,year,organic_business,https://en.wikipedia.org/wiki/Metlen_Energy_%26_Metals,The business was founded as Mytilineos Holdings in 1990; 2024 is the UK relocation/listing vehicle.,CONTEXT_COHERENT_PRIOR_EVIDENCE,reliable_committed,
05134647,Micro Focus International,2004.0,2004-05-21,day,https://find-and-update.company-information.service.gov.uk/company/05134647,1976.0,year,organic_business,https://en.wikipedia.org/wiki/Micro_Focus,Micro Focus was founded in 1976.,CONTEXT_COHERENT_PRIOR_EVIDENCE,reliable_committed,
02366928,Midlands Electricity,1989.0,1989-04-01,day,https://find-and-update.company-information.service.gov.uk/company/02366928,1990.0,year,privatisation_created_company,https://en.wikipedia.org/wiki/Midlands_Electricity,Midlands Electricity plc was created in 1990 on privatisation of the Midlands Electricity Board (itself dating to 1948); not a startup.,CONTEXT_COHERENT_PRIOR_EVIDENCE,reliable_committed,
04551498,Mitchells & Butlers,1898.0,,year,https://en.wikipedia.org/wiki/Mitchells_%26_Butlers_Brewery,2003.0,day,,https://en.wikipedia.org/wiki/Mitchells_%26_Butlers_Brewery,source-read verified (WRONG_SOURCE),VERIFIED_SOURCE_READ,reliable_verified,2003-04-15
06209386,Mondi,2007.0,2007-04-11,day,https://find-and-update.company-information.service.gov.uk/company/06209386,1967.0,year,business_origin,https://en.wikipedia.org/wiki/Mondi,Mondi's paper and packaging business began in South Africa in 1967.,CONTEXT_COHERENT_PRIOR_EVIDENCE,reliable_committed,
00358949,Morrison (Wm.),1940.0,1940-01-22,day,https://find-and-update.company-information.service.gov.uk/company/00358949,1899.0,year,organic_business,https://www.morrisons-corporate.com/globalassets/corporatesite/sustainability/morrisons_sustainability_report_22_23_final.pdf,Morrisons began when William Morrison opened a market stall in Bradford in 1899; 1940 is the later incorporated company.,CONTEXT_COHERENT_PRIOR_EVIDENCE,reliable_committed,
16271657,NFC,1948.0,,year,https://en.wikipedia.org/wiki/National_Freight_Corporation,1948.0,year,,https://en.wikipedia.org/wiki/National_Freight_Corporation,source-read verified (CONFIRMED),VERIFIED_SOURCE_READ,reliable_verified,
07712220,NMC Health,1975.0,,year,https://en.wikipedia.org/wiki/NMC_Health,1974.0,year,,https://en.wikipedia.org/wiki/NMC_Health,source-read verified (CORRECTED),VERIFIED_SOURCE_READ,reliable_verified,
11785532,NatWest,1968.0,,year,https://en.wikipedia.org/wiki/NatWest,1658.0,year,,https://en.wikipedia.org/wiki/NatWest,source-read verified (CORRECTED),VERIFIED_SOURCE_READ,reliable_verified,
04031152,National Grid Group plc,1990.0,,month,https://en.wikipedia.org/wiki/National_Grid_plc,1990.0,year,,https://en.wikipedia.org/wiki/National_Grid_plc,source-read verified (CONFIRMED),VERIFIED_SOURCE_READ,reliable_verified,
12818602,National Power,1990.0,,year,https://en.wikipedia.org/wiki/National_Power,1990.0,year,,https://en.wikipedia.org/wiki/National_Power,source-read verified (CONFIRMED),VERIFIED_SOURCE_READ,reliable_verified,
04412362,Next,1864.0,,year,https://en.wikipedia.org/wiki/Next_plc,1864.0,year,,https://en.wikipedia.org/wiki/Next_plc,source-read verified (CONFIRMED),VERIFIED_SOURCE_READ,reliable_verified,
03528619,North West Water,1989.0,,year,https://en.wikipedia.org/wiki/United_Utilities,1989.0,year,business_founding,https://en.wikipedia.org/wiki/United_Utilities,,PASS_DIRECT,reliable_committed,
00471864,Northern Foods,1949.0,1949-08-15,day,https://find-and-update.company-information.service.gov.uk/company/00471864,1937.0,year,organic_business,https://en.wikipedia.org/wiki/Northern_Foods,Northern Foods traces to the dairy business founded by Alec Horsley in 1937.,CONTEXT_COHERENT_PRIOR_EVIDENCE,reliable_committed,
16351760,Northern Rock,1965.0,,year,https://en.wikipedia.org/wiki/Northern_Rock,1850.0,year,,https://en.wikipedia.org/wiki/Northern_Rock,source-read verified (CORRECTED),VERIFIED_SOURCE_READ,reliable_verified,
02468686,Norwich Union,1797.0,,year,https://en.wikipedia.org/wiki/Norwich_Union,1797.0,year,,https://en.wikipedia.org/wiki/Norwich_Union,source-read verified (CONFIRMED),VERIFIED_SOURCE_READ,reliable_verified,
09406669,Nycomed Amersham,1940.0,,year,https://en.wikipedia.org/wiki/Amersham_plc,1946.0,year,,https://en.wikipedia.org/wiki/Amersham_plc,source-read verified (CORRECTED),VERIFIED_SOURCE_READ,reliable_verified,
07098618,Ocado Group,2009.0,2009-12-08,day,https://find-and-update.company-information.service.gov.uk/company/07098618,2000.0,year,organic_business,https://www.ocadogroup.com/about-us/our-history,Ocado was founded in 2000; pilot deliveries began in 2001.,CONTEXT_COHERENT_PRIOR_EVIDENCE,reliable_committed,
00073975,Ocean Group (now Exel),1902.0,1902-06-06,day,https://find-and-update.company-information.service.gov.uk/company/00073975,1866.0,year,predecessor_continuity,https://en.wikipedia.org/wiki/Ocean_Group,Uses Ocean Steam Ship Company/Blue Funnel operating lineage from 1866 rather than later legal entity.,CONTEXT_COHERENT_PRIOR_EVIDENCE,reliable_committed,
12670975,Orange,1994.0,,year,https://en.wikipedia.org/wiki/Orange_(UK),1994.0,day,,https://en.wikipedia.org/wiki/Orange_(UK),source-read verified (CONFIRMED),VERIFIED_SOURCE_READ,reliable_verified,1994-03-28
RC000404,P&O,1981.0,1981-01-01,day,https://find-and-update.company-information.service.gov.uk/company/RC000404,,month,organic_business,https://www.poferries.com/en/our-heritage,P&O regards 22 Aug 1837 as its foundation/operating start.,CONTEXT_COHERENT_PRIOR_EVIDENCE,reliable_committed,
03902746,P&O Princess Cruises,2000.0,2000-01-05,day,https://find-and-update.company-information.service.gov.uk/company/03902746,,month,demerger_created_company,https://www.asx.com.au/asx/v2/statistics/displayAnnouncement.do?announcementId=215383&display=text&documentDate=2000-10-23&documentNumber=220874&issuerId=1050,P&O's cruises businesses were demerged to create the newly listed P&O Princess Cruises plc on 23 October 2000.,CONTEXT_COHERENT_PRIOR_EVIDENCE,reliable_committed,
00053723,Pearson,1897.0,1897-08-12,day,https://find-and-update.company-information.service.gov.uk/company/00053723,1844.0,year,organic_business,https://en.wikipedia.org/wiki/Pearson_plc,Pearson traces to Samuel Pearson's construction business founded in 1844.,CONTEXT_COHERENT_PRIOR_EVIDENCE,reliable_committed,
02366640,Pennon Group,1989.0,,year,https://en.wikipedia.org/wiki/Pennon_Group,1989.0,year,,https://en.wikipedia.org/wiki/Pennon_Group,source-read verified (CONFIRMED),VERIFIED_SOURCE_READ,reliable_verified,
05525338,Persimmon,2005.0,2005-08-02,day,https://find-and-update.company-information.service.gov.uk/company/05525338,1972.0,year,organic_business,https://en.wikipedia.org/wiki/Persimmon_plc,Persimmon was founded in 1972.,CONTEXT_COHERENT_PRIOR_EVIDENCE,reliable_committed,
16051356,Petrofac,1981.0,,month,https://en.wikipedia.org/wiki/Petrofac,1981.0,year,,https://en.wikipedia.org/wiki/Petrofac,source-read verified (CONFIRMED),VERIFIED_SOURCE_READ,reliable_verified,
10691596,Phoenix Group Holdings,2017.0,2017-03-27,day,https://find-and-update.company-information.service.gov.uk/company/10691596,,month,restructuring_aggregation,https://find-and-update.company-information.service.gov.uk/company/10691596,Phoenix is a restructuring/closed-book insurance aggregation group; current holdco incorporation is not a clean business birth.,CONTEXT_COHERENT_PRIOR_EVIDENCE,reliable_committed,
00041495,Pilkington plc,1894.0,1894-06-30,day,https://find-and-update.company-information.service.gov.uk/company/00041495,1826.0,year,organic_business,https://en.wikipedia.org/wiki/Pilkington,Pilkington glass business was founded in 1826.,CONTEXT_COHERENT_PRIOR_EVIDENCE,reliable_committed,
03224867,Polar Capital Technology Trust,1996.0,,month,https://en.wikipedia.org/wiki/Polar_Capital_Technology_Trust,1996.0,month,,https://en.wikipedia.org/wiki/Polar_Capital_Technology_Trust,source-read verified (CONFIRMED),VERIFIED_SOURCE_READ,reliable_verified,
12181667,Polly Peck,1940.0,,year,https://en.wikipedia.org/wiki/Polly_Peck,1940.0,year,,https://en.wikipedia.org/wiki/Polly_Peck,source-read verified (CONFIRMED),VERIFIED_SOURCE_READ,reliable_verified,
03586615,PowerGen Plc,1989.0,,year,https://en.wikipedia.org/wiki/E.ON_UK,1989.0,year,business_founding,https://en.wikipedia.org/wiki/E.ON_UK,,PASS_DIRECT,reliable_committed,
01397169,Prudential,1978.0,1978-11-01,day,https://find-and-update.company-information.service.gov.uk/company/01397169,,month,organic_business,https://www.prudentialplc.com/content/dam/prudential-plc/investor/results-and-reports/all-reports/2019/prudential-plc-2019-half-year-financial-report.pdf.coredownload.inline.pdf,Prudential was established in May 1848.,CONTEXT_COHERENT_PRIOR_EVIDENCE,reliable_committed,
11353526,Psion,1980.0,,year,https://en.wikipedia.org/wiki/Psion_(company),1980.0,year,,https://en.wikipedia.org/wiki/Psion_(company),source-read verified (CONFIRMED),VERIFIED_SOURCE_READ,reliable_verified,
03752645,Punch Taverns,1999.0,1999-04-15,day,https://find-and-update.company-information.service.gov.uk/company/03752645,1997.0,year,acquisition_platform_creation,https://en.wikipedia.org/wiki/Punch_Pubs,Punch was established in 1997 when founders bought the Bass pub portfolio.,CONTEXT_COHERENT_PRIOR_EVIDENCE,reliable_committed,
09909380,RMC Group,1930.0,,year,https://en.wikipedia.org/wiki/RMC_Group,1930.0,year,,https://en.wikipedia.org/wiki/RMC_Group,source-read verified (CONFIRMED),VERIFIED_SOURCE_READ,reliable_verified,
09220362,Racal Electronics,1950.0,,year,https://en.wikipedia.org/wiki/Racal,1950.0,year,,https://en.wikipedia.org/wiki/Racal,source-read verified (CONFIRMED),VERIFIED_SOURCE_READ,reliable_verified,
17225057,Railtrack,1994.0,,month,https://en.wikipedia.org/wiki/Railtrack,1994.0,day,,https://en.wikipedia.org/wiki/Railtrack,source-read verified (CONFIRMED),VERIFIED_SOURCE_READ,reliable_verified,1994-04-01
06270876,Reckitt,1840.0,,year,https://en.wikipedia.org/wiki/Reckitt_and_Sons,1840.0,year,,https://en.wikipedia.org/wiki/Reckitt_and_Sons,source-read verified (CONFIRMED),VERIFIED_SOURCE_READ,reliable_verified,
00137294,Redland,1914.0,1914-07-13,day,https://find-and-update.company-information.service.gov.uk/company/00137294,1919.0,year,organic_business,https://en.wikipedia.org/wiki/Redland_plc,Business traces to Redhill Tile Company established in 1919.,CONTEXT_COHERENT_PRIOR_EVIDENCE,reliable_committed,
06716899,Reinshaw,2008.0,2008-10-07,day,https://find-and-update.company-information.service.gov.uk/company/06716899,,year,organic_business,https://www.renishaw.com/en/our-history--32458,Dataset company name appears to be a misspelling of Renishaw; Renishaw's own history states it was established in 1973.,CONTEXT_COHERENT_PRIOR_EVIDENCE,reliable_committed,
00218107,Rentokil,1926.0,1926-12-10,day,https://find-and-update.company-information.service.gov.uk/company/00218107,1925.0,year,organic_business,https://www.rentokil.co.uk/assets/content/files/rentokil-100-pestival-pdf-leaflet.pdf,Rentokil was founded in 1925.,CONTEXT_COHERENT_PRIOR_EVIDENCE,reliable_committed,
05393279,Rentokil Initial,2005.0,2005-03-15,day,https://find-and-update.company-information.service.gov.uk/company/05393279,1996.0,year,merger_created_business,https://en.wikipedia.org/wiki/Rentokil_Initial,Rentokil Initial was formed in 1996 through the Rentokil/BET combination; Rentokil lineage is older.,CONTEXT_COHERENT_PRIOR_EVIDENCE,reliable_committed,
03477402,Reuters,1851.0,,month,https://en.wikipedia.org/wiki/Reuters,1851.0,year,,https://en.wikipedia.org/wiki/Reuters,source-read verified (CONFIRMED),VERIFIED_SOURCE_READ,reliable_verified,
00191285,Rexam,1923.0,1923-07-13,day,https://find-and-update.company-information.service.gov.uk/company/00191285,1881.0,year,predecessor_continuity,https://en.wikipedia.org/wiki/Rexam,Uses W.V. Bowater operating origin in 1881.,CONTEXT_COHERENT_PRIOR_EVIDENCE,reliable_committed,
06426485,Rightmove,2007.0,2007-11-14,day,https://find-and-update.company-information.service.gov.uk/company/06426485,2000.0,year,organic_business,https://en.wikipedia.org/wiki/Rightmove,Rightmove was founded in 2000.,CONTEXT_COHERENT_PRIOR_EVIDENCE,reliable_committed,
00719885,Rio Tinto,1962.0,1962-03-30,day,https://find-and-update.company-information.service.gov.uk/company/00719885,1873.0,year,organic_business,https://en.wikipedia.org/wiki/Rio_Tinto_(corporation),Rio Tinto company was formed in 1873 to operate the Spanish mines.,CONTEXT_COHERENT_PRIOR_EVIDENCE,reliable_committed,
01003142,Rolls Royce,1971.0,1971-02-23,day,https://find-and-update.company-information.service.gov.uk/company/01003142,1906.0,year,predecessor_continuity,https://en.wikipedia.org/wiki/Rolls-Royce_Holdings,Uses Rolls-Royce Limited operating origin in 1906; 1971 company is a nationalisation successor.,CONTEXT_COHERENT_PRIOR_EVIDENCE,reliable_committed,
03045251,Rothmans International,1890.0,,year,https://en.wikipedia.org/wiki/Rothmans_International,1890.0,year,,https://en.wikipedia.org/wiki/Rothmans_International,source-read verified (CONFIRMED),VERIFIED_SOURCE_READ,reliable_verified,
01455051,Rothschild (J) Holdings,1979.0,1979-10-18,day,https://find-and-update.company-information.service.gov.uk/company/01455051,1979.0,year,investment_company_origin,https://en.wikipedia.org/wiki/RIT_Capital_Partners,J. Rothschild Holdings/RIT Capital Partners traces its listed investment-company form to 1979.,CONTEXT_COHERENT_PRIOR_EVIDENCE,reliable_committed,
02339826,Royal & Sun Alliance,1989.0,1989-01-26,day,https://find-and-update.company-information.service.gov.uk/company/02339826,1996.0,year,merger_created_business,https://www.sec.gov/Archives/edgar/data/1126313/000102123106000355/b822558-20f.htm,Royal & SunAlliance was formed in 1996 by the merger of Royal Insurance and Sun Alliance; the 1989 CH date is a predecessor/legal vehicle.,CONTEXT_COHERENT_PRIOR_EVIDENCE,reliable_committed,
00100097,Royal & Sun Alliance Insurance,1908.0,1908-10-31,day,https://find-and-update.company-information.service.gov.uk/company/00100097,1996.0,year,merger_created_business,https://en.wikipedia.org/wiki/RSA_Insurance_Group,Royal & Sun Alliance was created by merger in 1996.,CONTEXT_COHERENT_PRIOR_EVIDENCE,reliable_committed,
04366849,Royal Dutch Shell A&B,2002.0,2002-02-05,day,https://find-and-update.company-information.service.gov.uk/company/04366849,,month,merger_created_group,https://www.shell.com/who-we-are/our-history/our-company-history.html,Royal Dutch and Shell combined in 1907; the 2002/2005 plc structure was a later unification vehicle.,CONTEXT_COHERENT_PRIOR_EVIDENCE,reliable_committed,
01516396,Royal Insurance,1980.0,1980-09-08,day,https://find-and-update.company-information.service.gov.uk/company/01516396,,month,organic_business,https://collection.sciencemuseumgroup.org.uk/people/ap17748/royal-insurance-company-ltd,Royal Insurance was founded in Liverpool on 11 March 1845; 1980 is a later holding/legal entity.,CONTEXT_COHERENT_PRIOR_EVIDENCE,reliable_committed,
14240638,Royal Mail,1516.0,,year,https://en.wikipedia.org/wiki/Royal_Mail,1516.0,year,,https://en.wikipedia.org/wiki/Royal_Mail,source-read verified (CONFIRMED),VERIFIED_SOURCE_READ,reliable_verified,
03680472,SLPH,1825.0,,month,https://en.wikipedia.org/wiki/Standard_Life,1825.0,year,,https://en.wikipedia.org/wiki/Standard_Life,source-read verified (CONFIRMED),VERIFIED_SOURCE_READ,reliable_verified,
00231824,Saatchi & Saatchi,1928.0,1928-07-07,day,https://find-and-update.company-information.service.gov.uk/company/00231824,1970.0,year,organic_business,https://en.wikipedia.org/wiki/Saatchi_%26_Saatchi,Saatchi & Saatchi was founded in 1970; the 1928 CH vehicle is clearly not its business birth.,CONTEXT_COHERENT_PRIOR_EVIDENCE,reliable_committed,
01299733,Safeway,1977.0,1977-02-23,day,https://find-and-update.company-information.service.gov.uk/company/01299733,1962.0,year,organic_business,https://en.wikipedia.org/wiki/Safeway_%28UK%29,Safeway Food Stores was established in the UK in 1962; 1977 is the later Argyll corporate vehicle.,CONTEXT_COHERENT_PRIOR_EVIDENCE,reliable_committed,
02231246,Sage Group,1988.0,1988-03-16,day,https://find-and-update.company-information.service.gov.uk/company/02231246,1981.0,year,organic_business,https://www.sage.com/en-gb/company/about-sage/how-we-started/,Sage was formed in 1981 to sell accounting software.,CONTEXT_COHERENT_PRIOR_EVIDENCE,reliable_committed,
00185647,Sainsbury's,1922.0,1922-11-10,day,https://find-and-update.company-information.service.gov.uk/company/00185647,1869.0,year,organic_business,https://en.wikipedia.org/wiki/Sainsbury%27s,Sainsbury's operating business began in 1869; 1922 is the later incorporated company.,CONTEXT_COHERENT_PRIOR_EVIDENCE,reliable_committed,
03909886,Schroders,1804.0,,year,https://en.wikipedia.org/wiki/Schroders,1804.0,year,,https://en.wikipedia.org/wiki/Schroders,source-read verified (CONFIRMED),VERIFIED_SOURCE_READ,reliable_verified,
SC016288,Scottish & Newcastle Breweries,1931.0,1931-01-14,day,https://find-and-update.company-information.service.gov.uk/company/SC016288,1960.0,year,merger_created_business,https://www.heineken.co.uk/about/our-history/,Scottish & Newcastle Brewers was formed by merger in 1960.,CONTEXT_COHERENT_PRIOR_EVIDENCE,reliable_committed,
SC585480,Scottish Hydro Electricity,1943.0,,year,https://en.wikipedia.org/wiki/North_of_Scotland_Hydro-Electric_Board,1943.0,year,,https://en.wikipedia.org/wiki/North_of_Scotland_Hydro-Electric_Board,source-read verified (CONFIRMED),VERIFIED_SOURCE_READ,reliable_verified,
SC007058,Scottish Mortgage Investment,1909.0,1909-03-17,day,https://find-and-update.company-information.service.gov.uk/company/SC007058,1909.0,year,organic_business,https://www.scottishmortgage.com/en/uk/individual-investors/about-us,Scottish Mortgage launched in 1909.,CONTEXT_COHERENT_PRIOR_EVIDENCE,reliable_committed,
SC193794,Scottish Power,1955.0,,year,https://en.wikipedia.org/wiki/South_of_Scotland_Electricity_Board,1955.0,year,predecessor_continuity,https://en.wikipedia.org/wiki/South_of_Scotland_Electricity_Board,The South of Scotland Electricity Board was founded in 1955 and its non-nuclear assets were later privatised into ScottishPower. The 1955 value is retained solely as explicit predecessor operating lineage; ScottishPower itself was formed in 1990.,PASS_LINEAGE_RECLASSIFIED,reliable_committed,
00120271,Sears plc,1912.0,1912-02-15,day,https://find-and-update.company-information.service.gov.uk/company/00120271,1891.0,year,predecessor_continuity,https://en.wikipedia.org/wiki/Sears_plc,Uses the operating lineage beginning with True Form footwear in 1891.,CONTEXT_COHERENT_PRIOR_EVIDENCE,reliable_committed,
00057379,Securicor,1898.0,1898-05-16,day,https://find-and-update.company-information.service.gov.uk/company/00057379,1935.0,year,organic_business,https://en.wikipedia.org/wiki/Securicor,Founded as Nightwatch Services in 1935.,CONTEXT_COHERENT_PRIOR_EVIDENCE,reliable_committed,
13246881,Segro,1920.0,,year,https://en.wikipedia.org/wiki/Segro,1920.0,year,,https://en.wikipedia.org/wiki/Segro,source-read verified (CONFIRMED),VERIFIED_SOURCE_READ,reliable_verified,
05224547,Sema,,,unknown,,1988.0,year,merger_created_business,https://en.wikipedia.org/wiki/Sema_Group,Sema Group was founded in 1988 by merger of CAP Group and Sema-Metra.,CONTEXT_COHERENT_PRIOR_EVIDENCE,reliable_committed,
16640835,Sema Group Plc,1988.0,,year,https://en.wikipedia.org/wiki/Sema_Group,1988.0,year,,https://en.wikipedia.org/wiki/Sema_Group,source-read verified (CONFIRMED),VERIFIED_SOURCE_READ,reliable_verified,
02048608,Serco Group,1986.0,1986-08-21,day,https://find-and-update.company-information.service.gov.uk/company/02048608,1929.0,year,predecessor_continuity,https://en.wikipedia.org/wiki/Serco,Uses RCA Services operating origin in 1929.,CONTEXT_COHERENT_PRIOR_EVIDENCE,reliable_committed,
02366619,Severn Trent,1989.0,1989-04-01,day,https://find-and-update.company-information.service.gov.uk/company/02366619,,month,state_authority_origin,https://en.wikipedia.org/wiki/Severn_Trent,Uses creation of Severn Trent Water Authority in April 1974; plc followed in 1989 privatisation.,CONTEXT_COHERENT_PRIOR_EVIDENCE,reliable_committed,
00054485,Shell Transport & Trading Co,1897.0,1897-10-18,day,https://find-and-update.company-information.service.gov.uk/company/00054485,1897.0,year,organic_business,https://www.shell.com/who-we-are/our-history/our-company-history.html,Shell Transport and Trading Company was established in 1897.,CONTEXT_COHERENT_PRIOR_EVIDENCE,reliable_committed,
02031674,Shire Pharmaceuticals,1986.0,1986-06-26,day,https://find-and-update.company-information.service.gov.uk/company/02031674,1986.0,year,organic_business,https://en.wikipedia.org/wiki/Shire_(pharmaceutical_company),Shire was founded in 1986.,CONTEXT_COHERENT_PRIOR_EVIDENCE,reliable_committed,
08577185,Slough Estates,1920.0,,month,https://en.wikipedia.org/wiki/Segro,1920.0,year,predecessor_continuity,https://www.segro.com/en/about/history,SEGRO's own history states The Slough Trading Company was founded in 1920 and renamed Slough Estates in 1926.,CONTEXT_COHERENT_PRIOR_EVIDENCE,reliable_committed,
00324357,Smith & Nephew PLC,1937.0,1937-02-17,day,https://find-and-update.company-information.service.gov.uk/company/00324357,1856.0,year,organic_business,https://en.wikipedia.org/wiki/Smith_%26_Nephew,Thomas James Smith founded the medical-products business in 1856.,CONTEXT_COHERENT_PRIOR_EVIDENCE,reliable_committed,
01377658,Smith (DS),1978.0,1978-07-07,day,https://find-and-update.company-information.service.gov.uk/company/01377658,1940.0,year,organic_business,https://en.wikipedia.org/wiki/DS_Smith,DS Smith was founded in 1940.,CONTEXT_COHERENT_PRIOR_EVIDENCE,reliable_committed,
05202036,Smith (W.H.),1792.0,,year,https://en.wikipedia.org/wiki/WHSmith,1792.0,year,,https://en.wikipedia.org/wiki/WHSmith,source-read verified (CONFIRMED),VERIFIED_SOURCE_READ,reliable_verified,
17136683,Smith Industries,1851.0,,year,https://en.wikipedia.org/wiki/Smiths_Group,1851.0,year,,https://en.wikipedia.org/wiki/Smiths_Group,source-read verified (CONFIRMED),VERIFIED_SOURCE_READ,reliable_verified,
02337959,SmithKline Beecham,1989.0,1989-01-24,day,https://find-and-update.company-information.service.gov.uk/company/02337959,,month,merger_created_business,https://www.gsk.com/en-gb/company/history-and-heritage/,SmithKline Beecham was formed in 1989 by merger; predecessor pharmaceutical businesses are much older.,CONTEXT_COHERENT_PRIOR_EVIDENCE,reliable_committed,
00137013,Smiths Group,1914.0,1914-07-15,day,https://find-and-update.company-information.service.gov.uk/company/00137013,1851.0,year,organic_business,https://en.wikipedia.org/wiki/Smiths_Group,Smiths traces to Samuel Smith's clock/watch business founded in 1851.,CONTEXT_COHERENT_PRIOR_EVIDENCE,reliable_committed,
00391027,Smiths Industries plc,1944.0,1944-11-09,day,https://find-and-update.company-information.service.gov.uk/company/00391027,1851.0,year,predecessor_continuity,https://en.wikipedia.org/wiki/Smiths_Group,Uses Smiths operating lineage from 1851.,CONTEXT_COHERENT_PRIOR_EVIDENCE,reliable_committed,
SC117119,Southern Electric,1989.0,1989-04-01,day,https://find-and-update.company-information.service.gov.uk/company/SC117119,1948.0,year,nationalised_board_origin,https://en.wikipedia.org/wiki/Southern_Electric,Southern Electricity Board was created in 1948; Southern Electric plc was the 1990 privatisation successor.,CONTEXT_COHERENT_PRIOR_EVIDENCE,reliable_committed,
15436803,Spirax-Sarco Engineering,1888.0,,year,https://en.wikipedia.org/wiki/Spirax_Group,1888.0,year,,https://en.wikipedia.org/wiki/Spirax_Group,source-read verified (CONFIRMED),VERIFIED_SOURCE_READ,reliable_verified,
00720989,Spirent,1962.0,1962-04-09,day,https://find-and-update.company-information.service.gov.uk/company/00720989,1936.0,year,organic_business,https://en.wikipedia.org/wiki/Spirent,Spirent's predecessor Goodliffe Electric Supplies was founded in 1936.,CONTEXT_COHERENT_PRIOR_EVIDENCE,reliable_committed,
11775757,Sports Direct International,1982.0,,year,https://en.wikipedia.org/wiki/Sports_Direct,1982.0,year,,https://en.wikipedia.org/wiki/Sports_Direct,source-read verified (CONFIRMED),VERIFIED_SOURCE_READ,reliable_verified,
03183415,St. James's Place,1996.0,1996-04-01,day,https://find-and-update.company-information.service.gov.uk/company/03183415,1991.0,year,organic_business,https://en.wikipedia.org/wiki/St._James%27s_Place_plc,St. James's Place was founded in 1991 as J. Rothschild Assurance.,CONTEXT_COHERENT_PRIOR_EVIDENCE,reliable_committed,
SC100764,Stagecoach Group,1986.0,1986-09-04,day,https://find-and-update.company-information.service.gov.uk/company/SC100764,1980.0,year,organic_business,https://en.wikipedia.org/wiki/Stagecoach_Group,Stagecoach was founded in 1980.,CONTEXT_COHERENT_PRIOR_EVIDENCE,reliable_committed,
SC212093,Stagecoach Holdings,1980.0,,month,https://en.wikipedia.org/wiki/Stagecoach_Group,1976.0,year,,https://en.wikipedia.org/wiki/Stagecoach_Group,source-read verified (CORRECTED),VERIFIED_SOURCE_READ,reliable_verified,
00966425,Standard Chartered,1969.0,1969-11-18,day,https://find-and-update.company-information.service.gov.uk/company/00966425,1969.0,year,merger_created_business,https://en.wikipedia.org/wiki/Standard_Chartered,Standard Chartered was formed in 1969 by merger of Chartered Bank and Standard Bank.,CONTEXT_COHERENT_PRIOR_EVIDENCE,reliable_committed,
11606773,Standard Life,1825.0,,month,https://en.wikipedia.org/wiki/Standard_Life,1825.0,year,,https://en.wikipedia.org/wiki/Standard_Life,source-read verified (CONFIRMED),VERIFIED_SOURCE_READ,reliable_verified,
00776273,Sun Life Assurance Society,1963.0,1963-10-04,day,https://find-and-update.company-information.service.gov.uk/company/00776273,,month,organic_business,https://en.wikipedia.org/wiki/SunLife,Sun Life Assurance Society was established 28 Mar 1810.,CONTEXT_COHERENT_PRIOR_EVIDENCE,reliable_committed,
06072876,TUI Travel,2007.0,2007-01-29,day,https://find-and-update.company-information.service.gov.uk/company/06072876,,month,merger_created_business,https://www.annualreports.com/HostedData/AnnualReportArchive/t/LSE_tt_2009.pdf,TUI Travel was created on 3 September 2007 from First Choice and TUI AG's tourism division.,CONTEXT_COHERENT_PRIOR_EVIDENCE,reliable_committed,
12283210,Tate & Lyle,1859.0,,year,https://en.wikipedia.org/wiki/Tate_%26_Lyle,1859.0,year,,https://en.wikipedia.org/wiki/Tate_%26_Lyle,source-read verified (CONFIRMED),VERIFIED_SOURCE_READ,reliable_verified,
00296805,Taylor Wimpey,1935.0,1935-02-01,day,https://find-and-update.company-information.service.gov.uk/company/00296805,2007.0,month,merger_created_business,https://www.taylorwimpey.co.uk/corporate/investors/at-a-glance,Taylor Wimpey states it was established from the merger of George Wimpey and Taylor Woodrow in 2007.,CONTEXT_COHERENT_PRIOR_EVIDENCE,reliable_committed,
SC080891,Telewest Communications,1982.0,1982-11-17,day,https://find-and-update.company-information.service.gov.uk/company/SC080891,1992.0,year,merger_created_business,https://en.wikipedia.org/wiki/Telewest,Telewest was formed in 1992 through merger of Croydon Cable and United Cable.,CONTEXT_COHERENT_PRIOR_EVIDENCE,reliable_committed,
00445790,Tesco,1947.0,1947-11-27,day,https://find-and-update.company-information.service.gov.uk/company/00445790,1919.0,year,organic_business,https://collection.sciencemuseumgroup.org.uk/people/cp21587/tesco-plc,Jack Cohen began the Tesco retail business in 1919.,CONTEXT_COHERENT_PRIOR_EVIDENCE,reliable_committed,
02366623,Thames Water,1989.0,1989-04-01,day,https://find-and-update.company-information.service.gov.uk/company/02366623,,month,state_authority_origin,https://en.wikipedia.org/wiki/Thames_Water_Authority,Uses Thames Water Authority operating origin on 1 Apr 1974; private plc followed in 1989.,CONTEXT_COHERENT_PRIOR_EVIDENCE,reliable_committed,
03613919,The Energy Group,1948.0,,year,https://en.wikipedia.org/wiki/Eastern_Electricity,1990.0,year,business_origin,https://en.wikipedia.org/wiki/Eastern_Electricity,"The cited Eastern Electricity history states that the origins of The Energy Group date to 1990, when Hanson acquired Peabody Energy. The previously reported 1948 date is the creation of the Eastern Electricity Board and is not stated as The Energy Group's origin.",CORRECTED_VALUE,reliable_committed,
06091951,Thomas Cook Group,2007.0,2007-02-08,day,https://find-and-update.company-information.service.gov.uk/company/06091951,,month,merger_created_business,https://www.annualreports.com/HostedData/AnnualReportArchive/T/LSE_TCG_2007.pdf,Thomas Cook Group's first annual report says the newly formed group resulted from the Thomas Cook/MyTravel merger completed in June 2007.,CONTEXT_COHERENT_PRIOR_EVIDENCE,reliable_committed,
03158105,Thorn EMI plc,1928.0,,month,https://en.wikipedia.org/wiki/Thorn_Electrical_Industries,1928.0,day,,https://en.wikipedia.org/wiki/Thorn_Electrical_Industries,source-read verified (CONFIRMED),VERIFIED_SOURCE_READ,reliable_verified,1928-03-29
03182775,Thorn plc,1928.0,,month,https://en.wikipedia.org/wiki/Thorn_Electrical_Industries,1928.0,year,predecessor_continuity,https://en.wikipedia.org/wiki/Thorn_Electrical_Industries,,PASS_LINEAGE_RECLASSIFIED,reliable_committed,
06798969,Thus,1994.0,,year,https://en.wikipedia.org/wiki/Thus_(company),1994.0,year,,https://en.wikipedia.org/wiki/Thus_(company),source-read verified (CONFIRMED),VERIFIED_SOURCE_READ,reliable_verified,
12664251,Tomkins,1925.0,,year,https://en.wikipedia.org/wiki/Tomkins_plc,1925.0,year,,https://en.wikipedia.org/wiki/Tomkins_plc,source-read verified (CONFIRMED),VERIFIED_SOURCE_READ,reliable_verified,
16570860,Trafalgar House,1958.0,,year,https://en.wikipedia.org/wiki/Trafalgar_House_(company),1963.0,year,,https://en.wikipedia.org/wiki/Trafalgar_House_(company),source-read verified (CORRECTED),VERIFIED_SOURCE_READ,reliable_verified,
00824821,Travis Perkins,1964.0,1964-10-27,day,https://find-and-update.company-information.service.gov.uk/company/00824821,1797.0,year,predecessor_continuity,https://en.wikipedia.org/wiki/Travis_Perkins,Uses Benjamin Ingram joinery/carpentry business founded in 1797.,CONTEXT_COHERENT_PRIOR_EVIDENCE,reliable_committed,
08215888,Tritax Big Box REIT,2012.0,2012-09-14,day,https://find-and-update.company-information.service.gov.uk/company/08215888,2013.0,year,organic_business,https://en.wikipedia.org/wiki/Tritax_Big_Box_REIT,Tritax Big Box REIT launched in 2013.,CONTEXT_COHERENT_PRIOR_EVIDENCE,reliable_committed,
03919249,Tullow Oil,2000.0,2000-02-04,day,https://find-and-update.company-information.service.gov.uk/company/03919249,1985.0,year,organic_business,https://en.wikipedia.org/wiki/Tullow_Oil,Tullow Oil was founded in 1985.,CONTEXT_COHERENT_PRIOR_EVIDENCE,reliable_committed,
00041424,Unilever,1894.0,1894-06-21,day,https://find-and-update.company-information.service.gov.uk/company/00041424,1929.0,year,merger_created_business,https://en.wikipedia.org/wiki/Unilever,Unilever was formed in 1929 by merger of Lever Brothers and Margarine Unie.,CONTEXT_COHERENT_PRIOR_EVIDENCE,reliable_committed,
08169000,United Biscuits,1948.0,,year,https://www.referenceforbusiness.com/history2/48/United-Biscuits-Holdings-plc.html,1948.0,year,,https://www.referenceforbusiness.com/history2/48/United-Biscuits-Holdings-plc.html,source-read verified (CONFIRMED),VERIFIED_SOURCE_READ,reliable_verified,
06559020,United Utilities,1973.0,,year,https://en.wikipedia.org/wiki/North_West_Water,1989.0,year,predecessor_continuity,https://www.unitedutilities.com/corporate/investors/shareholders/share-price/,United Utilities states the group came into existence following water-industry privatisation in 1989 as North West Water Group; it acquired Norweb in 1995 and changed name in 1996.,CONTEXT_COHERENT_PRIOR_EVIDENCE,reliable_committed,
04740415,Vedanta Resources,2003.0,2003-04-22,day,https://find-and-update.company-information.service.gov.uk/company/04740415,1976.0,year,predecessor_continuity,https://www.vedantaresources.com/uploads/investor-overview/circulars-and-prospectus/bond-offering-circular-august-2017-01-aug-2017.pdf,Uses Anil Agarwal's metals business founded in 1976; Vedanta Resources plc was the later 2003 listing vehicle.,CONTEXT_COHERENT_PRIOR_EVIDENCE,reliable_committed,
00306718,Vistry Group,1935.0,1935-11-04,day,https://find-and-update.company-information.service.gov.uk/company/00306718,1885.0,year,predecessor_continuity,https://en.wikipedia.org/wiki/Vistry_Group,Uses Bovis housing-business lineage from 1885; Vistry name/structure is later.,CONTEXT_COHERENT_PRIOR_EVIDENCE,reliable_committed,
01833679,Vodafone Group,1984.0,1984-07-17,day,https://find-and-update.company-information.service.gov.uk/company/01833679,1982.0,year,organic_business,https://www.vodafone.com/sites/default/files/2021-01/About_Vodafone_Plc_December_2020.pdf,Vodafone was formed after Racal won the UK mobile licence in 1982; commercial service began in 1985.,CONTEXT_COHERENT_PRIOR_EVIDENCE,reliable_committed,
02670617,WPP Group,1991.0,1991-12-12,day,https://find-and-update.company-information.service.gov.uk/company/02670617,1985.0,year,acquisition_platform_creation,https://en.wikipedia.org/wiki/WPP_plc,"For the advertising group, operating birth is Martin Sorrell's 1985 acquisition of control to build the marketing-services business; the shell itself dates to 1971.",CONTEXT_COHERENT_PRIOR_EVIDENCE,reliable_committed,
SC002934,Weir Group,1895.0,1895-06-14,day,https://find-and-update.company-information.service.gov.uk/company/SC002934,1871.0,year,organic_business,https://en.wikipedia.org/wiki/Weir_Group,G. & J. Weir engineering business was established in 1871.,CONTEXT_COHERENT_PRIOR_EVIDENCE,reliable_committed,
01955498,Wellcome,1985.0,1985-11-06,day,https://find-and-update.company-information.service.gov.uk/company/01955498,1880.0,year,organic_business,https://en.wikipedia.org/wiki/Burroughs_Wellcome_%26_Company,Burroughs Wellcome & Co was founded in 1880.,CONTEXT_COHERENT_PRIOR_EVIDENCE,reliable_committed,
04120344,Whitbread,1742.0,,year,https://en.wikipedia.org/wiki/Whitbread,1742.0,year,,https://en.wikipedia.org/wiki/Whitbread,source-read verified (CONFIRMED),VERIFIED_SOURCE_READ,reliable_verified,
00968654,Wiggins Teape Appleton,1969.0,1969-12-18,day,https://find-and-update.company-information.service.gov.uk/company/00968654,1970.0,year,merger_created_business,https://en.wikipedia.org/wiki/Arjowiggins,Wiggins Teape Appleton was created around 1970 through combination of Wiggins Teape and Appleton interests; later Arjo combination occurred in 1990.,CONTEXT_COHERENT_PRIOR_EVIDENCE,reliable_committed,
04212563,William Hill,1934.0,,year,https://en.wikipedia.org/wiki/William_Hill_(bookmaker),1934.0,year,,https://en.wikipedia.org/wiki/William_Hill_(bookmaker),source-read verified (CONFIRMED),VERIFIED_SOURCE_READ,reliable_verified,
01386469,Willis Faber,1978.0,1978-09-01,day,https://find-and-update.company-information.service.gov.uk/company/01386469,1976.0,year,merger_created_business,https://en.wikipedia.org/wiki/Willis_Towers_Watson,"Willis Faber was formed in 1976 by merger of Willis, Faber & Dumas with another brokerage operation; predecessor broking businesses are older.",CONTEXT_COHERENT_PRIOR_EVIDENCE,reliable_committed,
00029846,Wolseley Plc,1889.0,1889-10-09,day,https://find-and-update.company-information.service.gov.uk/company/00029846,1887.0,year,organic_business,https://ise-prodnr-eu-west-1-data-integration.s3-eu-west-1.amazonaws.com/legacy/ListingParticulars_2f45cde7-a784-4ea9-b0c1-ab6d8b628c0c.PDF,Wolseley Sheep Shearing Machine Company was founded in 1887.,CONTEXT_COHERENT_PRIOR_EVIDENCE,reliable_committed,
SC278251,Wood Group (John),1982.0,,month,https://en.wikipedia.org/wiki/John_Wood_Group,1982.0,year,,https://en.wikipedia.org/wiki/John_Wood_Group,source-read verified (CONFIRMED),VERIFIED_SOURCE_READ,reliable_verified,
15712439,Woolwich,1847.0,,month,https://en.wikipedia.org/wiki/The_Woolwich,1847.0,year,,https://en.wikipedia.org/wiki/The_Woolwich,source-read verified (CONFIRMED),VERIFIED_SOURCE_READ,reliable_verified,
06732228,Woolworths,1909.0,,month,https://en.wikipedia.org/wiki/Woolworths_(United_Kingdom),1909.0,year,,https://en.wikipedia.org/wiki/Woolworths_(United_Kingdom),source-read verified (CONFIRMED),VERIFIED_SOURCE_READ,reliable_verified,
nan,Worldpay Group,1997.0,,year,https://en.wikipedia.org/wiki/Worldpay_Group,1989.0,year,,https://en.wikipedia.org/wiki/Worldpay_Group,source-read verified (CORRECTED),VERIFIED_SOURCE_READ,reliable_verified,
04345939,Xstrata,2001.0,2001-12-31,day,https://find-and-update.company-information.service.gov.uk/company/04345939,2001.0,year,reorganisation_created_business,https://en.wikipedia.org/wiki/Xstrata,Xstrata as the diversified mining group was created in 2001 from Südelektra and acquired operating mining assets thereafter.,CONTEXT_COHERENT_PRIOR_EVIDENCE,reliable_committed,
08815102,Yell Group,1966.0,,year,https://en.wikipedia.org/wiki/Yell_(company),1966.0,year,,https://en.wikipedia.org/wiki/Yell_(company),source-read verified (CONFIRMED),VERIFIED_SOURCE_READ,reliable_verified,
02723534,Zeneca Group,1992.0,1992-06-17,day,https://find-and-update.company-information.service.gov.uk/company/02723534,1993.0,month,demerger_created_company,https://www.astrazeneca.com/content/dam/az/Investor_Relations/annual-report-2017/AstraZeneca_AR_2017_Additional_Information.pdf,"AstraZeneca's company history states Zeneca was formed when ICI's pharmaceutical, agrochemical and specialty-chemical businesses were demerged in 1993.",CONTEXT_COHERENT_PRIOR_EVIDENCE,reliable_committed,
04190833,mmO2,2001.0,2001-03-30,day,https://find-and-update.company-information.service.gov.uk/company/04190833,,month,demerger_created_company,https://www.bt.com/bt-plc/assets/documents/investors/financial-reporting-and-news/listing-history/shareholder-circular.pdf,BT's shareholder circular gives 19 November 2001 as the effective date of the mmO2 demerger.,CONTEXT_COHERENT_PRIOR_EVIDENCE,reliable_committed,
