company_number,company_name,year,value,source_url
00102498,BP PLC,2005,94871298818.0,
00102498,BP PLC,2006,86978129369.0,
00102498,BP PLC,2007,94258237113.0,
00102498,BP PLC,2008,80617614181.0,
00102498,BP PLC,2009,91959255720.0,
00102498,BP PLC,2010,71352717296.0,
04190816,BT GROUP PLC,2016,36469860000.0,
15998687,Barratt Developments,2016,4577760000.0,
02280426,Direct Line Insurance Group,2016,5023840000.0,
02122142,Hargreaves Lansdown,2016,5701100000.0,
00358949,Morrison Supermarkets,2016,5388080484.0,
00077536,RELX PLC,2016,15656124684.0,
14240638,Royal Mail,2016,4621000000.0,
04191106,GKN,2016,5725485741.0,
03685527,Intu Properties,2016,3811728204.0,
08338604,Mediclinic International,2016,4159972000.0,
05134647,Micro Focus International,2016,4983508316.0,
00102498,BP PLC,2011,70578728765.0,
00102498,BP PLC,2012,65107151179.0,
SC095000,LLOYDS BANKING GROUP PLC,2004,180796881647.0,
SC095000,LLOYDS BANKING GROUP PLC,2005,186721510938.0,
SC095000,LLOYDS BANKING GROUP PLC,2006,218446980536.0,
SC095000,LLOYDS BANKING GROUP PLC,2007,180414649237.0,
SC095000,LLOYDS BANKING GROUP PLC,2008,48161526079.0,
SC095000,LLOYDS BANKING GROUP PLC,2009,29825330375.0,
SC095000,LLOYDS BANKING GROUP PLC,2010,38657016527.0,
SC095000,LLOYDS BANKING GROUP PLC,2011,15242162651.0,
SC095000,LLOYDS BANKING GROUP PLC,2012,28192558117.0,
SC095000,LLOYDS BANKING GROUP PLC,2013,46411955846.0,
SC095000,LLOYDS BANKING GROUP PLC,2014,44611493415.0,
SC095000,LLOYDS BANKING GROUP PLC,2015,42993429483.0,
SC095000,LLOYDS BANKING GROUP PLC,2016,36780063173.0,
SC045551,Royal Bank of Scotland Group,2014,34005420356.0,
01397169,PRUDENTIAL PLC,2011,13427803025.0,
01397169,PRUDENTIAL PLC,2012,18201666063.0,
01397169,PRUDENTIAL PLC,2013,28180511282.0,
01397169,PRUDENTIAL PLC,2014,31377106851.0,
01397169,PRUDENTIAL PLC,2015,32197284509.0,
01833679,VODAFONE GROUP PLC,2007,46655586328.0,
01833679,VODAFONE GROUP PLC,2008,34532077763.0,
01833679,VODAFONE GROUP PLC,2009,35699715581.0,
01833679,VODAFONE GROUP PLC,2010,41190063466.0,
01833679,VODAFONE GROUP PLC,2011,44444526709.0,
01833679,VODAFONE GROUP PLC,2012,38370358096.0,
01833679,VODAFONE GROUP PLC,2013,58878453162.0,
01833679,VODAFONE GROUP PLC,2014,53051636757.0,
01833679,VODAFONE GROUP PLC,2016,47618999418.0,
01833679,VODAFONE GROUP PLC,2017,55994318346.0,
03407696,BRITISH AMERICAN TOBACCO PLC,2007,42740548840.0,
03407696,BRITISH AMERICAN TOBACCO PLC,2008,39151647792.0,
03407696,BRITISH AMERICAN TOBACCO PLC,2009,43860720985.0,
03407696,BRITISH AMERICAN TOBACCO PLC,2011,66459922127.0,
03407696,BRITISH AMERICAN TOBACCO PLC,2012,67884607088.0,
03407696,BRITISH AMERICAN TOBACCO PLC,2013,70429464195.0,
03407696,BRITISH AMERICAN TOBACCO PLC,2014,76128204040.0,
03407696,BRITISH AMERICAN TOBACCO PLC,2015,82022702124.0,
03407696,BRITISH AMERICAN TOBACCO PLC,2016,100521855706.0,
03407696,BRITISH AMERICAN TOBACCO PLC,2017,109146093678.0,
SC045551,NATWEST GROUP PLC,2020,14370415411.0,
02723534,ASTRAZENECA PLC,2013,55414421310.0,
02723534,ASTRAZENECA PLC,2014,70622575543.0,
02723534,ASTRAZENECA PLC,2015,71568240587.0,
02723534,ASTRAZENECA PLC,2016,68793256278.0,
02723534,ASTRAZENECA PLC,2017,79389355582.0,
04083914,COMPASS GROUP PLC,2014,19432843099.0,
00324357,SMITH & NEPHEW PLC,2001,3522639419.0,
00324357,SMITH & NEPHEW PLC,2002,3225906856.0,
00324357,SMITH & NEPHEW PLC,2009,5421727818.0,
00324357,SMITH & NEPHEW PLC,2010,5735416527.0,
00033774,Johnson Matthey,2014,6026269445.0,
00033774,Johnson Matthey,2015,4713511291.0,
00033774,Johnson Matthey,2017,5151981967.0,
00033774,Johnson Matthey,2018,4699110919.0,
SC045551,Royal Bank of Scotland Group,2002,367285322316.0,
SC045551,Royal Bank of Scotland Group,2003,405952743557.0,
SC045551,Royal Bank of Scotland Group,2005,432619108323.0,
SC045551,Royal Bank of Scotland Group,2006,491882096803.0,
SC045551,Royal Bank of Scotland Group,2007,328580841110.0,
SC045551,Royal Bank of Scotland Group,2008,42592992150.0,
SC045551,Royal Bank of Scotland Group,2009,25176426152.0,
SC045551,Royal Bank of Scotland Group,2010,33686406087.0,
SC045551,Royal Bank of Scotland Group,2015,26038632292.0,
SC045551,Royal Bank of Scotland Group,2017,23969340975.0,
00719885,RIO TINTO PLC,2010,56260868329.0,
00719885,RIO TINTO PLC,2011,39187610281.0,
00719885,RIO TINTO PLC,2013,42755250321.0,
00041424,UNILEVER PLC,2017,101152607302.0,
03888792,GlaxoSmithKline,2007,51749383343.0,
03888792,GlaxoSmithKline,2012,54015187219.0,
03888792,GlaxoSmithKline,2014,55674079431.0,
03888792,GlaxoSmithKline,2015,55552696117.0,
03888792,GlaxoSmithKline,2016,63199790942.0,
03888792,GlaxoSmithKline,2017,53509429133.0,
00041424,UNILEVER PLC,2016,80728386751.0,
03888792,GlaxoSmithKline,2013,65202603359.0,
01397169,PRUDENTIAL PLC,2008,8759090016.0,
01397169,PRUDENTIAL PLC,2009,13459349273.0,
01397169,PRUDENTIAL PLC,2010,14048195010.0,
00617987,HSBC HLDGS PLC,2008,99028611190.0,
00324357,Scottish & Newcastle Plc,2003,3978335854.0,
00324357,Scottish & Newcastle Plc,2004,4518813021.0,
00324357,Scottish & Newcastle Plc,2005,4540008204.0,
00324357,SMITH & NEPHEW PLC,2006,4518813021.0,
00324357,SMITH & NEPHEW PLC,2008,3717635103.0,
00324357,SMITH & NEPHEW PLC,2011,5303034793.0,
00324357,SMITH & NEPHEW PLC,2012,5760850746.0,
00324357,SMITH & NEPHEW PLC,2013,7299621034.0,
00324357,SMITH & NEPHEW PLC,2014,10071950973.0,
00324357,SMITH & NEPHEW PLC,2015,10241512438.0,
00324357,SMITH & NEPHEW PLC,2016,10351727389.0,
00324357,SMITH & NEPHEW PLC,2017,10919758294.0,
01397169,PRUDENTIAL PLC,2016,34226704537.0,
00041424,UNILEVER PLC,2006,35012949516.0,
01397169,PRUDENTIAL PLC,2017,40073110569.0,
04031152,NATIONAL GRID PLC,2014,49692939416.0,
04031152,NATIONAL GRID PLC,2015,50742987321.0,
01397169,PRUDENTIAL PLC,2007,14973524246.0,
SC095000,LLOYDS BANKING GROUP PLC,2002,170476570662.0,
SC045551,Royal Bank of Scotland Group,2001,412618103325.0,
SC045551,Royal Bank of Scotland Group,2004,431879081810.0,
01397169,PRUDENTIAL PLC,2002,8875988724.0,
02339826,RSA Insurance Group,2013,3365164281.43,https://static.rsagroup.com/rsa/investors/company-performance/annual-reports/rsa-annual-report-2013-final.pdf
02339826,RSA Insurance Group,2014,4417367897.55,https://static.rsagroup.com/rsa/investors/company-performance/annual-reports/rsa-annual-report-and-accounts-2014.pdf
02339826,RSA Insurance Group,2015,4337760226.13,https://static.rsagroup.com/rsa/investors/company-performance/annual-reports/rsa-insurance-group-plc-annual-report-2015c.pdf
03690065,BG Group,2009,40335900000.0,https://www.yumpu.com/en/document/view/12210693/annual-report-and-accounts-2009-bg-group
03690065,BG Group,2010,46733760000.0,https://www.rns-pdf.londonstockexchange.com/rns/9005D_-2011-3-30.pdf
03690065,BG Group,2012,36575051614.0,https://www.shell.com/investors/information-for-shareholders/bg-documents/recommended-cash-and-share-offer-for-bg-group-plc-by-royal-dutch-shell-plc/_jcr_content/root/main/section/simple_90034901/text_970341755.multi.stream/1664200505774/e75d310f5bb616c737f4f34ef3a66f1c65eba624/bg-group-plcs-annual-report-and-audited-accounts-for-the-year-ended-31-december-2012-updt.pdf
00023307,DIAGEO PLC,1997,12924833668.0,
02339826,RSA Insurance Group,2016,5972165897.0,
02247735,Sky,2016,14577120000.0,
11606773,Standard Life,2016,7330000002.0,
00029846,Wolseley,2016,12554834388.0,
04369054,LAND SECURITIES GROUP PLC,2009,5443399683.0,
04369054,LAND SECURITIES GROUP PLC,2010,5355987390.0,
04369054,LAND SECURITIES GROUP PLC,2011,5050044138.0,
04369054,LAND SECURITIES GROUP PLC,2012,6464533720.0,
04369054,LAND SECURITIES GROUP PLC,2013,7656519118.0,
05393279,RENTOKIL INITIAL PLC,2018,8484761199.0,
05393279,RENTOKIL INITIAL PLC,2019,11398566679.0,
05393279,RENTOKIL INITIAL PLC,2020,12822758608.0,
05393279,RENTOKIL INITIAL PLC,2021,14676737413.0,
06270876,Reckitt & Colman Plc,1995,4940151007.0,
06270876,Reckitt & Colman Plc,1994,4074065145.0,
06270876,Reckitt & Colman Plc,1993,4941190932.0,
06270876,Reckitt & Colman Plc,1992,4325250235.0,
03909886,SCHRODERS PLC,2010,4889736459.0,
03909886,SCHRODERS PLC,2011,3463673166.0,
03909886,SCHRODERS PLC,2012,4444256264.0,
02081330,Capita Group,2001,5238682530.0,
00596337,SPIRAX GROUP PLC,2024,5052395490.0,
04256886,Marks and Spencer Group,2005,9667915603.0,
04256886,Marks and Spencer Group,2006,13726526139.0,
04256886,Marks and Spencer Group,2007,10720856394.0,
04256886,Marks and Spencer Group,2008,4111256406.0,
04256886,Marks and Spencer Group,2009,7696044263.0,
04120344,WHITBREAD PLC,2009,2058099814.0,
04120344,WHITBREAD PLC,2010,2610913352.0,
04120344,WHITBREAD PLC,2011,2281267304.0,
04120344,WHITBREAD PLC,2012,3569220796.0,
04120344,WHITBREAD PLC,2013,5471249022.0,
04120344,WHITBREAD PLC,2014,6957573800.0,
04120344,WHITBREAD PLC,2015,6419346301.0,
04120344,WHITBREAD PLC,2016,5507714637.0,
04120344,WHITBREAD PLC,2017,5834443229.0,
SC045551,NATWEST GROUP PLC,2021,19607868481.0,
SC045551,NATWEST GROUP PLC,2022,21393791744.0,
SC045551,NATWEST GROUP PLC,2023,17699085829.0,
00029423,Whitbread,2007,2042055151.0,
00029423,Whitbread,2008,1337546003.0,
00041424,UNILEVER PLC,2007,46340668477.0,
00445790,TESCO PLC,2011,32818867705.0,
00445790,TESCO PLC,2012,27332109964.0,
00445790,TESCO PLC,2013,27197889951.0,
00445790,TESCO PLC,2014,15374313080.0,
00445790,TESCO PLC,2018,15064354837.0,
00445790,TESCO PLC,2019,20223166686.0,
00445790,TESCO PLC,2020,18337147644.0,
00445790,TESCO PLC,2021,19398193602.0,
00445790,TESCO PLC,2022,15001983574.0,
00445790,TESCO PLC,2023,19438342049.0,
00445790,TESCO PLC,2024,24644203578.0,
00012901,F&C INVESTMENT TRUST PLC,2022,4357442575.0,
00012901,F&C INVESTMENT TRUST PLC,2023,4637013006.0,
00012901,F&C INVESTMENT TRUST PLC,2024,5340759263.0,
05562053,Drax Group,2006,2920675238.0,
05562053,Drax Group,2008,1918055791.0,
02081330,Capita Group,2007,7262306201.0,
00041424,UNILEVER PLC,1988,23183304518.0,
00041424,UNILEVER PLC,1989,695222836.0,
00041424,UNILEVER PLC,1990,651361016.0,
00041424,UNILEVER PLC,1991,860202987.0,
00041424,UNILEVER PLC,1992,1063935207.0,
00041424,UNILEVER PLC,1993,1147247874.0,
00041424,UNILEVER PLC,1994,1104332459.0,
00041424,UNILEVER PLC,1995,1261503289.0,
00041424,UNILEVER PLC,1996,1350644127.0,
00041424,UNILEVER PLC,1997,31793898749.0,
00041424,UNILEVER PLC,1998,134413127893.0,
00041424,UNILEVER PLC,1999,24791303458.0,
00041424,UNILEVER PLC,2000,31220695285.0,
00041424,UNILEVER PLC,2001,30730317841.0,
00041424,UNILEVER PLC,2002,32201450174.0,
00041424,UNILEVER PLC,2003,28373782455.0,
00041424,UNILEVER PLC,2004,27869783748.0,
00041424,UNILEVER PLC,2005,31411398955.0,
00041424,UNILEVER PLC,2018,94619137503.0,
00035161,NEXT PLC,2018,4555808355.0,
00035161,NEXT PLC,2019,8011190939.0,
00035161,NEXT PLC,2020,8088814334.0,
00035161,NEXT PLC,2021,9510805500.0,
00035161,NEXT PLC,2022,6775427820.0,
00035161,NEXT PLC,2023,9473462460.0,
00035161,NEXT PLC,2024,11083881060.0,
03407696,BRITISH AMERICAN TOBACCO PLC,2002,13496443031.0,
03407696,BRITISH AMERICAN TOBACCO PLC,2003,16748204889.0,
03407696,BRITISH AMERICAN TOBACCO PLC,2004,19521446607.0,
03407696,BRITISH AMERICAN TOBACCO PLC,2005,28276190072.0,
03407696,BRITISH AMERICAN TOBACCO PLC,2006,31082058164.0,
03407696,BRITISH AMERICAN TOBACCO PLC,2010,53583380186.0,
02081330,Capita Group,2012,7855359748.0,
04190816,BT GROUP PLC,2021,16589925998.0,
04190816,BT GROUP PLC,2022,10963734741.0,
04190816,BT GROUP PLC,2023,12093864884.0,
04190816,BT GROUP PLC,2024,14094832484.0,
14072248,Carnival,2017,7123123352.0,
14072248,Carnival,2016,6006313129.0,
14072248,Carnival,2015,5629189468.0,
14072248,Carnival,2014,4250285581.0,
14072248,Carnival,2013,3641645851.0,
14072248,Carnival,2012,3433426996.0,
14072248,Carnival,2011,3095617385.0,
14072248,Carnival,2010,4342018364.0,
14072248,Carnival,2009,3108722068.0,
14072248,Carnival,2008,2197218548.0,
14072248,Carnival,2007,3231032444.0,
14072248,Carnival,2006,3768324455.0,
14072248,Carnival,2005,4805050503.0,
14072248,Carnival,2004,4627409242.0,
14072248,Carnival,2003,3277626873.0,
04083914,COMPASS GROUP PLC,2015,20738954814.0,
04083914,COMPASS GROUP PLC,2016,26492912074.0,
04083914,COMPASS GROUP PLC,2017,27154103472.0,
04083914,COMPASS GROUP PLC,2018,280551635.0,
04083914,COMPASS GROUP PLC,2019,321359139.0,
04083914,COMPASS GROUP PLC,2020,231752655.0,
04083914,COMPASS GROUP PLC,2021,28019616036.0,
04083914,COMPASS GROUP PLC,2022,32542467443.0,
04083914,COMPASS GROUP PLC,2023,36420409457.0,
04083914,COMPASS GROUP PLC,2024,45177600174.0,
04083914,COMPASS GROUP PLC,2005,4135106552.0,
04083914,COMPASS GROUP PLC,2006,5438462654.0,
04083914,COMPASS GROUP PLC,2007,5785398837.0,
FC037925,ENTAIN PLC,2022,8451494459.0,
FC037925,ENTAIN PLC,2023,6358286715.0,
FC037925,ENTAIN PLC,2024,4394905104.0,
03407696,BRITISH AMERICAN TOBACCO PLC,1999,7650884506.0,
03407696,BRITISH AMERICAN TOBACCO PLC,2000,11087529146.0,
03888792,GlaxoSmithKline,2018,60186619564.0,
03888792,GlaxoSmithKline,2019,71802575206.0,
03888792,GlaxoSmithKline,2020,54164730091.0,
03888792,GlaxoSmithKline,2021,65588611115.0,
00102498,The British Petroleum Company PLC,1989,25901857028.0,
03888792,GlaxoSmithKline,2001,69713981376.0,
03888792,GlaxoSmithKline,2002,48229291763.0,
03888792,GlaxoSmithKline,2003,51789842813.0,
03888792,GlaxoSmithKline,2004,49443115093.0,
03888792,GlaxoSmithKline,2005,59436937638.0,
03888792,GlaxoSmithKline,2006,54379337160.0,
14840880,Intermediate Capital Grup,2021,6376575604.0,
14840880,Intermediate Capital Grup,2020,4848885612.0,
14840880,INTERMEDIATE CAPITAL GROUP PLC,2024,6004560255.0,
14840880,INTERMEDIATE CAPITAL GROUP PLC,2023,4884154651.0,
04369054,LAND SECURITIES GROUP PLC,2018,5993139371.0,
04369054,LAND SECURITIES GROUP PLC,2019,7375942065.0,
04369054,LAND SECURITIES GROUP PLC,2020,5020110781.0,
04369054,LAND SECURITIES GROUP PLC,2021,5783737448.0,
04369054,LAND SECURITIES GROUP PLC,2022,4629075835.0,
04369054,LAND SECURITIES GROUP PLC,2023,5250358004.0,
04369054,LAND SECURITIES GROUP PLC,2024,4350466980.0,
00102498,The British Petroleum Company PLC,1991,22453384938.0,
SC095000,LLOYDS BANKING GROUP PLC,2024,32879885738.0,
00551412,Land Securities,1988,3834589526.0,
00551412,Land Securities,1989,3792218170.0,
00551412,Land Securities,1990,3693351824.0,
00551412,Land Securities,1991,3163712603.0,
00551412,Land Securities,1992,3163712603.0,
00551412,Land Securities,1993,5585930569.0,
00551412,Land Securities,1994,4208867867.0,
00551412,Land Securities,1995,4357167158.0,
00551412,Land Securities,1996,5254022675.0,
00551412,Land Securities,1997,6850003293.0,
00551412,Land Securities,1998,5465879000.0,
00551412,Land Securities,1999,4900930013.0,
00233112,B.A.T. Industries Plc,1995,11473021108.0,
00233112,B.A.T. Industries Plc,1996,9795046312.0,
00233112,B.A.T. Industries Plc,1997,11199589373.0,
SC095000,LLOYDS BANKING GROUP PLC,2019,36366555439.0,
SC095000,LLOYDS BANKING GROUP PLC,2018,30169693504.0,
SC095000,LLOYDS BANKING GROUP PLC,2017,40045609933.0,
SC095000,LLOYDS BANKING GROUP PLC,2003,171241053439.0,
SC095000,LLOYDS BANKING GROUP PLC,2001,285146940110.0,
SC095000,LLOYDS BANKING GROUP PLC,2000,270622018746.0,
SC095000,LLOYDS BANKING GROUP PLC,1999,296040626644.0,
04031152,NATIONAL GRID PLC,2023,51811532308.0,
04031152,NATIONAL GRID PLC,2022,48843878629.0,
04031152,NATIONAL GRID PLC,2021,51899682864.0,
04031152,NATIONAL GRID PLC,2020,43039896811.0,
03407696,BRITISH AMERICAN TOBACCO PLC,2018,53994445525.0,
04031152,NATIONAL GRID PLC,2019,46985634721.0,
04031152,NATIONAL GRID PLC,2018,38024381120.0,
04031152,NATIONAL GRID PLC,2017,43418419638.0,
04031152,NATIONAL GRID PLC,2016,51506156932.0,
04031152,NATIONAL GRID PLC,2013,42651167903.0,
04031152,NATIONAL GRID PLC,2012,38050473793.0,
04031152,NATIONAL GRID PLC,2011,33828654176.0,
04031152,NATIONAL GRID PLC,2010,29931596670.0,
04031152,NATIONAL GRID PLC,2009,32577610070.0,
04031152,NATIONAL GRID PLC,2008,32817498504.0,
04031152,NATIONAL GRID PLC,2007,40014324143.0,
04031152,NATIONAL GRID PLC,2006,35360377684.0,
04031152,NATIONAL GRID PLC,2005,27275947275.0,
04031152,NATIONAL GRID PLC,2004,27012108154.0,
03407696,BRITISH AMERICAN TOBACCO PLC,2024,63186046157.0,
04083914,COMPASS GROUP PLC,2011,11458277776.0,
03140769,The Rank Group,1996,2630570100.0,
04083914,COMPASS GROUP PLC,2012,13596155859.0,
04083914,COMPASS GROUP PLC,2013,18153213846.0,
04369054,LAND SECURITIES GROUP PLC,2002,5543559213.0,
04369054,LAND SECURITIES GROUP PLC,2003,7005364628.0,
SC045551,Royal Bank of Scotland Group,1997,190685422720.0,
SC045551,Royal Bank of Scotland Group,1998,236815032066.0,
SC045551,Royal Bank of Scotland Group,1999,270857189871.0,
SC045551,Royal Bank of Scotland Group,2000,390394516852.0,
03528619,North West Water,1995,4200432655.0,
03528619,North West Water,1994,3689016341.0,
03528619,North West Water,1993,3988365523.0,
03528619,North West Water,1992,3243061358.0,
03528619,North West Water,1991,2273415944.0,
03528619,North West Water,1990,2300691481.0,
00035161,NEXT PLC,2001,1039971769.0,
00035161,NEXT PLC,2002,855797997.0,
00035161,NEXT PLC,2003,1304903124.0,
00035161,NEXT PLC,2004,1917266390.0,
00035161,NEXT PLC,2005,1783638732.0,
00035161,NEXT PLC,2006,2091563334.0,
00035161,NEXT PLC,2007,1887054919.0,
00035161,NEXT PLC,2008,1256099980.0,
04369054,LAND SECURITIES GROUP PLC,2014,9194180464.0,
03140769,The Rank Group,1997,2047681242.0,
04369054,LAND SECURITIES GROUP PLC,2015,9353111244.0,
04369054,LAND SECURITIES GROUP PLC,2016,8471042777.0,
04369054,LAND SECURITIES GROUP PLC,2017,7509508010.0,
04256886,Marks and Spencer Group,2002,6030482491.0,
06270876,RECKITT BENCKISER GROUP PLC,2024,32954583007.0,
06270876,RECKITT BENCKISER GROUP PLC,2023,36957136333.0,
06270876,RECKITT BENCKISER GROUP PLC,2022,39234568719.0,
06270876,RECKITT BENCKISER GROUP PLC,2021,43243940705.0,
06270876,RECKITT BENCKISER GROUP PLC,2020,43275933238.0,
06270876,RECKITT BENCKISER GROUP PLC,2019,40543899187.0,
06270876,RECKITT BENCKISER GROUP PLC,2018,39776547476.0,
06270876,RECKITT BENCKISER GROUP PLC,2017,46595592989.0,
06270876,RECKITT BENCKISER GROUP PLC,2015,42299020027.0,
06270876,RECKITT BENCKISER GROUP PLC,2014,35086434380.0,
06270876,RECKITT BENCKISER GROUP PLC,2013,31548732226.0,
06270876,RECKITT BENCKISER GROUP PLC,2012,25532555426.0,
06270876,RECKITT BENCKISER GROUP PLC,2011,20931561425.0,
06270876,RECKITT BENCKISER GROUP PLC,2010,23202437411.0,
06270876,RECKITT BENCKISER GROUP PLC,2009,22090038077.0,
06270876,RECKITT BENCKISER GROUP PLC,2008,16969045314.0,
06270876,RECKITT BENCKISER GROUP PLC,2007,19180682557.0,
06270876,RECKITT BENCKISER GROUP PLC,2006,15362976644.0,
06270876,RECKITT BENCKISER GROUP PLC,2005,12637923817.0,
06270876,RECKITT BENCKISER GROUP PLC,2004,10360464653.0,
06270876,RECKITT BENCKISER GROUP PLC,2003,8319966212.0,
06270876,RECKITT BENCKISER GROUP PLC,2002,7931613757.0,
06270876,RECKITT BENCKISER GROUP PLC,2001,6582251646.0,
06270876,RECKITT BENCKISER GROUP PLC,2000,6068836063.0,
06270876,RECKITT BENCKISER GROUP PLC,1999,3820996681.0,
06270876,Reckitt & Colman Plc,1998,4864284149.0,
06270876,Reckitt & Colman Plc,1997,6286050537.0,
06270876,Reckitt & Colman Plc,1996,4765550035.0,
04256886,Marks and Spencer Group,2003,5532727521.0,
00102498,The British Petroleum Company PLC,1997,61306170480.0,
06270876,Reckitt & Colman Plc,1991,4414222205.0,
06270876,Reckitt & Colman Plc,1990,3539592927.0,
06270876,Reckitt & Colman Plc,1989,3495787414.0,
06270876,Reckitt & Colman Plc,1988,2513024413.0,
05393279,RENTOKIL INITIAL PLC,2022,12766751037.0,
05393279,RENTOKIL INITIAL PLC,2023,11077920672.0,
00218107,Rentokil,1991,1901067715.0,
00218107,Rentokil,1992,2640371879.0,
00218107,Rentokil,1993,3030141061.0,
00218107,Rentokil,1994,2879262668.0,
00218107,Rentokil,1995,4212021807.0,
00218107,Rentokil,1996,5519634548.0,
00218107,Rentokil,1997,6663795695.0,
00218107,Rentokil,1998,11391318679.0,
03909886,SCHRODERS PLC,2022,6760485130.0,
03909886,SCHRODERS PLC,2023,6665900267.0,
03909886,SCHRODERS PLC,2024,5017644563.0,
03909886,Schroders,2005,2504177653.0,
03909886,Schroders,2004,1979618306.0,
03909886,Schroders,2003,1665937171.0,
03909886,Schroders,2002,1346984022.0,
03909886,Schroders,1993,590575047.0,
04256886,Marks and Spencer Group,2004,6566524695.0,
03909886,SCHRODERS PLC,2013,6848266943.0,
03909886,SCHRODERS PLC,2014,7080232740.0,
13246881,Segro,2009,4456469778.0,
13246881,SEGRO PLC,2024,9489900501.0,
13246881,SEGRO PLC,2023,11996360367.0,
13246881,SEGRO PLC,2022,10334409105.0,
13246881,SEGRO PLC,2021,19441303240.0,
13246881,SEGRO PLC,2020,12819246836.0,
13246881,SEGRO PLC,2019,12137430048.0,
13246881,SEGRO PLC,2018,7962651508.0,
13246881,SEGRO PLC,2017,7940321564.0,
03909886,SCHRODERS PLC,2015,7844666203.0,
03909886,SCHRODERS PLC,2016,7902657534.0,
15436803,Spirax-Sarco Engineering,2023,7742584190.0,
15436803,Spirax-Sarco Engineering,2022,7823658370.0,
15436803,Spirax-Sarco Engineering,2021,11829459900.0,
04256886,Marks and Spencer Group,2010,7064277819.0,
15436803,Spirax-Sarco Engineering,2020,8335244759.0,
15436803,Spirax-Sarco Engineering,2019,6560453821.0,
15436803,Spirax-Sarco Engineering,2018,4604862974.0,
11775757,Sports Direct International,2015,2498001034.0,
11775757,Sports Direct International,2014,3078126057.0,
11775757,Sports Direct International,2013,3095443222.0,
05393279,RENTOKIL INITIAL PLC,2017,7996554834.0,
00214436,Marks and Spencer,1989,4783423957.0,
00214436,Marks and Spencer,1990,5320208632.0,
00214436,Marks and Spencer,1991,6644287486.0,
00214436,Marks and Spencer,1992,7861027806.0,
00214436,Marks and Spencer,1993,10819344975.0,
00214436,Marks and Spencer,1994,9495239044.0,
00214436,Marks and Spencer,1995,10642024667.0,
04120344,WHITBREAD PLC,2019,6958618707.0,
04120344,WHITBREAD PLC,2020,5181387585.0,
04120344,WHITBREAD PLC,2021,5265569400.0,
04120344,WHITBREAD PLC,2022,4518368400.0,
04120344,WHITBREAD PLC,2023,6427686720.0,
04120344,WHITBREAD PLC,2024,5179421520.0,
00214436,Marks and Spencer,1996,11611631523.0,
00214436,Marks and Spencer,1997,14165717936.0,
00214436,Marks and Spencer,1998,9835145327.0,
00214436,Marks and Spencer,1999,7031965427.0,
00214436,Marks and Spencer,2000,4398702668.0,
00214436,Marks and Spencer,2001,8631863632.0,
SC045551,NATWEST GROUP PLC,2024,32437569362.0,
16133984,Abrdn,2021,4304352988.0,
16133984,Standard Life Aberdeen,2020,5032868214.0,
16133984,Standard Life Aberdeen,2019,5870188992.0,
16133984,Standard Life Aberdeen,2018,4593633025.0,
16133984,Standard Life Aberdeen,2017,8922720325.0,
02081330,Capita Group,2005,4453281077.0,
00604574,BARRATT REDROW PLC,2024,6299635709.0,
00218107,Rentokil,1999,5676799540.0,
00218107,Rentokil,2000,5808818134.0,
00218107,Rentokil,2001,6940406083.0,
00218107,Rentokil,2002,5532207747.0,
15998687,Barratt Developments,2023,8053112581.0,
15998687,Barratt Developments,2022,5679834896.0,
15998687,Barratt Developments,2021,10706947159.0,
00218107,Rentokil,2003,4777815782.0,
00218107,Rentokil,2004,3715380430.0,
00218107,Rentokil,2005,4111436212.0,
00029423,Whitbread,1988,600558572.0,
00029423,Whitbread,1989,782727995.0,
00029423,Whitbread,1990,874812377.0,
00029423,Whitbread,1991,854792402.0,
00029423,Whitbread,1992,972902290.0,
00029423,Whitbread,1993,1313402740.0,
00029423,Whitbread,1994,1279436766.0,
00029423,Whitbread,1995,1524557820.0,
00029423,Whitbread,1996,1760914898.0,
00029423,Whitbread,1997,1996151584.0,
00929027,National Westminster Bank,1988,34535518587.0,
00929027,National Westminster Bank,1989,52049968044.0,
00929027,National Westminster Bank,1990,39469165496.0,
00929027,National Westminster Bank,1991,39469165496.0,
00929027,National Westminster Bank,1994,97069488755.0,
00929027,National Westminster Bank,1996,139005477705.0,
00929027,National Westminster Bank,1997,190685422720.0,
00929027,National Westminster Bank,1998,236815032066.0,
00929027,National Westminster Bank,1999,270857189871.0,
SC045551,Royal Bank of Scotland Group,1988,34535518587.0,
SC045551,Royal Bank of Scotland Group,1989,52049968044.0,
SC045551,Royal Bank of Scotland Group,1990,39469165496.0,
SC045551,Royal Bank of Scotland Group,1991,39469165496.0,
SC045551,Royal Bank of Scotland Group,1992,51433259738.0,
SC045551,Royal Bank of Scotland Group,1993,112487137788.0,
SC045551,Royal Bank of Scotland Group,1994,97069488755.0,
SC045551,Royal Bank of Scotland Group,1995,144555832921.0,
SC045551,Royal Bank of Scotland Group,1996,139005477705.0,
SC045551,Royal Bank of Scotland Group,2011,17399321191.0,
SC045551,Royal Bank of Scotland Group,2012,27978597331.0,
SC045551,Royal Bank of Scotland Group,2013,29151195337.0,
SC045551,Royal Bank of Scotland Group,2016,19365157105.0,
SC045551,Royal Bank of Scotland Group,2018,18574826215.0,
SC045551,Royal Bank of Scotland Group,2019,20597744119.0,
00102498,The British Petroleum Company PLC,1995,41266716004.0,
00102498,The British Petroleum Company PLC,1996,53681215527.0,
00076535,Tate & Lyle,1991,2066347069.0,
00076535,Tate & Lyle,1995,2432209040.0,
00076535,Tate & Lyle,1996,2442515194.0,
00076535,Tate & Lyle,2004,2436073781.0,
00076535,Tate & Lyle,2005,2901130927.0,
00076535,Tate & Lyle,2006,3960069441.0,
00076535,Tate & Lyle,2008,2065058733.0,
00076535,Tate & Lyle,2011,3630278466.0,
00076535,Tate & Lyle,2012,3926575116.0,
00076535,Tate & Lyle,2013,4168765405.0,
00035161,Next,1988,163839128.0,
00035161,Next,1996,659423440.0,
00035161,Next,1997,804089904.0,
00035161,NEXT PLC,2009,2420403569.0,
00035161,NEXT PLC,2010,2294909769.0,
00035161,NEXT PLC,2011,3180338247.0,
00035161,NEXT PLC,2012,4309782448.0,
00035161,NEXT PLC,2013,6332788984.0,
00035161,NEXT PLC,2014,7924701077.0,
00035161,NEXT PLC,2015,8470831503.0,
00035161,NEXT PLC,2016,5790144496.0,
02081330,Capita Group,2014,11247211013.0,
05172586,Berkeley Group Holdings,2015,3656690698.0,
02081330,Capita Group,2016,5524762786.0,
05172586,BERKELEY GROUP HOLDINGS (THE) PLC,2017,4161369369.0,
05172586,BERKELEY GROUP HOLDINGS (THE) PLC,2018,3324560731.0,
05172586,BERKELEY GROUP HOLDINGS (THE) PLC,2019,4643299923.0,
05172586,BERKELEY GROUP HOLDINGS (THE) PLC,2021,4913825537.0,
05172586,BERKELEY GROUP HOLDINGS (THE) PLC,2022,3882694069.0,
03199160,UNITE GROUP PLC,2022,4446159827.0,
05172586,BERKELEY GROUP HOLDINGS (THE) PLC,2023,4824296380.0,
03199160,UNITE GROUP PLC,2023,5100869076.0,
05172586,BERKELEY GROUP HOLDINGS (THE) PLC,2024,3872516544.0,
05393279,Rentokil Initial,2007,3040199659.0,
00053723,PEARSON PLC,1996,4203957844.0,
00053723,PEARSON PLC,1997,4436732031.0,
00053723,PEARSON PLC,1998,6691556663.0,
04267576,INTERTEK GROUP PLC,2017,7992436723.0,
04267576,INTERTEK GROUP PLC,2018,7367817744.0,
04267576,INTERTEK GROUP PLC,2019,8982597800.0,
04267576,INTERTEK GROUP PLC,2020,8669465545.0,
04267576,INTERTEK GROUP PLC,2021,8991729750.0,
04267576,INTERTEK GROUP PLC,2022,6442742063.0,
04267576,INTERTEK GROUP PLC,2023,6781329400.0,
04267576,INTERTEK GROUP PLC,2024,7551136458.0,
10361298,CONVATEC GROUP PLC,2022,4755134890.0,
10361298,CONVATEC GROUP PLC,2023,4992278139.0,
10361298,CONVATEC GROUP PLC,2024,4522079947.0,
00206132,CRODA INTERNATIONAL PLC,2016,4570137280.0,
00206132,CRODA INTERNATIONAL PLC,2017,6326122507.0,
00206132,CRODA INTERNATIONAL PLC,2018,6687982094.0,
00206132,CRODA INTERNATIONAL PLC,2019,7134931917.0,
00206132,CRODA INTERNATIONAL PLC,2020,9191799008.0,
00206132,CRODA INTERNATIONAL PLC,2021,14126610010.0,
00206132,CRODA INTERNATIONAL PLC,2022,9218590168.0,
00206132,CRODA INTERNATIONAL PLC,2023,7049345904.0,
00206132,CRODA INTERNATIONAL PLC,2024,4725155621.0,
00511276,IMPERIAL BRANDS PLC,2016,28395102879.0,
00511276,IMPERIAL BRANDS PLC,2017,25377246497.0,
00511276,IMPERIAL BRANDS PLC,2018,18237356459.0,
00511276,IMPERIAL BRANDS PLC,2019,14339764082.0,
00511276,IMPERIAL BRANDS PLC,2020,11781010031.0,
00511276,IMPERIAL BRANDS PLC,2021,13313396751.0,
00511276,IMPERIAL BRANDS PLC,2022,17056631409.0,
00511276,IMPERIAL BRANDS PLC,2023,14878225321.0,
00511276,IMPERIAL BRANDS PLC,2024,21026354412.0,
00324357,SMITH & NEPHEW PLC,2018,12371330656.0,
00324357,SMITH & NEPHEW PLC,2019,15485289226.0,
00324357,SMITH & NEPHEW PLC,2020,12760047330.0,
00324357,SMITH & NEPHEW PLC,2021,11318486766.0,
00324357,SMITH & NEPHEW PLC,2022,9708435305.0,
00324357,SMITH & NEPHEW PLC,2023,9437176635.0,
00324357,SMITH & NEPHEW PLC,2024,8675027488.0,
SC117119,Scottish & Southern Energy,1998,8125051151.0,
SC117119,Scottish & Southern Energy,1999,5931767402.0,
SC117119,Scottish & Southern Energy,2000,7440962649.0,
SC117119,Scottish & Southern Energy,2001,7320947123.0,
SC117119,Scottish & Southern Energy,2002,8161055809.0,
SC117119,Scottish & Southern Energy,2003,8077044940.0,
SC117119,Scottish & Southern Energy,2004,10471354696.0,
SC117119,Scottish & Southern Energy,2005,12169574397.0,
SC117119,Scottish & Southern Energy,2006,18650412834.0,
SC117119,Scottish & Southern Energy,2007,19658543257.0,
SC117119,Scottish & Southern Energy,2008,14605889587.0,
SC117119,Scottish & Southern Energy,2009,13933802638.0,
SC117119,Scottish Hydro-Electric,1992,3960512378.0,
SC117119,Scottish Hydro-Electric,1993,5358693263.0,
09763575,BEAZLEY PLC,2022,4227767677.0,
09763575,BEAZLEY PLC,2023,3247821527.0,
09763575,BEAZLEY PLC,2024,5080165281.0,
05369106,London Stock Exchange Group,2007,9345243756.0,
05369106,London Stock Exchange Group,2008,2408324286.0,
05369106,London Stock Exchange Group,2009,3390542872.0,
03369634,Dechra Pharmaceuticals,2021,5757382758.0,
00023307,DIAGEO PLC,2002,15007966632.0,
03369634,Dechra Pharmaceuticals,2023,4377923717.0,
03959649,Easyjet,2013,11532119654.0,
03959649,Easyjet,2014,12545684858.0,
03959649,Easyjet,2015,13063729296.0,
03959649,Easyjet,2016,7545429852.0,
05134420,INTERCONTINENTAL HOTELS GROUP PLC,2009,2056510449.0,
05134420,INTERCONTINENTAL HOTELS GROUP PLC,2010,2862533666.0,
05134420,INTERCONTINENTAL HOTELS GROUP PLC,2011,2664482206.0,
05134420,INTERCONTINENTAL HOTELS GROUP PLC,2012,3669015829.0,
05134420,INTERCONTINENTAL HOTELS GROUP PLC,2013,4326730474.0,
05134420,INTERCONTINENTAL HOTELS GROUP PLC,2014,5148626409.0,
05134420,INTERCONTINENTAL HOTELS GROUP PLC,2015,5273621840.0,
05134420,INTERCONTINENTAL HOTELS GROUP PLC,2016,6014995255.0,
05134420,INTERCONTINENTAL HOTELS GROUP PLC,2017,7470287237.0,
05134420,INTERCONTINENTAL HOTELS GROUP PLC,2018,88921568.0,
05134420,INTERCONTINENTAL HOTELS GROUP PLC,2019,103834866.0,
05134420,INTERCONTINENTAL HOTELS GROUP PLC,2020,93507207.0,
05134420,INTERCONTINENTAL HOTELS GROUP PLC,2021,7406677772.0,
05134420,INTERCONTINENTAL HOTELS GROUP PLC,2022,7349357740.0,
05134420,INTERCONTINENTAL HOTELS GROUP PLC,2023,10983757667.0,
05134420,INTERCONTINENTAL HOTELS GROUP PLC,2024,15420638056.0,
00023307,DIAGEO PLC,1998,15208072854.0,
00023307,DIAGEO PLC,1999,11072544271.0,
00023307,DIAGEO PLC,2000,16675518480.0,
00023307,DIAGEO PLC,2001,17442592330.0,
00023307,DIAGEO PLC,2003,16342008110.0,
00023307,DIAGEO PLC,2004,16519880308.0,
00023307,DIAGEO PLC,2005,18732165759.0,
00023307,DIAGEO PLC,2006,22289609702.0,
00023307,DIAGEO PLC,2018,62149619665.0,
00023307,DIAGEO PLC,2019,71166317616.0,
00023307,DIAGEO PLC,2020,63995207655.0,
00023307,DIAGEO PLC,2021,89690815263.0,
00023307,DIAGEO PLC,2022,81112853248.0,
00023307,DIAGEO PLC,2023,63468029829.0,
00023307,DIAGEO PLC,2024,56390100032.0,
05525338,PERSIMMON PLC,2024,3833623768.0,
01142830,3i Group,2002,4314470711.0,
01142830,3i Group,2003,4800400460.0,
01142830,3i Group,2004,5177374126.0,
01142830,3i Group,2005,6201893552.0,
03407696,BRITISH AMERICAN TOBACCO PLC,2001,12669908244.0,
00041424,UNILEVER PLC,2010,48130546148.0,
00041424,UNILEVER PLC,2011,53034320590.0,
00041424,UNILEVER PLC,2012,58011651649.0,
00041424,UNILEVER PLC,2013,60855840825.0,
00041424,UNILEVER PLC,2014,64435596168.0,
00041424,UNILEVER PLC,2015,71754479523.0,
03196209,BHP Group Plc,2018,83912677839.0,
03196209,BHP Group Plc,2019,90273705670.0,
03196209,BHP Group Plc,2020,97803286042.0,
03196209,BHP Group Plc,2021,111618685998.0,
11462215,AIRTEL AFRICA PLC,2022,4089789362.0,
11462215,AIRTEL AFRICA PLC,2023,4762885044.0,
11462215,AIRTEL AFRICA PLC,2024,4155635533.0,
00296805,TAYLOR WIMPEY PLC,2014,4875119644.0,
00296805,TAYLOR WIMPEY PLC,2015,7185317906.0,
00296805,TAYLOR WIMPEY PLC,2016,5430557683.0,
00296805,TAYLOR WIMPEY PLC,2017,7302065620.0,
00296805,TAYLOR WIMPEY PLC,2018,4732620679.0,
00296805,TAYLOR WIMPEY PLC,2019,6717716040.0,
00296805,TAYLOR WIMPEY PLC,2020,5759035031.0,
00296805,TAYLOR WIMPEY PLC,2021,6215034010.0,
00296805,TAYLOR WIMPEY PLC,2022,3599761918.0,
00296805,TAYLOR WIMPEY PLC,2023,5207525755.0,
00296805,TAYLOR WIMPEY PLC,2024,4323963778.0,
01142830,3i Group,2006,7334583289.0,
FC029884,INTL CONSOLIDATED AIRLINES GROUP SA,2023,7368823603.0,
FC029884,INTL CONSOLIDATED AIRLINES GROUP SA,2024,14352566457.0,
00048839,BARCLAYS PLC,1988,9306865076.0,
00048839,BARCLAYS PLC,1989,13089201588.0,
00048839,BARCLAYS PLC,1990,11617534639.0,
00048839,BARCLAYS PLC,1991,12163107821.0,
00048839,BARCLAYS PLC,1992,12259383820.0,
00048839,BARCLAYS PLC,1993,20410914645.0,
00048839,BARCLAYS PLC,1994,19608600518.0,
00048839,BARCLAYS PLC,1995,23716453513.0,
00048839,BARCLAYS PLC,1996,32108676456.0,
00966425,STANDARD CHARTERED PLC,2016,15097288434.0,
00048839,BARCLAYS PLC,2017,28224311092.0,
02081330,Capita Group,2006,6486248490.0,
00029423,Whitbread,2006,2734027029.0,
03564138,ANGLO AMERICAN PLC,2020,25365269294.0,
03564138,ANGLO AMERICAN PLC,2021,36563872317.0,
03564138,ANGLO AMERICAN PLC,2022,39237059932.0,
03564138,ANGLO AMERICAN PLC,2023,23890174369.0,
03564138,ANGLO AMERICAN PLC,2024,28659480822.0,
02150950,Hays,1996,2236330835.0,
02150950,Hays,1997,3239779452.0,
02150950,Hays,1998,4209310671.0,
02150950,Hays,1999,7867706409.0,
02150950,Hays,2000,6160110901.0,
02150950,Hays,2001,3339386544.0,
02150950,Hays,2002,1480182088.0,
02150950,Hays,2003,1915060384.0,
02150950,Hays,2004,1982885439.0,
00966425,STANDARD CHARTERED PLC,2003,16845402429.0,
00966425,STANDARD CHARTERED PLC,2004,17685388397.0,
00966425,STANDARD CHARTERED PLC,2005,23647476385.0,
00966425,STANDARD CHARTERED PLC,2006,27244815623.0,
00966425,STANDARD CHARTERED PLC,2007,33672544958.0,
00966425,STANDARD CHARTERED PLC,2008,18253932266.0,
00966425,STANDARD CHARTERED PLC,2009,32857081412.0,
00966425,STANDARD CHARTERED PLC,2010,37363916435.0,
00966425,STANDARD CHARTERED PLC,2011,30510435652.0,
00966425,STANDARD CHARTERED PLC,2012,34072510372.0,
00966425,STANDARD CHARTERED PLC,2013,29449392414.0,
00966425,STANDARD CHARTERED PLC,2014,20852765996.0,
00966425,STANDARD CHARTERED PLC,2015,12824505707.0,
00966425,STANDARD CHARTERED PLC,2017,17747731724.0,
00966425,STANDARD CHARTERED PLC,2018,13249658644.0,
00966425,STANDARD CHARTERED PLC,2019,15491641770.0,
00966425,STANDARD CHARTERED PLC,2020,10131324479.0,
00966425,STANDARD CHARTERED PLC,2021,10570581743.0,
00966425,STANDARD CHARTERED PLC,2022,14672458574.0,
00966425,STANDARD CHARTERED PLC,2023,15714428251.0,
00966425,STANDARD CHARTERED PLC,2024,23305256457.0,
08860726,INFORMA PLC,2016,8711237138.0,
08860726,INFORMA PLC,2017,9249284138.0,
08860726,INFORMA PLC,2018,7907659962.0,
08860726,INFORMA PLC,2019,10753513895.0,
08860726,INFORMA PLC,2021,6761570606.0,
08860726,INFORMA PLC,2022,8109696439.0,
08860726,INFORMA PLC,2023,10224814730.0,
08860726,INFORMA PLC,2024,10449938815.0,
00077536,Reed International Plc,1988,2988685144.0,
03458224,Burberry Group,2010,4057448223.0,
03458224,Burberry Group,2011,4277647815.0,
03458224,Burberry Group,2012,4425650820.0,
00077536,Reed Elsevier Plc,2005,11814770884.0,
00077536,Reed Elsevier Plc,2006,12128541228.0,
02122142,Hargreaves Lansdown,2024,5204684711.0,
01142830,3i Group,1994,2596459877.0,
01142830,3i Group,1995,3249463587.0,
01142830,3i Group,1996,3793628930.0,
01142830,3i Group,1997,3925780923.0,
01142830,3i Group,1998,5121117110.0,
01142830,3i Group,1999,9755805011.0,
02081330,Capita Group,2011,6539196734.0,
00035161,NEXT PLC,2017,5257957826.0,
04967001,ITV,2007,3353857817.0,
04967001,ITV,2011,2676409968.0,
04967001,ITV,2012,4131449950.0,
04967001,ITV,2013,7618833780.0,
04967001,ITV,2014,8451407248.0,
04967001,ITV,2015,10862729226.0,
04967001,ITV,2016,8105810544.0,
04967001,ITV,2017,6499572116.0,
04967001,ITV,2018,4669342947.0,
04967001,ITV,2019,5647343161.0,
04967001,ITV,2021,4105683487.0,
00714275,IMI,2010,2659135597.0,
00714275,IMI,2011,2138564035.0,
00714275,IMI,2012,3086848284.0,
00714275,IMI,2013,4291197442.0,
07784342,Evraz,2011,54657116.0,
07784342,Evraz,2012,37765485.0,
07784342,Evraz,2021,87754790.0,
01679046,Thomson Reuters,2008,27669806.0,
00358948,BUNZL PLC,2011,2850095648.0,
00358948,BUNZL PLC,2012,3253106911.0,
00358948,BUNZL PLC,2013,4674930645.0,
00358948,BUNZL PLC,2014,5687294936.0,
00358948,BUNZL PLC,2015,6077409839.0,
00358948,BUNZL PLC,2016,6799606021.0,
00358948,BUNZL PLC,2017,6680314687.0,
00358948,BUNZL PLC,2018,7606218588.0,
14072248,Carnival,2019,5325318461.0,
00358948,BUNZL PLC,2019,6630156769.0,
00358948,BUNZL PLC,2020,7843812584.0,
00358948,BUNZL PLC,2021,9395550419.0,
00358948,BUNZL PLC,2022,8985207489.0,
00358948,BUNZL PLC,2023,10388840845.0,
00358948,BUNZL PLC,2024,10734049976.0,
13280545,Endeavour Mining,2022,4223546400.0,
13280545,Endeavour Mining,2023,4235599900.0,
01470151,BAE SYSTEMS PLC,1999,11972035498.0,
01470151,BAE SYSTEMS PLC,2000,11154433074.0,
01470151,BAE SYSTEMS PLC,2001,9037426797.0,
01470151,BAE SYSTEMS PLC,2002,3620810736.0,
01470151,BAE SYSTEMS PLC,2003,4912914567.0,
01470151,BAE SYSTEMS PLC,2004,6730619957.0,
01470151,BAE SYSTEMS PLC,2005,11147133052.0,
01470151,BAE SYSTEMS PLC,2006,12431936861.0,
01470151,BAE SYSTEMS PLC,2007,14541643117.0,
01470151,BAE SYSTEMS PLC,2009,10497431126.0,
01470151,BAE SYSTEMS PLC,2010,9636028571.0,
01470151,BAE SYSTEMS PLC,2011,8324944862.0,
01470151,BAE SYSTEMS PLC,2012,9837508991.0,
01470151,BAE SYSTEMS PLC,2013,12702037662.0,
01470151,BAE SYSTEMS PLC,2014,13782440866.0,
01470151,BAE SYSTEMS PLC,2015,14588363434.0,
01470151,BAE SYSTEMS PLC,2016,17271851212.0,
01470151,BAE SYSTEMS PLC,2017,16731649610.0,
01470151,BAE SYSTEMS PLC,2018,13467374729.0,
01470151,BAE SYSTEMS PLC,2019,16564400872.0,
01470151,BAE SYSTEMS PLC,2020,14335480026.0,
01470151,BAE SYSTEMS PLC,2021,16107655446.0,
01470151,BAE SYSTEMS PLC,2022,25078489211.0,
01470151,BAE SYSTEMS PLC,2023,32534652183.0,
01470151,BAE SYSTEMS PLC,2024,33647949601.0,
01003142,ROLLS ROYCE HOLDINGS PLC,1988,10610126375.0,
01003142,ROLLS ROYCE HOLDINGS PLC,1989,14653996528.0,
01003142,ROLLS ROYCE HOLDINGS PLC,1990,4027086738.0,
01003142,ROLLS ROYCE HOLDINGS PLC,1991,3183854930.0,
01003142,ROLLS ROYCE HOLDINGS PLC,1993,4419599404.0,
01003142,ROLLS ROYCE HOLDINGS PLC,1994,4881974715.0,
14072248,Carnival,2018,5499224305.0,
00102498,BP PLC,2003,69429238069.0,
00102498,BP PLC,2004,77858836510.0,
01003142,ROLLS ROYCE HOLDINGS PLC,1995,5380845536.0,
01003142,ROLLS ROYCE HOLDINGS PLC,1996,7331054868.0,
01003142,ROLLS ROYCE HOLDINGS PLC,1997,6690476029.0,
01003142,ROLLS ROYCE HOLDINGS PLC,1998,7089053031.0,
01003142,ROLLS ROYCE HOLDINGS PLC,1999,6092597551.0,
01003142,ROLLS ROYCE HOLDINGS PLC,2000,5644193124.0,
01003142,ROLLS ROYCE HOLDINGS PLC,2001,4726038202.0,
01003142,ROLLS ROYCE HOLDINGS PLC,2002,3046294661.0,
00102498,BP PLC,1998,68777860007.0,
00102498,BP PLC,1999,95407727810.0,
00102498,BP PLC,2000,82610064722.0,
00102498,BP PLC,2001,81690472165.0,
00102498,BP PLC,2002,65444336987.0,
02468686,AVIVA PLC,2010,11801884598.0,
02468686,AVIVA PLC,2011,9033096271.0,
02468686,AVIVA PLC,2012,11201277841.0,
02468686,AVIVA PLC,2013,13504596883.0,
02468686,AVIVA PLC,2014,14549651396.0,
02468686,AVIVA PLC,2015,15495604417.0,
02468686,AVIVA PLC,2016,14606708903.0,
02468686,AVIVA PLC,2017,15210315025.0,
02468686,AVIVA PLC,2018,11100117406.0,
02468686,AVIVA PLC,2019,12377147352.0,
02468686,AVIVA PLC,2020,9613203299.0,
02468686,AVIVA PLC,2021,10787069855.0,
02468686,AVIVA PLC,2022,11778347048.0,
02468686,AVIVA PLC,2023,11562890123.0,
02468686,AVIVA PLC,2024,12469939260.0,
04083914,COMPASS GROUP PLC,2001,9657959390.0,
00647788,RS Group,2022,4242037087.0,
00647788,RS Group,2023,3882494129.0,
01664812,Kingfisher,1989,300684710.0,
01664812,Kingfisher,1990,1509525962.0,
01664812,Kingfisher,1991,1961207919.0,
01664812,Kingfisher,1992,2184977988.0,
01664812,Kingfisher,1993,2444875784.0,
01664812,Kingfisher,1994,2444875784.0,
01664812,Kingfisher,1995,4514861132.0,
01664812,Kingfisher,1996,5260416840.0,
01664812,Kingfisher,1997,7063841767.0,
01664812,Kingfisher,1998,10837340478.0,
01664812,Kingfisher,1999,11445423210.0,
01664812,Kingfisher,2000,8292520735.0,
01664812,Kingfisher,2001,5925199624.0,
01664812,Kingfisher,2002,4353931344.0,
01664812,Kingfisher,2003,4768533396.0,
01664812,Kingfisher,2004,5303602224.0,
01664812,Kingfisher,2005,4062242543.0,
01664812,Kingfisher,2006,4083645296.0,
01664812,Kingfisher,2007,2492992789.0,
01664812,Kingfisher,2008,2311497338.0,
01664812,Kingfisher,2009,3920984373.0,
01664812,Kingfisher,2010,4509988034.0,
01664812,Kingfisher,2011,4292536114.0,
01664812,Kingfisher,2012,4864417835.0,
01664812,Kingfisher,2013,6586911511.0,
01664812,Kingfisher,2014,5830109951.0,
01664812,Kingfisher,2015,5641765724.0,
01664812,Kingfisher,2016,5997907327.0,
01664812,Kingfisher,2017,5782167993.0,
01664812,Kingfisher,2018,3434672705.0,
01664812,Kingfisher,2019,3591922780.0,
02231246,THE SAGE GROUP PLC,1999,7578189548.0,
02231246,THE SAGE GROUP PLC,2009,2206752687.0,
02231246,THE SAGE GROUP PLC,2010,2742391387.0,
02231246,THE SAGE GROUP PLC,2011,2951030415.0,
02231246,THE SAGE GROUP PLC,2012,2952033769.0,
02231246,THE SAGE GROUP PLC,2013,3849420819.0,
02231246,THE SAGE GROUP PLC,2014,4440612504.0,
02231246,THE SAGE GROUP PLC,2015,5754583586.0,
02231246,THE SAGE GROUP PLC,2016,6245654099.0,
02231246,THE SAGE GROUP PLC,2017,7609209116.0,
02231246,THE SAGE GROUP PLC,2018,5418427028.0,
02231246,THE SAGE GROUP PLC,2019,6748256866.0,
02231246,THE SAGE GROUP PLC,2020,5243638847.0,
02231246,THE SAGE GROUP PLC,2021,8304281200.0,
02231246,THE SAGE GROUP PLC,2022,7262106542.0,
02231246,THE SAGE GROUP PLC,2023,11420091469.0,
02231246,THE SAGE GROUP PLC,2024,12398956452.0,
06426485,RIGHTMOVE PLC,2018,3210374820.0,
06426485,RIGHTMOVE PLC,2019,4705826276.0,
06426485,RIGHTMOVE PLC,2020,4833572918.0,
06426485,RIGHTMOVE PLC,2021,6170932973.0,
06426485,RIGHTMOVE PLC,2022,3969578723.0,
06426485,RIGHTMOVE PLC,2023,4467910526.0,
06426485,RIGHTMOVE PLC,2024,4981766927.0,
SC246627,Ferguson,2017,11290849685.0,
SC246627,Ferguson,2018,9729860730.0,
SC246627,Ferguson,2019,13284741081.0,
SC246627,Ferguson,2020,17229436462.0,
SC246627,Ferguson,2021,26299900300.0,
00621920,British Land Co,1997,5641332771.0,
00621920,British Land Co,2001,3868579010.0,
00621920,British Land Co,2002,3744320957.0,
00621920,British Land Co,2003,4837795000.0,
00621920,British Land Co,2004,7422370260.0,
00621920,British Land Co,2005,8830632673.0,
00621920,British Land Co,2006,14198597544.0,
00621920,British Land Co,2007,7828280857.0,
00621920,British Land Co,2008,4564426184.0,
00621920,British Land Co,2009,4798960334.0,
00621920,British Land Co,2011,4623998239.0,
00621920,British Land Co,2012,5618782725.0,
00621920,British Land Co,2013,6288637605.0,
00621920,British Land Co,2014,7768317041.0,
00621920,British Land Co,2015,7858297548.0,
00621920,British Land Co,2016,6293636522.0,
00621920,British Land Co,2017,6913502232.0,
00621920,British Land Co,2018,5462158681.0,
00621920,British Land Co,2019,6543936270.0,
00621920,British Land Co,2020,5009368968.0,
00621920,British Land Co,2021,5305507655.0,
00621920,British Land Co,2022,3947657452.0,
00621920,British Land Co,2024,3600950897.0,
00324357,Smith & Nephew,1989,1476597147.0,
00324357,Smith & Nephew,1990,1169879149.0,
00324357,Smith & Nephew,1991,1560530149.0,
00324357,Smith & Nephew,1992,1510791844.0,
00324357,Smith & Nephew,1993,1510791844.0,
00324357,Smith & Nephew,1994,1510791844.0,
00324357,Smith & Nephew,1995,1935637412.0,
00324357,Smith & Nephew,1996,1875537218.0,
06344120,FRESNILLO PLC,2020,8323213088.0,
06344120,FRESNILLO PLC,2021,6578989685.0,
06344120,FRESNILLO PLC,2022,6645310146.0,
06344120,FRESNILLO PLC,2023,4380098211.0,
06344120,FRESNILLO PLC,2024,4579796309.0,
01833679,VODAFONE GROUP PLC,1991,7135916049.0,
01833679,VODAFONE GROUP PLC,2002,32168424959.0,
01833679,VODAFONE GROUP PLC,2005,35632282991.0,
01833679,VODAFONE GROUP PLC,2006,35153161477.0,
01833679,VODAFONE GROUP PLC,2015,52658486615.0,
01833679,VODAFONE GROUP PLC,1992,8082315108.0,
01833679,VODAFONE GROUP PLC,1993,11243325477.0,
01833679,VODAFONE GROUP PLC,1994,12038301613.0,
01833679,VODAFONE GROUP PLC,1995,13088826797.0,
01833679,VODAFONE GROUP PLC,1996,13997387964.0,
01833679,VODAFONE GROUP PLC,1997,24928409145.0,
01833679,VODAFONE GROUP PLC,1998,55421699421.0,
01833679,VODAFONE GROUP PLC,1999,87107476171.0,
01833679,VODAFONE GROUP PLC,2000,69703010874.0,
01833679,VODAFONE GROUP PLC,2001,51049281132.0,
01833679,VODAFONE GROUP PLC,2003,39323285631.0,
01833679,VODAFONE GROUP PLC,2004,40118260859.0,
02081330,Capita Group,2000,5342873340.0,
01833679,VODAFONE GROUP PLC,2018,35207886015.0,
01833679,VODAFONE GROUP PLC,2019,33794044241.0,
01833679,VODAFONE GROUP PLC,2020,27848541469.0,
01833679,VODAFONE GROUP PLC,2021,27989675043.0,
01833679,VODAFONE GROUP PLC,2022,21003475155.0,
01833679,VODAFONE GROUP PLC,2023,17093996224.0,
01833679,VODAFONE GROUP PLC,2024,17029172051.0,
05525338,Persimmon,2005,4029211328.0,
05525338,Persimmon,2006,4887580673.0,
05525338,Persimmon,2007,2562296552.0,
05525338,Persimmon,2013,3968356785.0,
05525338,Persimmon,2014,5054129949.0,
05525338,Persimmon,2015,6492218889.0,
05525338,Persimmon,2016,5688298345.0,
05525338,Persimmon,2017,8769459949.0,
05525338,Persimmon,2018,6195775610.0,
05525338,Persimmon,2019,8651614129.0,
05525338,Persimmon,2020,8882751872.0,
05525338,Persimmon,2021,9139256663.0,
05525338,Persimmon,2022,3894424145.0,
01417162,LEGAL & GENERAL GROUP PLC,1988,1638874940.0,
01417162,LEGAL & GENERAL GROUP PLC,1989,2382026779.0,
01417162,LEGAL & GENERAL GROUP PLC,1990,2027340523.0,
01417162,LEGAL & GENERAL GROUP PLC,1991,2106159738.0,
01417162,LEGAL & GENERAL GROUP PLC,1992,2331357252.0,
01417162,LEGAL & GENERAL GROUP PLC,1993,2832421806.0,
01417162,LEGAL & GENERAL GROUP PLC,1994,2432696090.0,
01417162,LEGAL & GENERAL GROUP PLC,1995,3772880476.0,
01417162,LEGAL & GENERAL GROUP PLC,1996,5236264422.0,
01417162,LEGAL & GENERAL GROUP PLC,1997,7488419532.0,
01417162,LEGAL & GENERAL GROUP PLC,2002,5404740329.0,
01417162,LEGAL & GENERAL GROUP PLC,2003,5644012688.0,
01417162,LEGAL & GENERAL GROUP PLC,2004,6192931627.0,
01417162,LEGAL & GENERAL GROUP PLC,2005,6868524168.0,
01417162,LEGAL & GENERAL GROUP PLC,2006,8867152103.0,
01417162,LEGAL & GENERAL GROUP PLC,2007,7352699167.0,
01417162,LEGAL & GENERAL GROUP PLC,2008,4323792435.0,
01417162,LEGAL & GENERAL GROUP PLC,2009,4537729816.0,
01417162,LEGAL & GENERAL GROUP PLC,2010,5446964863.0,
01417162,LEGAL & GENERAL GROUP PLC,2011,5787576274.0,
01417162,LEGAL & GENERAL GROUP PLC,2012,8197189843.0,
01417162,LEGAL & GENERAL GROUP PLC,2013,12537871405.0,
01417162,LEGAL & GENERAL GROUP PLC,2014,13996025821.0,
01417162,LEGAL & GENERAL GROUP PLC,2015,15076972856.0,
01417162,LEGAL & GENERAL GROUP PLC,2016,13939726443.0,
01417162,LEGAL & GENERAL GROUP PLC,2017,15386619438.0,
01417162,LEGAL & GENERAL GROUP PLC,2018,12656000714.0,
01417162,LEGAL & GENERAL GROUP PLC,2019,16600728210.0,
01417162,LEGAL & GENERAL GROUP PLC,2020,14584534825.0,
01417162,LEGAL & GENERAL GROUP PLC,2021,17270321869.0,
01417162,LEGAL & GENERAL GROUP PLC,2022,14483849769.0,
01417162,LEGAL & GENERAL GROUP PLC,2023,14576732527.0,
01417162,LEGAL & GENERAL GROUP PLC,2024,13340235355.0,
00324357,Scottish & Newcastle Breweries PLC,1988,1202001675.0,
SC001731,ALLIANCE WITAN PLC,2024,4949963180.0,
00185647,SAINSBURY(J) PLC,1988,4872774511.0,
00185647,SAINSBURY(J) PLC,1989,6562290138.0,
00185647,SAINSBURY(J) PLC,1990,7517257245.0,
00185647,SAINSBURY(J) PLC,1991,9518762161.0,
00185647,SAINSBURY(J) PLC,1992,14240270925.0,
00185647,SAINSBURY(J) PLC,1993,11210430030.0,
00185647,SAINSBURY(J) PLC,1994,10389848078.0,
00185647,SAINSBURY(J) PLC,1995,10090995757.0,
00185647,SAINSBURY(J) PLC,1996,9962611372.0,
00185647,SAINSBURY(J) PLC,1997,13069507856.0,
00185647,SAINSBURY(J) PLC,1998,12163656282.0,
00185647,SAINSBURY(J) PLC,1999,8818119498.0,
00185647,SAINSBURY(J) PLC,2008,7380486044.0,
00185647,SAINSBURY(J) PLC,2009,7268149879.0,
00185647,SAINSBURY(J) PLC,2010,8454419507.0,
00185647,SAINSBURY(J) PLC,2011,6805324742.0,
00185647,SAINSBURY(J) PLC,2012,7753442249.0,
00185647,SAINSBURY(J) PLC,2013,8200540049.0,
00185647,SAINSBURY(J) PLC,2014,5542666315.0,
00185647,SAINSBURY(J) PLC,2015,5814519629.0,
00185647,SAINSBURY(J) PLC,2016,5601081258.0,
00185647,SAINSBURY(J) PLC,2017,5423589911.0,
00185647,SAINSBURY(J) PLC,2018,5818233618.0,
00185647,SAINSBURY(J) PLC,2019,5047591975.0,
00185647,SAINSBURY(J) PLC,2020,4950987475.0,
00185647,SAINSBURY(J) PLC,2021,6381349798.0,
00185647,SAINSBURY(J) PLC,2022,5037055449.0,
00185647,SAINSBURY(J) PLC,2023,7001437901.0,
00185647,SAINSBURY(J) PLC,2024,6330447501.0,
13691224,HALEON PLC,2023,29025919421.0,
13691224,HALEON PLC,2024,34056838240.0,
03938288,Bradford & Bingley,2002,613130639.0,
03938288,Bradford & Bingley,2003,927121456.0,
03938288,Bradford & Bingley,2006,1879702908.0,
06035106,Frasers Group,2022,3073795843.0,
06035106,Frasers Group,2023,3941818472.0,
00966425,Standard Chartered PLC,1989,2483440358.0,
00966425,Standard Chartered PLC,1990,1182372986.0,
00719885,RIO TINTO PLC,1988,4309503599.0,
00719885,RIO TINTO PLC,1989,6018801719.0,
00719885,RIO TINTO PLC,1990,4672082371.0,
00719885,RIO TINTO PLC,1991,4889629481.0,
00719885,RIO TINTO PLC,1992,7080639387.0,
00719885,RIO TINTO PLC,1993,8411819546.0,
00719885,RIO TINTO PLC,1994,8567210667.0,
00719885,RIO TINTO PLC,1995,9696384054.0,
00719885,RIO TINTO PLC,2005,27504167167.0,
00719885,RIO TINTO PLC,2015,24822999857.0,
00719885,RIO TINTO PLC,2003,15984529795.0,
00719885,RIO TINTO PLC,2007,55080849783.0,
00719885,RIO TINTO PLC,2008,15435482291.0,
00719885,RIO TINTO PLC,1996,9701563401.0,
00719885,RIO TINTO PLC,1997,7759178216.0,
00719885,RIO TINTO PLC,1998,7241209854.0,
00719885,RIO TINTO PLC,1999,15487280352.0,
00719885,RIO TINTO PLC,2000,12203354018.0,
00719885,RIO TINTO PLC,2001,13632950187.0,
00719885,RIO TINTO PLC,2002,12845635889.0,
00719885,RIO TINTO PLC,2004,15880936735.0,
00719885,RIO TINTO PLC,2006,28156806201.0,
00719885,RIO TINTO PLC,2009,42510719633.0,
00719885,RIO TINTO PLC,2012,44034333921.0,
00719885,RIO TINTO PLC,2014,37620105870.0,
00719885,RIO TINTO PLC,2016,39607701463.0,
00719885,RIO TINTO PLC,2017,49432819113.0,
00719885,RIO TINTO PLC,2018,46792921355.0,
00719885,RIO TINTO PLC,2019,56490221142.0,
00719885,RIO TINTO PLC,2020,68621254641.0,
00719885,RIO TINTO PLC,2021,61332962365.0,
00719885,RIO TINTO PLC,2022,72691847055.0,
00719885,RIO TINTO PLC,2023,73243492669.0,
00719885,RIO TINTO PLC,2024,59214141711.0,
01627889,ANTOFAGASTA PLC,2004,2210290680.0,
01627889,ANTOFAGASTA PLC,2005,3685132206.0,
01627889,ANTOFAGASTA PLC,2006,5018010578.0,
01627889,ANTOFAGASTA PLC,2007,7068592503.0,
01627889,ANTOFAGASTA PLC,2008,4194820237.0,
01627889,ANTOFAGASTA PLC,2009,9779698414.0,
01627889,ANTOFAGASTA PLC,2010,15892009923.0,
01627889,ANTOFAGASTA PLC,2011,11978158844.0,
01627889,ANTOFAGASTA PLC,2012,13052742642.0,
01627889,ANTOFAGASTA PLC,2013,8123459167.0,
01627889,ANTOFAGASTA PLC,2014,7418571630.0,
01627889,ANTOFAGASTA PLC,2015,4626625349.0,
01627889,ANTOFAGASTA PLC,2016,6654532691.0,
01627889,ANTOFAGASTA PLC,2017,9907859785.0,
01627889,ANTOFAGASTA PLC,2018,7721229756.0,
01627889,ANTOFAGASTA PLC,2019,9038334059.0,
00077536,RELX PLC,2019,33408968161.0,
02366619,SEVERN TRENT PLC,2016,6689938317.0,
00077536,RELX PLC,2020,31427748847.0,
02366619,SEVERN TRENT PLC,2001,3206471748.0,
02366619,SEVERN TRENT PLC,2002,3134213188.0,
02366619,SEVERN TRENT PLC,2003,3382601987.0,
02366619,SEVERN TRENT PLC,2004,4367124128.0,
02366619,SEVERN TRENT PLC,2005,4895514846.0,
02366619,SEVERN TRENT PLC,2006,4425836780.0,
02366619,SEVERN TRENT PLC,2007,4594440086.0,
02366619,SEVERN TRENT PLC,2008,3606906437.0,
02366619,SEVERN TRENT PLC,2009,3269699826.0,
02366619,SEVERN TRENT PLC,2010,4449922967.0,
02366619,SEVERN TRENT PLC,2011,4504116887.0,
02366619,SEVERN TRENT PLC,2012,4738957206.0,
02366619,SEVERN TRENT PLC,2013,5133368511.0,
02366619,SEVERN TRENT PLC,2014,6039611280.0,
02366619,SEVERN TRENT PLC,2015,6554453518.0,
02366619,SEVERN TRENT PLC,2017,6509291918.0,
02366619,SEVERN TRENT PLC,2018,5478281744.0,
02366619,SEVERN TRENT PLC,2019,7589027037.0,
02366619,SEVERN TRENT PLC,2020,6907070730.0,
02366619,SEVERN TRENT PLC,2021,8847276874.0,
02366619,SEVERN TRENT PLC,2022,7958646418.0,
02366619,SEVERN TRENT PLC,2023,7742493064.0,
02366619,SEVERN TRENT PLC,2024,7529341839.0,
00033774,Johnson Matthey,2002,1486779381.0,
00033774,Johnson Matthey,2003,1823163181.0,
00033774,Johnson Matthey,2004,1836172803.0,
00033774,Johnson Matthey,2007,3495790254.0,
00033774,Johnson Matthey,2008,2035029400.0,
00033774,Johnson Matthey,2010,3787570645.0,
00033774,Johnson Matthey,2011,3412158900.0,
00033774,Johnson Matthey,2005,2624165852.0,
00033774,Johnson Matthey,2006,2618590387.0,
00033774,Johnson Matthey,2009,2845324306.0,
06344120,Fresnillo,2015,5217206610.0,
00033774,Johnson Matthey,2012,4215018013.0,
00033774,Johnson Matthey,2013,5818711884.0,
00033774,Johnson Matthey,2016,5331254185.0,
00033774,Johnson Matthey,2019,5029845056.0,
00033774,Johnson Matthey,2020,4071219713.0,
01664812,KINGFISHER PLC,2020,4475833631.0,
01664812,KINGFISHER PLC,2021,5993525672.0,
01664812,KINGFISHER PLC,2022,4182889444.0,
01664812,KINGFISHER PLC,2023,4310448912.0,
01664812,KINGFISHER PLC,2024,4406118446.0,
02837811,HISCOX LD,2024,3659218913.0,
00360632,Hammerson Property,2005,16762389667.0,
00360632,Hammerson Property,2006,25865253309.0,
00360632,Hammerson Property,2007,16811594315.0,
00360632,Hammerson Property,2008,8774832013.0,
00360632,Hammerson Property,2009,10247309774.0,
00360632,Hammerson Property,2010,10082966691.0,
00360632,Hammerson Property,2011,8700545608.0,
00360632,Hammerson Property,2012,11801324247.0,
00360632,Hammerson Property,2013,12132428258.0,
00360632,Hammerson Property,2014,14621751020.0,
00360632,Hammerson Property,2015,14500910423.0,
00360632,Hammerson Property,2016,13848369906.0,
00360632,Hammerson Property,2017,13219996217.0,
06209386,MONDI PLC,2013,5068816236.0,
06209386,MONDI PLC,2014,5088199964.0,
06209386,MONDI PLC,2015,6464437160.0,
06209386,MONDI PLC,2016,8073277485.0,
06209386,MONDI PLC,2017,9357442373.0,
06209386,MONDI PLC,2018,7920475432.0,
06209386,MONDI PLC,2019,8594455445.0,
06209386,MONDI PLC,2020,8337470624.0,
06209386,MONDI PLC,2021,8848625376.0,
06209386,MONDI PLC,2022,6830305577.0,
06209386,MONDI PLC,2023,7450581339.0,
06209386,MONDI PLC,2024,5251200945.0,
06344120,Fresnillo,2009,5836197225.0,
06344120,Fresnillo,2010,12291385065.0,
06344120,Fresnillo,2011,11252365104.0,
06344120,Fresnillo,2012,13610424589.0,
06344120,Fresnillo,2013,5493541706.0,
06344120,Fresnillo,2014,5644604892.0,
00824821,Travis Perkins,2014,3713870038.0,
00824821,Travis Perkins,2015,3945861807.0,
00012901,Foreign & Col Inv Trust,1995,769262988.0,
00012901,Foreign & Col Inv Trust,2003,895099217.0,
00617987,HSBC HLDGS PLC,2006,139268341002.0,
00617987,HSBC HLDGS PLC,2007,125954820240.0,
00324357,Scottish & Newcastle Plc,1997,1870356145.0,
00324357,Scottish & Newcastle Plc,1998,1937710229.0,
00324357,Scottish & Newcastle Plc,1999,2155313634.0,
00324357,Scottish & Newcastle Plc,2007,4917282462.0,
00617987,HSBC HLDGS PLC,1992,23959283667.0,
00617987,HSBC HLDGS PLC,1993,49414321154.0,
00617987,HSBC HLDGS PLC,1994,34605114674.0,
00617987,HSBC HLDGS PLC,1995,49206735309.0,
00617987,HSBC HLDGS PLC,1996,63944256413.0,
00617987,HSBC HLDGS PLC,1997,76380474738.0,
00617987,HSBC HLDGS PLC,1998,81210829619.0,
00617987,HSBC HLDGS PLC,1999,129096205010.0,
00617987,HSBC HLDGS PLC,2000,147346199526.0,
00617987,HSBC HLDGS PLC,2001,120569574239.0,
00617987,HSBC HLDGS PLC,2002,102693565326.0,
00617987,HSBC HLDGS PLC,2003,131340066241.0,
00617987,HSBC HLDGS PLC,2004,131489650005.0,
00617987,HSBC HLDGS PLC,2005,139567508530.0,
00617987,HSBC HLDGS PLC,2009,121672137650.0,
00617987,HSBC HLDGS PLC,2022,91122642912.0,
00617987,HSBC HLDGS PLC,2023,112290940856.0,
00617987,HSBC HLDGS PLC,2024,138760148676.0,
SC002934,Weir Group,2010,4621094526.0,
SC002934,Weir Group,2011,5275316897.0,
SC002934,Weir Group,2012,4878110457.0,
SC002934,Weir Group,2013,5534928949.0,
SC002934,Weir Group,2014,4805419083.0,
03849958,ADMIRAL GROUP PLC,2007,3287922165.0,
03849958,ADMIRAL GROUP PLC,2008,2720008337.0,
03849958,ADMIRAL GROUP PLC,2009,3553944958.0,
03849958,ADMIRAL GROUP PLC,2010,4528365527.0,
03849958,ADMIRAL GROUP PLC,2011,2546645168.0,
03849958,ADMIRAL GROUP PLC,2012,3467263374.0,
03849958,ADMIRAL GROUP PLC,2013,3915616397.0,
03849958,ADMIRAL GROUP PLC,2014,3951484638.0,
03849958,ADMIRAL GROUP PLC,2015,4958784429.0,
03849958,ADMIRAL GROUP PLC,2016,5460939814.0,
03849958,ADMIRAL GROUP PLC,2017,5984018340.0,
03849958,ADMIRAL GROUP PLC,2018,6118524247.0,
03849958,ADMIRAL GROUP PLC,2019,6901647526.0,
03849958,ADMIRAL GROUP PLC,2020,8686092556.0,
01807982,ASHTEAD GROUP PLC,2015,4684896912.0,
01807982,ASHTEAD GROUP PLC,2016,6614957212.0,
01807982,ASHTEAD GROUP PLC,2017,8339870106.0,
01807982,ASHTEAD GROUP PLC,2021,25644245920.0,
01807982,ASHTEAD GROUP PLC,2022,20370387200.0,
01807982,ASHTEAD GROUP PLC,2023,23572681120.0,
01807982,ASHTEAD GROUP PLC,2024,21427748400.0,
03919249,Tullow Oil,2007,8183985827.0,
03919249,Tullow Oil,2008,8284478974.0,
03919249,Tullow Oil,2009,16393094940.0,
03919249,Tullow Oil,2010,15840377230.0,
03919249,Tullow Oil,2011,17611584250.0,
03919249,Tullow Oil,2012,15840377230.0,
03919249,Tullow Oil,2013,10740302309.0,
03919249,Tullow Oil,2014,5199311724.0,
03720393,EXPERIAN PLC,2006,5474790032.0,
03720393,EXPERIAN PLC,2007,3625507327.0,
03720393,EXPERIAN PLC,2008,3945136437.0,
03720393,EXPERIAN PLC,2009,5616340066.0,
03720393,EXPERIAN PLC,2010,7287543695.0,
03720393,EXPERIAN PLC,2011,7995293866.0,
03720393,EXPERIAN PLC,2012,8949615065.0,
03720393,EXPERIAN PLC,2013,10173337941.0,
03720393,EXPERIAN PLC,2014,9935899174.0,
03720393,EXPERIAN PLC,2015,10967844584.0,
03720393,EXPERIAN PLC,2016,14374177665.0,
03720393,EXPERIAN PLC,2017,14940377802.0,
03720393,EXPERIAN PLC,2018,16928125504.0,
03720393,EXPERIAN PLC,2019,22677467866.0,
03720393,EXPERIAN PLC,2020,24676852768.0,
03720393,EXPERIAN PLC,2021,33181370880.0,
03720393,EXPERIAN PLC,2022,25699117920.0,
03720393,EXPERIAN PLC,2023,29252959680.0,
03720393,EXPERIAN PLC,2024,31472968800.0,
03183415,St. James Place,2014,4234865900.0,
03183415,St. James Place,2015,5240939014.0,
03183415,St. James Place,2016,5272135080.0,
03183415,St. James Place,2017,6374396063.0,
03183415,St. James Place,2018,4803086387.0,
03183415,St. James Place,2019,5924993747.0,
03183415,St. James Place,2020,5767265275.0,
03183415,St. James Place,2021,8971472241.0,
03183415,St. James Place,2022,5835320525.0,
03183415,St. James Place,2023,3642945177.0,
00714275,IMI PLC,2023,4266094175.0,
00714275,IMI PLC,2024,4613157656.0,
00077536,RELX PLC,2021,44251564063.0,
00077536,RELX PLC,2022,42151364936.0,
00077536,RELX PLC,2023,57294906010.0,
00077536,RELX PLC,2024,66856338877.0,
02128710,HOWDEN JOINERY GROUP PLC,2023,4468136417.0,
02128710,HOWDEN JOINERY GROUP PLC,2024,4357751172.0,
01003142,ROLLS-ROYCE HOLDINGS PLC,2003,5046323507.0,
01003142,ROLLS-ROYCE HOLDINGS PLC,2004,7032115629.0,
01003142,ROLLS-ROYCE HOLDINGS PLC,2005,12170976418.0,
01003142,ROLLS-ROYCE HOLDINGS PLC,2006,12747491423.0,
01003142,ROLLS-ROYCE HOLDINGS PLC,2007,15544682184.0,
01003142,ROLLS-ROYCE HOLDINGS PLC,2008,9551722395.0,
01003142,ROLLS-ROYCE HOLDINGS PLC,2009,13765300881.0,
01003142,ROLLS-ROYCE HOLDINGS PLC,2010,17736877529.0,
01003142,ROLLS-ROYCE HOLDINGS PLC,2011,21252938508.0,
01003142,ROLLS-ROYCE HOLDINGS PLC,2012,24868646744.0,
01003142,ROLLS-ROYCE HOLDINGS PLC,2013,36299398332.0,
01003142,ROLLS-ROYCE HOLDINGS PLC,2014,24769002019.0,
01003142,ROLLS-ROYCE HOLDINGS PLC,2015,16370317863.0,
01003142,ROLLS-ROYCE HOLDINGS PLC,2016,19018035206.0,
01003142,ROLLS-ROYCE HOLDINGS PLC,2017,24114185507.0,
01003142,ROLLS-ROYCE HOLDINGS PLC,2018,23606530209.0,
01003142,ROLLS-ROYCE HOLDINGS PLC,2019,19431309055.0,
01003142,ROLLS-ROYCE HOLDINGS PLC,2020,9220345861.0,
01003142,ROLLS-ROYCE HOLDINGS PLC,2021,10287230569.0,
01003142,ROLLS-ROYCE HOLDINGS PLC,2022,7802489250.0,
01003142,ROLLS-ROYCE HOLDINGS PLC,2023,25090195280.0,
00054485,Royal Dutch Shell A&B,2009,107753565443.0,
00054485,Royal Dutch Shell A&B,2010,122439425983.0,
00054485,Royal Dutch Shell A&B,2011,135751170917.0,
00054485,Royal Dutch Shell A&B,2012,121494721504.0,
00054485,Royal Dutch Shell A&B,2013,123842168998.0,
00054485,Royal Dutch Shell A&B,2014,123298248237.0,
00054485,Royal Dutch Shell A&B,2015,87370850620.0,
00054485,Royal Dutch Shell A&B,2016,128393926943.0,
00054485,Royal Dutch Shell A&B,2017,141991945962.0,
00054485,Royal Dutch Shell A&B,2018,127928094968.0,
00054485,Royal Dutch Shell A&B,2019,123908685700.0,
00054485,Royal Dutch Shell A&B,2020,71950200605.0,
00054485,Royal Dutch Shell A&B,2021,96604786277.0,
03183415,ST.JAMES'S PLACE PLC,2024,4625623941.0,
01377658,Smith (DS),2021,5261898000.0,
01377658,Smith (DS),2023,4228448000.0,
01377658,Smith (DS),2024,7447080000.0,
00609782,Inchcape plc,1991,1406991630.0,
00609782,Inchcape plc,1992,2111097838.0,
00609782,Inchcape plc,1993,2032999065.0,
00609782,Inchcape plc,1994,1563798686.0,
02366619,Severn Trent,1990,1492708941.0,
02366619,Severn Trent,1991,1478447185.0,
02366619,Severn Trent,1992,2186771118.0,
02366619,Severn Trent,1993,2904602398.0,
02366619,Severn Trent,1995,3270648778.0,
02366619,Severn Trent,1996,3189833477.0,
02366619,Severn Trent,1997,4416801888.0,
02366619,Severn Trent,1998,4620029087.0,
03033654,Centrica,1998,6081448784.0,
03033654,Centrica,1999,7938553563.0,
03033654,Centrica,2000,11726896062.0,
03033654,Centrica,2001,10019316649.0,
03033654,Centrica,2002,7734998832.0,
03033654,Centrica,2003,9544357703.0,
03033654,Centrica,2004,9617863346.0,
03033654,Centrica,2005,10371007477.0,
03033654,Centrica,2006,14431886678.0,
03033654,Centrica,2011,13229497284.0,
03033654,Centrica,2012,15255307850.0,
03033654,Centrica,2013,15900091812.0,
03033654,Centrica,2014,12758485648.0,
03033654,Centrica,2015,9973569167.0,
03033654,Centrica,2016,10705238595.0,
03033654,Centrica,2017,6278638417.0,
03033654,Centrica,2018,6109610153.0,
03033654,Centrica,2019,4044390141.0,
00054485,Shell Transport & Trading Co,1996,288197852040.0,
00054485,Shell Transport & Trading Co,1997,108346724508.0,
00054485,Shell Transport & Trading Co,1998,81510248399.0,
00054485,Shell Transport & Trading Co,1999,104096127459.0,
00054485,Shell Transport & Trading Co,2000,121368190595.0,
00054485,Shell Transport & Trading Co,2001,96107361177.0,
00054485,Shell Transport & Trading Co,2002,75947941537.0,
00054485,Shell Transport & Trading Co,2003,82933602309.0,
00054485,Shell Transport & Trading Co,2004,85847300780.0,
00040932,HALMA PLC,2017,4759041080.0,
00040932,HALMA PLC,2018,5151531671.0,
00040932,HALMA PLC,2019,7991672299.0,
00040932,HALMA PLC,2020,9249340955.0,
00040932,HALMA PLC,2021,12070016000.0,
00040932,HALMA PLC,2022,7445691120.0,
00040932,HALMA PLC,2023,8614973920.0,
00040932,HALMA PLC,2024,10142585320.0,
10361298,ConvaTec Group,2016,4580371604.0,
00293262,Associated British Foods,1988,1239415223.0,
00293262,Associated British Foods,1989,1683505432.0,
00293262,Associated British Foods,1990,1699654009.0,
00293262,ASSOCIATED BRITISH FOODS PLC,2013,17372808966.0,
00293262,ASSOCIATED BRITISH FOODS PLC,2011,7865725777.0,
00293262,Associated British Foods,1991,1905550536.0,
00293262,Associated British Foods,1992,2054926176.0,
00293262,Associated British Foods,1993,2272933920.0,
00293262,Associated British Foods,1994,2276971281.0,
00293262,Associated British Foods,1995,2979441109.0,
00293262,Associated British Foods,1996,3912030548.0,
00293262,Associated British Foods,1997,4279414581.0,
00293262,Associated British Foods,1998,4590277727.0,
00293262,Associated British Foods,1999,2433614344.0,
02670969,GAMES WORKSHOP GROUP PLC,2024,4388519960.0,
00293262,ASSOCIATED BRITISH FOODS PLC,2000,3577590722.0,
00293262,ASSOCIATED BRITISH FOODS PLC,2001,3531405340.0,
00293262,ASSOCIATED BRITISH FOODS PLC,2002,4178000684.0,
00293262,ASSOCIATED BRITISH FOODS PLC,2003,4149578911.0,
00293262,ASSOCIATED BRITISH FOODS PLC,2004,5545798527.0,
00293262,ASSOCIATED BRITISH FOODS PLC,2005,5961466962.0,
00293262,ASSOCIATED BRITISH FOODS PLC,2006,5865543477.0,
00293262,ASSOCIATED BRITISH FOODS PLC,2007,6391346284.0,
00293262,ASSOCIATED BRITISH FOODS PLC,2008,5186973638.0,
00293262,ASSOCIATED BRITISH FOODS PLC,2009,5840674425.0,
00293262,ASSOCIATED BRITISH FOODS PLC,2010,8391528585.0,
00293262,ASSOCIATED BRITISH FOODS PLC,2012,11112913384.0,
00293262,ASSOCIATED BRITISH FOODS PLC,2014,22403462851.0,
00293262,ASSOCIATED BRITISH FOODS PLC,2015,23746391642.0,
00293262,ASSOCIATED BRITISH FOODS PLC,2016,19504441968.0,
00293262,ASSOCIATED BRITISH FOODS PLC,2017,20037350219.0,
00293262,ASSOCIATED BRITISH FOODS PLC,2018,14297447489.0,
00293262,ASSOCIATED BRITISH FOODS PLC,2019,18181482416.0,
00293262,ASSOCIATED BRITISH FOODS PLC,2020,15844063198.0,
00293262,ASSOCIATED BRITISH FOODS PLC,2021,14453001841.0,
00293262,ASSOCIATED BRITISH FOODS PLC,2022,11343591086.0,
00293262,ASSOCIATED BRITISH FOODS PLC,2023,17036979759.0,
00293262,ASSOCIATED BRITISH FOODS PLC,2024,14704921693.0,
SC117119,SSE PLC,2010,14701902009.0,
SC117119,SSE PLC,2011,15494004484.0,
SC117119,SSE PLC,2012,17018201672.0,
SC117119,SSE PLC,2013,16442127144.0,
SC117119,SSE PLC,2014,19466518415.0,
SC117119,SSE PLC,2015,18338372464.0,
SC117119,SSE PLC,2016,18638411281.0,
SC117119,SSE PLC,2017,15842049511.0,
SC117119,SSE PLC,2018,13043904371.0,
SC117119,SSE PLC,2019,17349659212.0,
SC117119,SSE PLC,2020,18091406895.0,
SC117119,SSE PLC,2021,18127456472.0,
SC117119,SSE PLC,2022,18820015452.0,
SC117119,SSE PLC,2023,20403007406.0,
SC117119,SSE PLC,2024,17632771487.0,
00137013,Smiths Group,2000,3909934314.0,
00137013,Smiths Group,2001,3276021707.0,
00137013,Smiths Group,2002,3365543772.0,
00137013,Smiths Group,2003,3198597612.0,
00137013,Smiths Group,2004,3977680741.0,
00137013,Smiths Group,2005,5061623188.0,
00137013,Smiths Group,2006,4797896024.0,
00137013,Smiths Group,2007,3267958625.0,
00137013,Smiths Group,2008,2855028019.0,
00137013,Smiths Group,2011,2951808629.0,
00137013,Smiths Group,2012,3842190249.0,
00137013,Smiths Group,2013,4774510133.0,
00137013,Smiths Group,2014,3542170355.0,
00137013,Smiths Group,2015,3030846128.0,
SC007058,SCOTTISH MORTGAGE INV TST PLC,2017,4920064121.0,
SC007058,SCOTTISH MORTGAGE INV TST PLC,2018,5136108355.0,
SC007058,SCOTTISH MORTGAGE INV TST PLC,2019,6368576207.0,
SC007058,SCOTTISH MORTGAGE INV TST PLC,2020,13353111425.0,
SC007058,SCOTTISH MORTGAGE INV TST PLC,2021,15977106464.0,
SC007058,SCOTTISH MORTGAGE INV TST PLC,2022,8634207370.0,
SC007058,SCOTTISH MORTGAGE INV TST PLC,2023,9651964129.0,
SC007058,SCOTTISH MORTGAGE INV TST PLC,2024,11407952653.0,
SC278251,Wood Group (John),2012,5021729014.0,
03675683,Ashmore Group,2011,2177424366.0,
00054485,SHELL PLC,2022,138551440445.0,
00054485,SHELL PLC,2023,153174991017.0,
00054485,SHELL PLC,2024,147486400061.0,
03899848,DIPLOMA PLC,2023,4800990420.0,
03899848,DIPLOMA PLC,2024,5696317500.0,
03633621,Investec,2010,2454145448.0,
02048608,Serco Group,2008,3616309585.0,
02048608,Serco Group,2009,4254481989.0,
02048608,Serco Group,2010,4459178615.0,
02048608,Serco Group,2011,3804951900.0,
02048608,Serco Group,2012,4294618826.0,
00137013,SMITHS GROUP PLC,2016,4568044830.0,
00137013,SMITHS GROUP PLC,2017,4806770336.0,
00137013,SMITHS GROUP PLC,2018,4080667547.0,
00137013,SMITHS GROUP PLC,2019,5046983982.0,
00137013,SMITHS GROUP PLC,2020,4501000238.0,
00137013,SMITHS GROUP PLC,2021,5281279380.0,
00137013,SMITHS GROUP PLC,2022,5344808540.0,
00137013,SMITHS GROUP PLC,2023,5896509140.0,
00137013,SMITHS GROUP PLC,2024,5747717160.0,
04709270,DCC PLC,2015,5484332221.0,
04709270,DCC PLC,2016,5852538272.0,
04709270,DCC PLC,2018,5112634480.0,
04709270,DCC PLC,2019,5590155394.0,
04709270,DCC PLC,2020,4423261710.0,
04709270,DCC PLC,2021,5987455100.0,
04709270,DCC PLC,2022,4037820960.0,
04709270,DCC PLC,2023,5718267036.0,
04709270,DCC PLC,2024,5086862680.0,
02366623,Thames Water,1990,6914026899.0,
00358949,Morrison Supermarkets,2019,4933617000.0,
00358949,Morrison Supermarkets,2020,4167131000.0,
07118170,Avast,2020,5519999999.0,
07118170,Avast,2021,60994886.0,
05134647,Micro Focus International,2018,5855666035.0,
02122142,Hargreaves Lansdown,2018,8690300000.0,
02122142,Hargreaves Lansdown,2019,9096435000.0,
02122142,Hargreaves Lansdown,2020,7156825000.0,
02339826,RSA Insurance Group,2018,5271462000.0,
02339826,RSA Insurance Group,2019,5880870000.0,
02339826,RSA Insurance Group,2020,6945988500.0,
00432989,Meggitt,2019,5100000001.0,
00432989,Meggitt,2021,57700000.0,
07784342,Evraz,2018,6930000000.0,
07784342,Evraz,2019,5859999999.0,
07784342,Evraz,2020,6860000001.0,
02280426,Direct Line Insurance Group,2018,4331133000.0,
07712220,NMC Health,2018,5892198132.0,
07712220,NMC Health,2019,3684813450.0,
06947854,Just Eat,2019,5702707173.0,
10691596,PHOENIX GROUP HOLDINGS PLC,2019,5383063000.0,
10691596,PHOENIX GROUP HOLDINGS PLC,2020,5902555000.0,
01807982,ASHTEAD GROUP PLC,2018,7857600000.0,
01807982,ASHTEAD GROUP PLC,2019,10863000000.0,
01807982,ASHTEAD GROUP PLC,2020,15127200000.0,
01377658,Smith (DS),2018,4094000000.0,
01377658,Smith (DS),2019,5266500000.0,
01397169,PRUDENTIAL PLC,2003,9549269527.0,
01397169,PRUDENTIAL PLC,2004,9526695759.0,
01397169,PRUDENTIAL PLC,2005,11566626296.0,
01377658,Smith (DS),2020,5136399999.0,
02937296,Aveva Group,2019,7520009336.0,
02937296,Aveva Group,2020,9197809808.0,
02937296,Aveva Group,2021,103000000.0,
02937296,Aveva Group,2022,97200000.0,
SC278251,Wood Group (John),2018,3340920000.0,
05393279,RENTOKIL INITIAL PLC,2024,10072664685.0,
03909886,SCHRODERS PLC,2017,9268092837.0,
03909886,SCHRODERS PLC,2018,6476015866.0,
03909886,SCHRODERS PLC,2019,8837919828.0,
04256886,MARKS & SPENCER GROUP PLC,2023,5511632517.0,
04256886,MARKS & SPENCER GROUP PLC,2024,7597716800.0,
09800044,Melrose Industries,2013,2158865170.0,
09800044,Melrose Industries,2012,1578365551.0,
03033654,Centrica,1997,4498262650.0,
04709270,DCC PLC,2017,7233310960.0,
01397169,PRUDENTIAL PLC,2000,21775491658.0,
01397169,PRUDENTIAL PLC,2001,16094049088.0,
01397169,PRUDENTIAL PLC,2006,14710646076.0,
01397169,PRUDENTIAL PLC,2018,28990253733.0,
01397169,PRUDENTIAL PLC,2019,35087814917.0,
01397169,PRUDENTIAL PLC,2020,32617865219.0,
01397169,PRUDENTIAL PLC,2021,33065119016.0,
01397169,PRUDENTIAL PLC,2022,29251409722.0,
01397169,PRUDENTIAL PLC,2023,23017162805.0,
01397169,PRUDENTIAL PLC,2024,16526073608.0,
06947854,Just Eat Takeaway.com,2020,12400000000.0,
08762327,Worldpay Group,2016,5398000000.0,
08700412,Merlin Entertainments,2016,4556920367.0,
03407696,BRITISH AMERICAN TOBACCO PLC,2019,69793220286.0,
03407696,BRITISH AMERICAN TOBACCO PLC,2020,58486783393.0,
03407696,BRITISH AMERICAN TOBACCO PLC,2021,59971894851.0,
03407696,BRITISH AMERICAN TOBACCO PLC,2022,71994795300.0,
03407696,BRITISH AMERICAN TOBACCO PLC,2023,50362350331.0,
04031152,NATIONAL GRID PLC,2002,24860978210.0,
04031152,NATIONAL GRID PLC,2001,23308850134.0,
04031152,NATIONAL GRID PLC,2000,33138932532.0,
04031152,NATIONAL GRID PLC,1999,25650625609.0,
04031152,NATIONAL GRID PLC,1998,26127162215.0,
04031152,NATIONAL GRID PLC,1997,18588997647.0,
00053723,PEARSON PLC,2006,4909775428.0,
00053723,PEARSON PLC,2008,4079281982.0,
00053723,PEARSON PLC,1999,11240470129.0,
00053723,PEARSON PLC,2000,10118655776.0,
00053723,PEARSON PLC,2001,5033872150.0,
00053723,PEARSON PLC,2002,3656080342.0,
00053723,PEARSON PLC,2003,3958367228.0,
00053723,PEARSON PLC,2004,3999732802.0,
00053723,PEARSON PLC,2009,5670265595.0,
00053723,PEARSON PLC,2010,6414845926.0,
04031152,NATIONAL GRID PLC,1996,12574909416.0,
04031152,NATIONAL GRID PLC,1995,12832194577.0,
04369054,LAND SECURITIES GROUP PLC,2007,10635160328.0,
04369054,LAND SECURITIES GROUP PLC,2008,6503972220.0,
03909886,SCHRODERS PLC,2020,8845871565.0,
03909886,SCHRODERS PLC,2021,9384049732.0,
03909886,SCHRODERS PLC,2007,3432041316.0,
03909886,SCHRODERS PLC,2008,2261667826.0,
03909886,SCHRODERS PLC,2009,3505848809.0,
04120344,WHITBREAD PLC,2018,6575219448.0,
00445790,TESCO PLC,2010,34571869074.0,
09800044,MELROSE INDUSTRIES PLC,2018,4761263295.0,
00053723,PEARSON PLC,2005,4375204934.0,
00053723,PEARSON PLC,2007,4658400017.0,
00053723,PEARSON PLC,2011,7700360685.0,
09800044,MELROSE INDUSTRIES PLC,2019,6976986565.0,
09800044,MELROSE INDUSTRIES PLC,2020,5173896791.0,
09800044,MELROSE INDUSTRIES PLC,2021,4279714632.0,
09800044,MELROSE INDUSTRIES PLC,2022,3599884638.0,
09800044,MELROSE INDUSTRIES PLC,2023,7236846871.0,
09800044,MELROSE INDUSTRIES PLC,2024,7063386564.0,
00445790,TESCO PLC,2015,12161157304.0,
00445790,TESCO PLC,2016,16826325309.0,
00445790,TESCO PLC,2017,17021555310.0,
00041424,UNILEVER PLC,2019,100192421666.0,
00041424,UNILEVER PLC,2020,101148167768.0,
00041424,UNILEVER PLC,2021,96920812319.0,
00041424,UNILEVER PLC,2022,102730411131.0,
00041424,UNILEVER PLC,2023,93346619392.0,
00041424,UNILEVER PLC,2024,111721164472.0,
03959649,EASYJET PLC,2024,4204418355.0,
02081330,Capita Group,2009,7813741965.0,
02081330,Capita Group,2010,7246699601.0,
02081330,Capita Group,2013,10799818873.0,
SC787001,Cairn Energy,2011,871844828.0,
SC787001,Cairn Energy,2010,1380219359.0,
SC787001,Cairn Energy,2009,1092996844.0,
SC787001,Cairn Energy,2008,662196604.0,
SC787001,Cairn Energy,2007,138834934.0,
SC787001,Cairn Energy,2006,112803406.0,
SC787001,Cairn Energy,2005,112803406.0,
SC787001,Cairn Energy,2004,358206334.0,
04083914,Granada Compass,2000,13661793330.0,
04083914,COMPASS GROUP PLC,2008,6451141229.0,
04083914,COMPASS GROUP PLC,2009,8348977344.0,
04083914,COMPASS GROUP PLC,2010,10895679316.0,
00102498,The British Petroleum Company PLC,1988,19081545562.0,
FC037925,GVC Holdings,2018,4312979563.0,
FC037925,ENTAIN PLC,2020,7253356579.0,
FC037925,ENTAIN PLC,2021,10763424271.0,
03407696,BRITISH AMERICAN TOBACCO PLC,1998,13679455265.0,
SC095000,LLOYDS BANKING GROUP PLC,2023,28636351833.0,
SC095000,LLOYDS BANKING GROUP PLC,2022,27255853225.0,
SC095000,LLOYDS BANKING GROUP PLC,2021,28690371454.0,
SC095000,LLOYDS BANKING GROUP PLC,2020,21203155684.0,
SC095000,LLOYDS BANKING GROUP PLC,1998,326810488283.0,
SC095000,LLOYDS BANKING GROUP PLC,1997,300818558704.0,
00053723,PEARSON PLC,2012,7560354127.0,
00053723,PEARSON PLC,2013,8534036097.0,
00053723,PEARSON PLC,2014,7573081996.0,
00053723,PEARSON PLC,2015,4683855755.0,
00053723,PEARSON PLC,2017,4683855755.0,
SC095000,LLOYDS BANKING GROUP PLC,1996,164551923416.0,
SC095000,LLOYDS BANKING GROUP PLC,1995,126710708321.0,
00102498,The British Petroleum Company PLC,1993,27626093073.0,
04031152,NATIONAL GRID PLC,2024,46522642432.0,
04369054,LAND SECURITIES GROUP PLC,2004,9886603647.0,
04369054,LAND SECURITIES GROUP PLC,2005,11743872625.0,
04369054,LAND SECURITIES GROUP PLC,2006,16404699045.0,
04031152,NATIONAL GRID PLC,2003,21797620529.0,
00102498,The British Petroleum Company PLC,1994,32607219424.0,
06270876,RECKITT BENCKISER GROUP PLC,2016,46373356457.0,
03909886,Schroders,2001,2272211619.0,
03909886,Schroders,2000,3482125039.0,
00053723,PEARSON PLC,2016,5208880347.0,
00053723,PEARSON PLC,2018,5634298908.0,
00053723,PEARSON PLC,2019,3824646538.0,
00053723,PEARSON PLC,2020,4085226998.0,
00053723,PEARSON PLC,2021,4065822583.0,
00053723,PEARSON PLC,2022,6227365531.0,
00053723,PEARSON PLC,2023,6393128027.0,
00053723,PEARSON PLC,2024,8500300795.0,
02342138,Babcock International Group,2012,4243849913.0,
02342138,Babcock International Group,2013,5955894536.0,
02342138,Babcock International Group,2014,5274381719.0,
03909886,Schroders,1999,3284453066.0,
03909886,Schroders,1998,2891692542.0,
03909886,Schroders,1997,3361774052.0,
03909886,Schroders,1996,2662357961.0,
03909886,Schroders,1995,2404029134.0,
03909886,Schroders,1994,632454468.0,
04256886,Marks and Spencer Group,2011,5953904945.0,
04256886,Marks and Spencer Group,2012,7318899374.0,
04256886,Marks and Spencer Group,2013,8281862457.0,
04256886,Marks and Spencer Group,2014,9166333509.0,
04256886,Marks and Spencer Group,2015,8660921831.0,
00076535,Tate & Lyle,1992,2076652953.0,
04256886,Marks and Spencer Group,2016,6700534323.0,
02081330,Capita Group,2002,2644725108.0,
04256886,Marks and Spencer Group,2017,6026652906.0,
04256886,Marks and Spencer Group,2018,4822512377.0,
00214436,Marks and Spencer,1988,3674028941.0,
02081330,Capita Group,2004,3908310340.0,
16133984,Abrdn,2022,3381481211.0,
02342138,Babcock International Group,2015,5065001727.0,
02342138,Babcock International Group,2016,4750931738.0,
09439967,AUTO TRADER GROUP PLC,2018,3593761647.0,
09439967,AUTO TRADER GROUP PLC,2019,4698440293.0,
09439967,AUTO TRADER GROUP PLC,2020,4709503077.0,
09439967,AUTO TRADER GROUP PLC,2021,6503934118.0,
09439967,AUTO TRADER GROUP PLC,2022,4531659828.0,
09439967,AUTO TRADER GROUP PLC,2023,6340457070.0,
09439967,AUTO TRADER GROUP PLC,2024,6969756427.0,
04267576,INTERTEK GROUP PLC,2009,1932660518.0,
03888792,GlaxoSmithKline,2008,51971920235.0,
03888792,GlaxoSmithKline,2009,53388045819.0,
03888792,GlaxoSmithKline,2010,50171410072.0,
03888792,GlaxoSmithKline,2011,59538091216.0,
00029423,Whitbread,1998,1723948982.0,
00029423,Whitbread,1999,1416438671.0,
00029423,Whitbread,2002,1212029056.0,
00029423,Whitbread,2003,1610811382.0,
00029423,Whitbread,2004,1896455899.0,
15998687,Barratt Developments,2020,6767000000.0,
00929027,National Westminster Bank,1992,51433259738.0,
00929027,National Westminster Bank,1993,112487137788.0,
00929027,National Westminster Bank,1995,144555832921.0,
00551412,Land Securities,2000,5949616526.0,
00551412,Land Securities,2001,5532966829.0,
00102498,The British Petroleum Company PLC,1990,25595326175.0,
00102498,The British Petroleum Company PLC,1992,19043229205.0,
02081330,Capita Group,2015,12568576042.0,
05172586,BERKELEY GROUP HOLDINGS (THE) PLC,2020,4531493980.0,
02723534,ASTRAZENECA PLC,2012,45105122060.0,
03199160,UNITE GROUP PLC,2024,3940470220.0,
05369106,LONDON STOCK EXCHANGE GROUP PLC,2013,8183581449.0,
05369106,LONDON STOCK EXCHANGE GROUP PLC,2014,11385834167.0,
05369106,LONDON STOCK EXCHANGE GROUP PLC,2015,14066964860.0,
05369106,LONDON STOCK EXCHANGE GROUP PLC,2016,14938460497.0,
05369106,LONDON STOCK EXCHANGE GROUP PLC,2017,19444605582.0,
05369106,LONDON STOCK EXCHANGE GROUP PLC,2018,19778282128.0,
05369106,LONDON STOCK EXCHANGE GROUP PLC,2019,37735521048.0,
05369106,LONDON STOCK EXCHANGE GROUP PLC,2020,43860848206.0,
05369106,LONDON STOCK EXCHANGE GROUP PLC,2021,36617219654.0,
05369106,LONDON STOCK EXCHANGE GROUP PLC,2022,37705696891.0,
05369106,LONDON STOCK EXCHANGE GROUP PLC,2023,49002611122.0,
05369106,LONDON STOCK EXCHANGE GROUP PLC,2024,59628473853.0,
00053723,PEARSON PLC,1988,1811431560.0,
00053723,PEARSON PLC,1989,2156386017.0,
00053723,PEARSON PLC,1990,1839476725.0,
00053723,PEARSON PLC,1991,1957266222.0,
00053723,PEARSON PLC,1992,2187516626.0,
00053723,PEARSON PLC,1993,3410281530.0,
00053723,PEARSON PLC,1994,3113003756.0,
00053723,PEARSON PLC,1995,3500026445.0,
04267576,INTERTEK GROUP PLC,2010,2733444159.0,
04267576,INTERTEK GROUP PLC,2011,3133835979.0,
04267576,INTERTEK GROUP PLC,2012,4772362505.0,
04267576,INTERTEK GROUP PLC,2013,4847820964.0,
04267576,INTERTEK GROUP PLC,2014,3594286572.0,
04267576,INTERTEK GROUP PLC,2015,4276492636.0,
04267576,INTERTEK GROUP PLC,2016,5360630488.0,
02723534,ASTRAZENECA PLC,2018,91082137182.0,
02723534,ASTRAZENECA PLC,2019,117974087782.0,
02723534,ASTRAZENECA PLC,2021,134524617623.0,
02723534,ASTRAZENECA PLC,2022,173899188810.0,
02723534,ASTRAZENECA PLC,2023,164319076608.0,
02723534,ASTRAZENECA PLC,2024,162272839050.0,
03959649,Easyjet,2017,10991551546.0,
03959649,Easyjet,2018,8260164311.0,
03959649,Easyjet,2019,10648510463.0,
05134420,INTERCONTINENTAL HOTELS GROUP PLC,2003,2533585840.0,
05134420,INTERCONTINENTAL HOTELS GROUP PLC,2004,2768900361.0,
05134420,INTERCONTINENTAL HOTELS GROUP PLC,2005,2632589540.0,
05134420,INTERCONTINENTAL HOTELS GROUP PLC,2006,3604816711.0,
05134420,INTERCONTINENTAL HOTELS GROUP PLC,2007,2035784108.0,
05134420,INTERCONTINENTAL HOTELS GROUP PLC,2008,1294242811.0,
00137013,Smiths Industries,1995,3077621848.0,
00137013,Smiths Industries,1996,3876061100.0,
07098618,Ocado Group,2022,5087335509.0,
07098618,Ocado Group,2023,6255245542.0,
00358948,Bunzl,2002,1241899179.0,
00358948,Bunzl,2003,1394685609.0,
00358948,Bunzl,2004,1420013726.0,
00358948,Bunzl,2008,1902213159.0,
00358948,Bunzl,2009,2176260818.0,
00358948,Bunzl,2010,2318120782.0,
00445790,TESCO PLC,1988,3512601781.0,
00445790,TESCO PLC,1989,5183393269.0,
00445790,TESCO PLC,1990,5999054472.0,
00445790,TESCO PLC,1991,6155147830.0,
00445790,TESCO PLC,1992,6751676758.0,
00445790,TESCO PLC,1993,5789092804.0,
00445790,TESCO PLC,1994,6751676758.0,
02670617,WPP Group,2004,6181309635.0,
02670617,WPP Group,2005,6785416685.0,
02670617,WPP Group,2006,7448855677.0,
02670617,WPP Group,2007,6979593951.0,
02670617,WPP Group,2008,4342019421.0,
02670617,WPP Group,2009,6575057980.0,
02670617,WPP Group,2010,8516830640.0,
02670617,WPP Group,2011,7287041289.0,
01142830,3I GROUP PLC,2014,4441310468.0,
01142830,3I GROUP PLC,2015,4751077500.0,
00023307,DIAGEO PLC,2007,24012746611.0,
00023307,DIAGEO PLC,2008,21366897679.0,
00023307,DIAGEO PLC,2009,24101682710.0,
00023307,DIAGEO PLC,2010,26347319198.0,
00023307,DIAGEO PLC,2011,31272155656.0,
00023307,DIAGEO PLC,2012,39732202032.0,
00023307,DIAGEO PLC,2013,44468049280.0,
00023307,DIAGEO PLC,2014,41099594547.0,
00023307,DIAGEO PLC,2015,41277466744.0,
00023307,DIAGEO PLC,2016,46913791990.0,
00023307,DIAGEO PLC,2017,60587717144.0,
01142830,3I GROUP PLC,2016,6945096590.0,
01142830,3I GROUP PLC,2017,9011854737.0,
01142830,3I GROUP PLC,2018,7796968951.0,
02468686,AVIVA PLC,2009,11949032516.0,
02366623,Thames Water,1997,6315013332.0,
02366623,Thames Water,1998,5324423005.0,
02366623,Thames Water,1999,4740682277.0,
01397169,PRUDENTIAL PLC,1988,3441762776.0,
01397169,PRUDENTIAL PLC,1989,5335955597.0,
01397169,PRUDENTIAL PLC,1990,3663618968.0,
01397169,PRUDENTIAL PLC,1991,4597720779.0,
01397169,PRUDENTIAL PLC,1992,5578326071.0,
01397169,PRUDENTIAL PLC,1993,6746963320.0,
01397169,PRUDENTIAL PLC,1994,5905868083.0,
01397169,PRUDENTIAL PLC,1995,8390741815.0,
01397169,PRUDENTIAL PLC,1996,9937469534.0,
01397169,PRUDENTIAL PLC,1997,14840494444.0,
01397169,PRUDENTIAL PLC,1998,18348428873.0,
01397169,PRUDENTIAL PLC,1999,22800579685.0,
FC029884,INTL CONSOLIDATED AIRLINES GROUP SA,2011,6741857054.0,
FC029884,INTL CONSOLIDATED AIRLINES GROUP SA,2012,8452477991.0,
FC029884,INTL CONSOLIDATED AIRLINES GROUP SA,2013,18359440248.0,
FC029884,INTL CONSOLIDATED AIRLINES GROUP SA,2014,22233493155.0,
FC029884,INTL CONSOLIDATED AIRLINES GROUP SA,2015,27923364329.0,
FC029884,INTL CONSOLIDATED AIRLINES GROUP SA,2016,20166111650.0,
FC029884,INTL CONSOLIDATED AIRLINES GROUP SA,2017,29775774248.0,
FC029884,INTL CONSOLIDATED AIRLINES GROUP SA,2018,27419293960.0,
FC029884,INTL CONSOLIDATED AIRLINES GROUP SA,2019,27729868488.0,
FC029884,INTL CONSOLIDATED AIRLINES GROUP SA,2020,7089972910.0,
FC029884,INTL CONSOLIDATED AIRLINES GROUP SA,2021,6773612616.0,
FC029884,INTL CONSOLIDATED AIRLINES GROUP SA,2022,5887452181.0,
00048839,BARCLAYS PLC,1998,41592058486.0,
00048839,BARCLAYS PLC,1999,57189079888.0,
00048839,BARCLAYS PLC,2000,66495944965.0,
00048839,BARCLAYS PLC,2001,73010748822.0,
00048839,BARCLAYS PLC,2002,49422656239.0,
00048839,BARCLAYS PLC,2003,63960622569.0,
00048839,BARCLAYS PLC,2006,93710502066.0,
00048839,BARCLAYS PLC,2008,19692034911.0,
00048839,BARCLAYS PLC,2009,35430265211.0,
00048839,BARCLAYS PLC,2010,33588152060.0,
00048839,BARCLAYS PLC,2011,22599626057.0,
00048839,BARCLAYS PLC,2013,37792228042.0,
00048839,BARCLAYS PLC,2015,30419996751.0,
00048839,BARCLAYS PLC,2005,78434410555.0,
00048839,BARCLAYS PLC,2014,33838599431.0,
00048839,BARCLAYS PLC,2016,31052299546.0,
00048839,BARCLAYS PLC,2004,75225137084.0,
00048839,BARCLAYS PLC,2007,64698764713.0,
00048839,BARCLAYS PLC,2012,33684428059.0,
00048839,BARCLAYS PLC,2018,20300058937.0,
00048839,BARCLAYS PLC,2019,24227361623.0,
00048839,BARCLAYS PLC,2020,19782171217.0,
00048839,BARCLAYS PLC,2021,26708275180.0,
00048839,BARCLAYS PLC,2022,22640619762.0,
00048839,BARCLAYS PLC,2023,21963628473.0,
00048839,BARCLAYS PLC,2024,38298523136.0,
02366640,Pennon Group,2020,6722178879.0,
02837811,Hiscox,2018,5184145420.0,
03564138,ANGLO AMERICAN PLC,1999,11780621409.0,
03564138,ANGLO AMERICAN PLC,2000,10563910479.0,
00191285,Rexam,2011,3094165368.0,https://www.annualreports.com/HostedData/AnnualReportArchive/r/LSE_REX.L_2011.pdf
03564138,ANGLO AMERICAN PLC,2001,11920901069.0,
03564138,ANGLO AMERICAN PLC,2002,10563910479.0,
02081330,Capita Group,2008,7678484031.0,
03564138,ANGLO AMERICAN PLC,2003,13821832150.0,
03564138,ANGLO AMERICAN PLC,2004,14108117305.0,
03564138,ANGLO AMERICAN PLC,2005,22662309125.0,
03564138,ANGLO AMERICAN PLC,2006,28525421795.0,
03564138,ANGLO AMERICAN PLC,2007,32095968107.0,
03690065,BG Group,2008,34279740000.0,https://www.annualreports.co.uk/HostedData/AnnualReportArchive/b/LSE_BG_2008.pdf
03564138,ANGLO AMERICAN PLC,2008,16110508330.0,
03564138,ANGLO AMERICAN PLC,2009,28250704257.0,
03564138,ANGLO AMERICAN PLC,2010,34758474111.0,
03564138,ANGLO AMERICAN PLC,2011,24791008517.0,
03564138,ANGLO AMERICAN PLC,2012,19736935909.0,
03564138,ANGLO AMERICAN PLC,2013,13755415089.0,
03564138,ANGLO AMERICAN PLC,2014,12510132967.0,
03564138,ANGLO AMERICAN PLC,2015,3120498414.0,
03564138,ANGLO AMERICAN PLC,2016,12088091495.0,
03564138,ANGLO AMERICAN PLC,2017,16146980390.0,
03564138,ANGLO AMERICAN PLC,2018,18285590568.0,
03564138,ANGLO AMERICAN PLC,2019,22734060081.0,
00041424,UNILEVER PLC,2008,38715299220.0,
00041424,UNILEVER PLC,2009,48890631187.0,
00966425,STANDARD CHARTERED PLC,1992,2629524075.0,
00966425,STANDARD CHARTERED PLC,1993,5669914654.0,
00966425,STANDARD CHARTERED PLC,1994,5122096466.0,
00966425,STANDARD CHARTERED PLC,1995,10006806590.0,
00966425,STANDARD CHARTERED PLC,1996,13129369672.0,
00966425,STANDARD CHARTERED PLC,1997,11869387943.0,
00966425,STANDARD CHARTERED PLC,1998,12718505250.0,
00966425,STANDARD CHARTERED PLC,1999,17548434978.0,
00966425,STANDARD CHARTERED PLC,2000,17612347406.0,
00966425,STANDARD CHARTERED PLC,2001,14973689042.0,
00966425,STANDARD CHARTERED PLC,2002,12891981247.0,
08860726,INFORMA PLC,2020,6888773778.0,
00077536,Reed International Plc,1989,3586425170.0,
00077536,Reed International Plc,1990,3045234188.0,
00077536,Reed International Plc,1991,4273016283.0,
00077536,Reed International Plc,1992,5177699128.0,
01470151,British Aerospace,1988,3046725342.0,
01470151,British Aerospace,1989,4316788758.0,
01470151,British Aerospace,1990,3731703875.0,
01470151,British Aerospace,1991,2319526406.0,
01470151,British Aerospace,1993,2993639562.0,
01470151,British Aerospace,1994,3120759253.0,
01470151,British Aerospace,1995,5809211439.0,
01470151,British Aerospace,1996,9344027706.0,
01470151,British Aerospace,1997,12665537554.0,
01470151,British Aerospace,1998,11158083084.0,
07124797,LONDONMETRIC PROPERTY PLC,2024,3696606742.0,
11444019,M&G PLC,2019,5650873414.0,
11444019,M&G PLC,2020,4715811085.0,
11444019,M&G PLC,2021,4723840800.0,
11444019,M&G PLC,2022,4447987585.0,
11444019,M&G PLC,2023,5266076015.0,
11444019,M&G PLC,2024,4684771585.0,
03458224,Burberry Group,2009,2162287799.0,
03458224,Burberry Group,2013,5472501340.0,
03458224,Burberry Group,2014,5905680866.0,
03458224,Burberry Group,2015,4313746109.0,
03458224,Burberry Group,2016,5403914582.0,
03458224,Burberry Group,2017,6468814249.0,
03458224,Burberry Group,2018,6234067284.0,
03458224,Burberry Group,2019,7920552210.0,
03458224,Burberry Group,2020,6428039991.0,
03458224,Burberry Group,2021,6528041830.0,
03458224,Burberry Group,2022,7291292938.0,
03458224,Burberry Group,2023,5085946207.0,
00077536,Reed Elsevier Plc,1993,7237467194.0,
00077536,Reed Elsevier Plc,1994,6445873833.0,
00077536,Reed Elsevier Plc,1995,7932138050.0,
00077536,Reed Elsevier Plc,1996,8897405508.0,
00077536,Reed Elsevier Plc,1997,13139463550.0,
00077536,Reed Elsevier Plc,1998,8438838662.0,
00077536,Reed Elsevier Plc,1999,9983828316.0,
00077536,Reed Elsevier Plc,2000,15147146372.0,
00077536,Reed Elsevier Plc,2001,12334109121.0,
00077536,Reed Elsevier Plc,2002,11511818676.0,
00077536,Reed Elsevier Plc,2003,10110709674.0,
00077536,Reed Elsevier Plc,2004,10397419691.0,
00077536,Reed Elsevier Plc,2007,14703551737.0,
00077536,Reed Elsevier Plc,2008,9194152135.0,
00077536,Reed Elsevier Plc,2009,9303281538.0,
00077536,Reed Elsevier Plc,2014,20007057070.0,
02122142,Hargreaves Lansdown,2021,6419865001.0,
02122142,Hargreaves Lansdown,2022,4057948273.0,
00137013,Smiths Group,2009,3271184645.0,
00077536,Reed Elsevier Plc,2010,9848928549.0,
00077536,Reed Elsevier Plc,2011,9439693290.0,
00077536,Reed Elsevier Plc,2012,11676846035.0,
00077536,Reed Elsevier Plc,2013,16351222096.0,
01142830,3i Group,2000,9623997131.0,
01142830,3i Group,2001,6681664479.0,
01142830,3i Group,2007,6162078125.0,
01142830,3i Group,2008,1671093810.0,
01142830,3i Group,2009,2791849908.0,
01142830,3i Group,2010,3240716236.0,
00899099,WPP PLC,2012,9579411790.0,
00899099,WPP PLC,2013,14886923728.0,
00899099,WPP PLC,2014,14509356822.0,
00899099,WPP PLC,2015,16861059266.0,
00899099,WPP PLC,2016,19590328616.0,
00899099,WPP PLC,2017,14466206318.0,
00899099,WPP PLC,2018,9130788433.0,
00899099,WPP PLC,2019,11502464144.0,
00899099,WPP PLC,2020,8628196264.0,
00899099,WPP PLC,2021,12076717484.0,
00899099,WPP PLC,2022,8847989127.0,
00899099,WPP PLC,2023,8123062318.0,
00899099,WPP PLC,2024,8925659974.0,
SC117119,Southern Electric,1994,3924507720.0,
SC117119,Southern Electric,1995,4314558181.0,
00137013,Smiths Group,2010,4016395348.0,
02723534,ASTRAZENECA PLC,1999,38846215014.0,
02723534,ASTRAZENECA PLC,2000,52321631535.0,
02723534,ASTRAZENECA PLC,2001,48027382073.0,
02723534,ASTRAZENECA PLC,2002,34416006521.0,
02723534,ASTRAZENECA PLC,2003,41547251115.0,
02723534,ASTRAZENECA PLC,2004,29284610954.0,
02723534,ASTRAZENECA PLC,2009,45120624765.0,
02723534,ASTRAZENECA PLC,2010,45298905880.0,
02723534,ASTRAZENECA PLC,2011,46120549279.0,
02723534,ASTRAZENECA PLC,2005,43857154256.0,
02723534,ASTRAZENECA PLC,2006,42539424276.0,
02723534,ASTRAZENECA PLC,2007,33547855005.0,
02723534,ASTRAZENECA PLC,2008,43516094731.0,
00137013,Smiths Industries,1997,4103495535.0,
00137013,Smiths Industries,1998,4149466325.0,
07098618,Ocado Group,2018,6579040455.0,
07098618,Ocado Group,2019,10651383217.0,
07098618,Ocado Group,2020,19045905722.0,
07098618,Ocado Group,2021,13840060234.0,
00445790,TESCO PLC,1995,8053368844.0,
00445790,TESCO PLC,1996,9612545911.0,
00445790,TESCO PLC,1997,13422288430.0,
00445790,TESCO PLC,1998,13930424409.0,
00445790,TESCO PLC,1999,15313304072.0,
00445790,TESCO PLC,2000,22186998355.0,
00445790,TESCO PLC,2001,20255043502.0,
00445790,TESCO PLC,2002,15781038818.0,
00445790,TESCO PLC,2003,20966820159.0,
00445790,TESCO PLC,2004,26172935876.0,
00445790,TESCO PLC,2005,26966055918.0,
00445790,TESCO PLC,2006,32904279728.0,
00445790,TESCO PLC,2007,38822174062.0,
SC034993,Edinburgh Investment Trust,1983,132074904.0,
00720989,Spirent,2000,3594107129.0,
02670617,WPP Group,1998,3945574169.0,
02670617,WPP Group,1999,10582660998.0,
02670617,WPP Group,2000,9406809776.0,
02670617,WPP Group,2001,8198595676.0,
02670617,WPP Group,2002,5118728485.0,
02670617,WPP Group,2003,5917012801.0,
01142830,3I GROUP PLC,2019,11069396997.0,
01142830,3I GROUP PLC,2020,11674282079.0,
01142830,3I GROUP PLC,2021,13988936264.0,
01142830,3I GROUP PLC,2022,12951109729.0,
01142830,3I GROUP PLC,2023,23372818975.0,
01142830,3I GROUP PLC,2024,34407569940.0,
01888425,JD SPORTS FASHION PLC,2019,8013146731.0,
01888425,JD SPORTS FASHION PLC,2020,8229408126.0,
01888425,JD SPORTS FASHION PLC,2021,11288857542.0,
01888425,JD SPORTS FASHION PLC,2022,6538518715.0,
01888425,JD SPORTS FASHION PLC,2023,8601404263.0,
01888425,JD SPORTS FASHION PLC,2024,4970621856.0,
SC002934,WEIR GROUP PLC,2022,4332924280.0,
SC002934,WEIR GROUP PLC,2023,4897580380.0,
SC002934,WEIR GROUP PLC,2024,5669926080.0,
00206132,Croda International,2012,3644655676.0,
00296805,Taylor Wimpey,2007,7190624424.0,
13280545,ENDEAVOUR MINING PLC,2024,3435247500.0,
04967001,ITV,2004,4133413687.0,
04967001,ITV,2005,4418138145.0,
04967001,ITV,2006,4182504111.0,
01470151,BAE SYSTEMS PLC,2008,11001132619.0,
00102498,BP PLC,2013,74801189386.0,
00102498,BP PLC,2014,62992090168.0,
00102498,BP PLC,2015,54255960875.0,
00102498,BP PLC,2016,78104062127.0,
00102498,BP PLC,2017,80111840146.0,
00102498,BP PLC,2018,76626170939.0,
00102498,BP PLC,2019,72864002002.0,
00102498,BP PLC,2020,39367573563.0,
00102498,BP PLC,2021,51858094423.0,
00102498,BP PLC,2022,74515608850.0,
00102498,BP PLC,2023,73142663839.0,
00102498,BP PLC,2024,61664844503.0,
03033654,CENTRICA PLC,2022,4770944950.0,
03033654,CENTRICA PLC,2023,6952273118.0,
03033654,CENTRICA PLC,2024,6603795033.0,
02468686,AVIVA PLC,2002,13303396388.0,
02468686,AVIVA PLC,2003,14722324528.0,
02468686,AVIVA PLC,2004,18858989639.0,
02468686,AVIVA PLC,2005,21171320689.0,
02468686,AVIVA PLC,2006,24684857833.0,
02468686,AVIVA PLC,2007,20210351363.0,
02468686,AVIVA PLC,2008,11711791405.0,
02231246,THE SAGE GROUP PLC,2000,3076915190.0,
02231246,THE SAGE GROUP PLC,2001,2292013869.0,
02231246,THE SAGE GROUP PLC,2002,1334082237.0,
02231246,THE SAGE GROUP PLC,2003,1762894494.0,
02231246,THE SAGE GROUP PLC,2004,2028707646.0,
02231246,THE SAGE GROUP PLC,2005,2587918604.0,
02231246,THE SAGE GROUP PLC,2006,2718318470.0,
02231246,THE SAGE GROUP PLC,2007,2307059806.0,
02231246,THE SAGE GROUP PLC,2008,1705218111.0,
00621920,British Land Co,2010,5243863949.0,
01417162,LEGAL & GENERAL GROUP PLC,1998,10986289021.0,
01417162,LEGAL & GENERAL GROUP PLC,1999,9486445265.0,
01417162,LEGAL & GENERAL GROUP PLC,2000,10387235320.0,
01417162,LEGAL & GENERAL GROUP PLC,2001,8951601170.0,
00185647,SAINSBURY(J) PLC,2000,10193702716.0,
00185647,SAINSBURY(J) PLC,2001,9397722412.0,
00185647,SAINSBURY(J) PLC,2002,7158700967.0,
00185647,SAINSBURY(J) PLC,2003,8031714233.0,
00185647,SAINSBURY(J) PLC,2004,6077386529.0,
00185647,SAINSBURY(J) PLC,2005,7082795206.0,
00185647,SAINSBURY(J) PLC,2006,9194715109.0,
00185647,SAINSBURY(J) PLC,2007,9554190838.0,
13691224,HALEON PLC,2022,29540292491.0,
01627889,ANTOFAGASTA PLC,2020,14201265691.0,
01627889,ANTOFAGASTA PLC,2021,13195696266.0,
01627889,ANTOFAGASTA PLC,2022,15236420306.0,
01627889,ANTOFAGASTA PLC,2023,16557468718.0,
01627889,ANTOFAGASTA PLC,2024,15675126682.0,
00077536,RELX PLC,2018,28341955934.0,
06344120,Fresnillo,2016,8997470722.0,
06344120,Fresnillo,2017,10530209387.0,
06344120,Fresnillo,2018,6337284865.0,
00824821,Travis Perkins,2013,3743868973.0,
00617987,HSBC HLDGS PLC,2012,111046430829.0,
00617987,HSBC HLDGS PLC,2013,113707150590.0,
00617987,HSBC HLDGS PLC,2014,104471869750.0,
00617987,HSBC HLDGS PLC,2015,92043739866.0,
00617987,HSBC HLDGS PLC,2016,112763024223.0,
00617987,HSBC HLDGS PLC,2017,131645551554.0,
00617987,HSBC HLDGS PLC,2011,84293316502.0,
00617987,HSBC HLDGS PLC,2010,111767391673.0,
00617987,HSBC HLDGS PLC,2018,110931771474.0,
00617987,HSBC HLDGS PLC,2019,101500256247.0,
00617987,HSBC HLDGS PLC,2020,64965992756.0,
00617987,HSBC HLDGS PLC,2021,79275106105.0,
03849958,ADMIRAL GROUP PLC,2021,9436336645.0,
03849958,ADMIRAL GROUP PLC,2022,6387536082.0,
03849958,ADMIRAL GROUP PLC,2023,8022530109.0,
03849958,ADMIRAL GROUP PLC,2024,7902969303.0,
02366619,Severn Trent,1994,2519540404.0,
10691596,PHOENIX GROUP HOLDINGS PLC,2021,6520967417.0,
10691596,PHOENIX GROUP HOLDINGS PLC,2022,6075720356.0,
10691596,PHOENIX GROUP HOLDINGS PLC,2023,5342960465.0,
10691596,PHOENIX GROUP HOLDINGS PLC,2024,5091385978.0,
01807982,ASHTEAD GROUP PLC,2013,3181878153.0,
01807982,ASHTEAD GROUP PLC,2014,4823057411.0,
01003142,ROLLS-ROYCE HOLDINGS PLC,2024,47601881357.0,
00054485,Royal Dutch Shell A&B,2005,101398280765.0,
00054485,Royal Dutch Shell A&B,2006,102199848202.0,
00054485,Royal Dutch Shell A&B,2007,120864918518.0,
00054485,Royal Dutch Shell A&B,2008,103344944541.0,
01377658,Smith (DS),2022,4417410000.0,
03033654,Centrica,2007,14604904013.0,
03033654,Centrica,2008,12164004238.0,
03033654,Centrica,2009,12854517539.0,
03033654,Centrica,2010,15163849171.0,
02366623,Thames Water,1991,4705304051.0,
02366623,Thames Water,1992,2441097591.0,
02366623,Thames Water,1993,5129842763.0,
02366623,Thames Water,1994,4510723809.0,
02366623,Thames Water,1995,4156941549.0,
02366623,Thames Water,1996,5448246796.0,
14240638,Royal Mail,2021,50428932.0,
15998687,Barratt Developments,2019,7540660000.0,
15998687,Barratt Developments,2018,4674280000.0,
00358949,Morrison Supermarkets,2018,5102265520.0,
02723534,ASTRAZENECA PLC,2020,113585147748.0,
02648297,Homeserve,2022,4060000000.0,
04190816,BT GROUP PLC,2020,13031414103.0,
04190816,BT GROUP PLC,2019,18962308974.0,
04190816,BT GROUP PLC,2018,23461472798.0,
04083914,COMPASS GROUP PLC,2002,6188594970.0,
04083914,COMPASS GROUP PLC,2003,7126261659.0,
04083914,COMPASS GROUP PLC,2004,4618005143.0,
03888792,GSK PLC,2022,58260608121.0,
03888792,GSK PLC,2023,58771238513.0,
03888792,GSK PLC,2024,54568663165.0,
03888792,GlaxoSmithKline,2000,76470943341.0,
00445790,TESCO PLC,2008,29284404093.0,
00445790,TESCO PLC,2009,34815905105.0,
04345939,Xstrata,2007,34494175660.0,https://www.annualreports.com/HostedData/AnnualReportArchive/x/LSE_XTA_2008.pdf
04345939,Xstrata,2008,6257091456.0,https://www.annualreports.com/HostedData/AnnualReportArchive/x/LSE_XTA_2008.pdf
04345939,Xstrata,2009,32946320260.2,https://www.annualreports.com/HostedData/AnnualReportArchive/x/LSE_XTA_2009.pdf
04345939,Xstrata,2010,44648262664.56,https://www.annualreports.com/HostedData/AnnualReportArchive/x/LSE_XTA_2010.pdf
04345939,Xstrata,2011,28994688503.28,https://www.annualreports.com/HostedData/AnnualReportArchive/x/LSE_XTA_2011.pdf
04345939,Xstrata,2012,31798509084.84,https://data.fca.org.uk/artefacts/NSM/data-migration/51398501.pdf
