cn|company_name|founded_year|founded_month|source_url
02707046|Berisford (S & W)|1851||https://en.wikipedia.org/wiki/Enodis
09909380|RMC Group|1930||https://en.wikipedia.org/wiki/RMC_Group
10274117|Dalgety|1846||https://en.wikipedia.org/wiki/Dalgety_plc
10686681|House of Fraser|1849||https://en.wikipedia.org/wiki/House_of_Fraser
02805337|Lonrho|1909|May|https://en.wikipedia.org/wiki/Lonrho
SC544125|Argyll Group|1977||https://en.wikipedia.org/wiki/Argyll_Foods
07767799|Blue Arrow|1959|November|https://en.wikipedia.org/wiki/Blue_Arrow
15049410|Jaguar|1922|September|https://en.wikipedia.org/wiki/Swallow_Sidecar_Company
13595866|Sedgwick|1879||https://en.wikipedia.org/wiki/Sedgwick_Group
15213063|ECC Group|1919|April|https://en.wikipedia.org/wiki/English_China_Clays
11408139|Hillsdown Holdings|1975||https://www.fundinguniverse.com/company-histories/hillsdown-holdings-plc-history/
12283210|Tate & Lyle|1859||https://en.wikipedia.org/wiki/Tate_%26_Lyle
SC585480|Scottish Hydro Electricity|1943||https://en.wikipedia.org/wiki/North_of_Scotland_Hydro-Electric_Board
16640835|Sema Group Plc|1988||https://en.wikipedia.org/wiki/Sema_Group
11353526|Psion|1980||https://en.wikipedia.org/wiki/Psion_(company)
06798969|Thus|1994||https://en.wikipedia.org/wiki/Thus_(company)
11466170|Compass|1941||https://www.fundinguniverse.com/company-histories/compass-group-plc-history/
03771147|Allied Domecq|1961||https://en.wikipedia.org/wiki/Allied_Breweries
SC270184|British Energy Group|1995||https://en.wikipedia.org/wiki/British_Energy
05369106|London Stock Exchange Group|1801||https://en.wikipedia.org/wiki/London_Stock_Exchange_Group
09132358|Kazakhmys|1992||https://en.wikipedia.org/wiki/Kazakhmys
03196209|BHP Group Plc|1885|August|https://en.wikipedia.org/wiki/BHP
03685527|Intu Properties|1980||https://en.wikipedia.org/wiki/Intu_Properties
04256886|Marks and Spencer Group|1884||https://en.wikipedia.org/wiki/Marks_%26_Spencer
03528619|North West Water|1989||https://en.wikipedia.org/wiki/United_Utilities
12215835|GlaxoSmithKline|1830||https://en.wikipedia.org/wiki/GSK_plc
02234775|Intermediate Capital Grup|1989||https://en.wikipedia.org/wiki/Intermediate_Capital_Group
03110569|Computacenter|1981|October|https://en.wikipedia.org/wiki/Computacenter
SC095000|Lloyds Banking Group|1765||https://en.wikipedia.org/wiki/Lloyds_Bank
03633621|Investec|1974||https://en.wikipedia.org/wiki/Investec
02342138|Babcock International Group|1891|July|https://en.wikipedia.org/wiki/Babcock_%26_Wilcox_Ltd
11444019|M&G|1931|April|https://en.wikipedia.org/wiki/M%26G
03299793|Gallaher Group|1857||https://en.wikipedia.org/wiki/Gallaher_Group
SC327000|Bank of Scotland|1695|July|https://en.wikipedia.org/wiki/Bank_of_Scotland
17136683|Smith Industries|1851||https://en.wikipedia.org/wiki/Smiths_Group
09220362|Racal Electronics|1950||https://en.wikipedia.org/wiki/Racal
12303256|British Steel Plc|1967||https://en.wikipedia.org/wiki/British_Steel_(1967%E2%80%931999)
12664251|Tomkins|1925||https://en.wikipedia.org/wiki/Tomkins_plc
12670975|Orange|1994||https://en.wikipedia.org/wiki/Orange_(UK)
11785532|NatWest|1968||https://en.wikipedia.org/wiki/NatWest
10215539|Freeserve|1998||https://en.wikipedia.org/wiki/Freeserve
17225057|Railtrack|1994|April|https://en.wikipedia.org/wiki/Railtrack
02366640|Pennon Group|1989||https://en.wikipedia.org/wiki/Pennon_Group
SC278251|Wood Group (John)|1982|January|https://en.wikipedia.org/wiki/John_Wood_Group
12818602|National Power|1990||https://en.wikipedia.org/wiki/National_Power
09876996|Bowater|1881||https://en.wikipedia.org/wiki/William_Vansittart_Bowater
04191122|Canary Wharf Group|1993||https://en.wikipedia.org/wiki/Canary_Wharf_Group
14236527|Liberty International|1980||https://en.wikipedia.org/wiki/Intu
15436803|Spirax-Sarco Engineering|1888||https://en.wikipedia.org/wiki/Spirax_Group
06559020|United Utilities|1973||https://en.wikipedia.org/wiki/North_West_Water
FC029884|International Airlines Group|1974|March|https://en.wikipedia.org/wiki/British_Airways
03182775|Thorn plc|1928|March|https://en.wikipedia.org/wiki/Thorn_Electrical_Industries
15998687|Barratt Developments|1958||https://en.wikipedia.org/wiki/Barratt_Developments
12620781|Dixons Group|1937||https://en.wikipedia.org/wiki/Dixons_(retailer)
12181667|Polly Peck|1940||https://en.wikipedia.org/wiki/Polly_Peck
16570860|Trafalgar House|1958||https://en.wikipedia.org/wiki/Trafalgar_House_(company)
03583610|Eurotunnel|1985||https://www.referenceforbusiness.com/history2/79/Eurotunnel-Group.html
05514581|MEPC|1946|October|https://en.wikipedia.org/wiki/MEPC_plc
03834125|De La Rue|1821||https://en.wikipedia.org/wiki/De_La_Rue
03045251|Rothmans International|1890||https://en.wikipedia.org/wiki/Rothmans_International
16271657|NFC|1948||https://en.wikipedia.org/wiki/National_Freight_Corporation
07476767|Anglian Water|1974|April|https://en.wikipedia.org/wiki/Anglian_Water_Authority
03158105|Thorn EMI plc|1928|March|https://en.wikipedia.org/wiki/Thorn_Electrical_Industries
SC119505|General Accident|1885||https://en.wikipedia.org/wiki/General_Accident
14696069|Emap|1887||https://www.fundinguniverse.com/company-histories/emap-plc-history/
12657712|General Electric Company|1886||https://simple.wikipedia.org/wiki/General_Electric_Company_plc
03680472|SLPH (Standard Life)|1825|March|https://en.wikipedia.org/wiki/Standard_Life
15712439|Woolwich|1847|August|https://en.wikipedia.org/wiki/The_Woolwich
SC639139|Marconi|1897|July|https://en.wikipedia.org/wiki/Marconi_Company
11299879|ARM Holdings|1990|November|https://en.wikipedia.org/wiki/Arm_Holdings
05186841|International Power|1990|March|https://en.wikipedia.org/wiki/National_Power
02468686|Norwich Union|1797||https://en.wikipedia.org/wiki/Norwich_Union
03586615|PowerGen Plc|1989||https://en.wikipedia.org/wiki/E.ON_UK
09406669|Nycomed Amersham|1940||https://en.wikipedia.org/wiki/Amersham_plc
SC787001|Cairn Energy|1981||https://en.wikipedia.org/wiki/Capricorn_Energy
05757208|BAA|1965||https://www.gracesguide.co.uk/British_Airports_Authority
SC193794|Scottish Power|1955||https://en.wikipedia.org/wiki/South_of_Scotland_Electricity_Board
13246881|Segro|1920||https://en.wikipedia.org/wiki/Segro
08815102|Yell Group|1966||https://en.wikipedia.org/wiki/Yell_(company)
04551498|Mitchells & Butlers|1898||https://en.wikipedia.org/wiki/Mitchells_%26_Butlers_Brewery
04967001|ITV|1955||https://en.wikipedia.org/wiki/ITV_plc
03909886|Schroders|1804||https://en.wikipedia.org/wiki/Schroders
09496208|AMEC|1883||https://en.wikipedia.org/wiki/Amec_Foster_Wheeler
14240638|Royal Mail|1516||https://en.wikipedia.org/wiki/Royal_Mail
06732228|Woolworths|1909|November|https://en.wikipedia.org/wiki/Woolworths_(United_Kingdom)
04031152|National Grid Group plc|1990|March|https://en.wikipedia.org/wiki/National_Grid_plc
08577185|Slough Estates|1920|April|https://en.wikipedia.org/wiki/Segro
11606773|Standard Life|1825|March|https://en.wikipedia.org/wiki/Standard_Life
06270876|Reckitt|1840||https://en.wikipedia.org/wiki/Reckitt_and_Sons
04369054|Land Securities|1944||https://en.wikipedia.org/wiki/Landsec
00014504|Greenalls Group plc|1762||https://www.gracesguide.co.uk/Greenall,_Whitley_and_Co
02953047|Magnet & Southerns|1918||https://en.wikipedia.org/wiki/Magnet_Kitchens
07034919|Habitat Mothercare|1961||https://en.wikipedia.org/wiki/Mothercare
05998739|Harrisons & Crosfield|1844|January|https://www.gracesguide.co.uk/Harrisons_and_Crosfield
16237399|BICC|1870||https://en.wikipedia.org/wiki/British_Insulated_Callender's_Cables
06208775|Burmah Oil|1886||https://en.wikipedia.org/wiki/Burmah_Oil
04191106|GKN PLC|1759|September|https://en.wikipedia.org/wiki/GKN
04412362|Next|1864||https://en.wikipedia.org/wiki/Next_plc
15698920|Amstrad|1968|November|https://en.wikipedia.org/wiki/Amstrad
16793203|Cookson Group|1704||https://en.wikipedia.org/wiki/Vesuvius_plc
05202036|Smith (W.H.)|1792||https://en.wikipedia.org/wiki/WHSmith
12966997|Caradon PLC|1985||https://www.encyclopedia.com/books/politics-and-business-magazines/caradon-plc
08169000|United Biscuits|1948||https://www.referenceforbusiness.com/history2/48/United-Biscuits-Holdings-plc.html
10681760|London Electricity|1948|April|https://en.wikipedia.org/wiki/London_Electricity_Board
03613919|The Energy Group|1948||https://en.wikipedia.org/wiki/Eastern_Electricity
SC212093|Stagecoach Holdings|1980|April|https://en.wikipedia.org/wiki/Stagecoach_Group
09909999|Cable & Wireless Communications|1869||https://en.wikipedia.org/wiki/Cable_%26_Wireless_plc
04120344|Whitbread|1742||https://en.wikipedia.org/wiki/Whitbread
16351760|Northern Rock|1965||https://en.wikipedia.org/wiki/Northern_Rock
06534088|Carphone Warehouse|1989||https://en.wikipedia.org/wiki/Carphone_Warehouse
10517727|Enterprise Inns|1991||https://en.wikipedia.org/wiki/Ei_Group
16051356|Petrofac|1981|February|https://en.wikipedia.org/wiki/Petrofac
03477402|Reuters|1851|October|https://en.wikipedia.org/wiki/Reuters
04452715|Alliance Boots|1849||https://en.wikipedia.org/wiki/Boots_(company)
16133984|Aberdeen Asset Management|1983||https://en.wikipedia.org/wiki/Aberdeen_Asset_Management
11775757|Sports Direct International|1982||https://en.wikipedia.org/wiki/Sports_Direct
04212563|William Hill|1934||https://en.wikipedia.org/wiki/William_Hill_(bookmaker)
SC246627|Ferguson|1887||https://en.wikipedia.org/wiki/Wolseley_plc
07712220|NMC Health|1975||https://en.wikipedia.org/wiki/NMC_Health
08811254|British Gas|1812|April|https://en.wikipedia.org/wiki/Gas_Light_and_Coke_Company
09399778|British Sky Broadcasting|1990|November|https://en.wikipedia.org/wiki/Sky_UK
05134420|IHG Hotels & Resorts|1946||https://en.wikipedia.org/wiki/InterContinental
09800044|Melrose Industries|2003||https://en.wikipedia.org/wiki/Melrose_Industries
03224867|Polar Capital Technology Trust|1996|December|https://en.wikipedia.org/wiki/Polar_Capital_Technology_Trust
|Ranks Hovis McDougall|1875||https://en.wikipedia.org/wiki/Rank_Hovis_McDougall
|Ultramar|1935||https://en.wikipedia.org/wiki/Ultramar_plc
|Distillers Company|1877||https://en.wikipedia.org/wiki/The_Distillers_Company
|Lucas Industries|1875||https://en.wikipedia.org/wiki/Lucas_Industries
|Globe Investment Trust|1873||https://en.wikipedia.org/wiki/Globe_Investment_Trust
|Rowntree|1862||https://en.wikipedia.org/wiki/Rowntree%27s
|Storehouse|1986||https://en.wikipedia.org/wiki/Storehouse_plc
|BPB Industries|1917||https://en.wikipedia.org/wiki/BPB_plc
|Maxwell Communications|1964||https://www.fundinguniverse.com/company-histories/maxwell-communication-corporation-plc-history/
|MB-Caradon|1921||https://www.gracesguide.co.uk/Metal_Box_Co
|Mercury Asset Management|1969||https://en.wikipedia.org/wiki/Mercury_Asset_Management
|Misys|1979||https://www.encyclopedia.com/social-sciences-and-law/economics-business-and-labor/businesses-and-occupations/misys-plc
|BTR|1924||https://en.wikipedia.org/wiki/BTR_plc
|Guardian Royal Exchange PLC|1720||https://en.wikipedia.org/wiki/Royal_Exchange_Assurance_Corporation
|Kingston Communications|1904||https://www.kcom.com/about-us/history/
|Baltimore Technologies|1976||https://en.wikipedia.org/wiki/Baltimore_Technologies
|Granada Compass|1930||https://en.wikipedia.org/wiki/Granada_plc
|Autonomy Corporation|1996||https://en.wikipedia.org/wiki/Autonomy_Corporation
|Innogy Holdings|1990||https://en.wikipedia.org/wiki/National_Power
|Brambles Industries|1875||https://www.brambles.com/our-history
|Provident Financial|1880||https://en.wikipedia.org/wiki/Provident_Financial
|Cobham|1934|October|https://en.wikipedia.org/wiki/Cobham_Limited
|African Barrick Gold|2010||https://en.wikipedia.org/wiki/Acacia_Mining
|Friends Provident|1832||https://en.wikipedia.org/wiki/Friends_Provident
|Berkeley Group Holdings|1976||https://en.wikipedia.org/wiki/Berkeley_Group_Holdings
|Dixons Carphone|1937||https://en.wikipedia.org/wiki/Dixons_(retailer)
|TUI AG|1923|October|https://en.wikipedia.org/wiki/TUI_Group
|Foreign & Colonial|1868||https://en.wikipedia.org/wiki/F_%26_C_Investment_Trust
|Glencore|1974||https://en.wikipedia.org/wiki/Glencore
|Coca-Cola HBC AG|1969||https://en.wikipedia.org/wiki/Coca-Cola_HBC
|Eagle Star|1904||https://en.wikipedia.org/wiki/Eagle_Star_Insurance
|Imperial Continental Gas Ass.|1824||https://en.wikipedia.org/wiki/Imperial_Continental_Gas_Association
|Ferranti International|1885||https://en.wikipedia.org/wiki/Ferranti
|Unigate|1915||https://en.wikipedia.org/wiki/United_Dairies
|Consolidated Gold Fields|1887||https://www.encyclopedia.com/books/politics-and-business-magazines/gold-fields-ltd
|Plessey Co|1917||https://en.wikipedia.org/wiki/Plessey
|STC|1883||https://en.wikipedia.org/wiki/Standard_Telephones_and_Cables
|Tarmac|1903|June|https://en.wikipedia.org/wiki/Tarmac_Group
|Midland Bank|1836|August|https://en.wikipedia.org/wiki/Midland_Bank
|BET|1896||https://en.wikipedia.org/wiki/British_Electric_Traction
|TSB Group|1810||https://en.wikipedia.org/wiki/Trustee_Savings_Bank
|Forte plc|1935||https://en.wikipedia.org/wiki/Forte_Group
|Sun Alliance Group plc|1710|April|https://en.wikipedia.org/wiki/Sun_Insurance
|Burmah Castrol|1886||https://en.wikipedia.org/wiki/Burmah_Oil
|Blue Circle Industries|1900||https://en.wikipedia.org/wiki/Blue_Circle_Industries
|TI Group|1919|July|https://en.wikipedia.org/wiki/TI_Group
|Halifax|1853||https://en.wikipedia.org/wiki/Halifax_(bank)
|United News & Media|1918||https://www.referenceforbusiness.com/history2/0/United-News-Media-plc.html
|Ladbrokes|1886||https://en.wikipedia.org/wiki/Ladbrokes_Coral
|Resolution|2004||https://en.wikipedia.org/wiki/Resolution_plc
|Hikma Pharmaceuticals|1978||https://en.wikipedia.org/wiki/Hikma_Pharmaceuticals
|Worldpay Group|1997||https://en.wikipedia.org/wiki/Worldpay_Group
|Dee Corporation|1975||https://www.gracesguide.co.uk/Linfood_Holdings
|Wimpey (George) & Co|1880||https://en.wikipedia.org/wiki/George_Wimpey
|MFI Furniture|1964||https://en.wikipedia.org/wiki/MFI_(retailer)
|Dowty Group|1931||https://en.wikipedia.org/wiki/Dowty_Group
|Debenhams|1778||https://en.wikipedia.org/wiki/Debenhams
|British & Commonwealth|1955||https://en.wikipedia.org/wiki/British_and_Commonwealth_Holdings
|IC Gas|1824||https://en.wikipedia.org/wiki/Imperial_Continental_Gas_Association
|Willis Corroon|1828||https://www.fundinguniverse.com/company-histories/willis-corroon-group-plc-history/
|Kwik Save Group|1959|May|https://en.wikipedia.org/wiki/Kwik_Save
|Eastern Group|1948||https://en.wikipedia.org/wiki/Eastern_Electricity
|Burton Group plc|1903||https://en.wikipedia.org/wiki/Burton_(retailer)
|Hanson|1964||https://en.wikipedia.org/wiki/Hanson_Trust_plc
|Bookham Technology|1988||https://en.wikipedia.org/wiki/Andrew_Rickman
|Electrocomponents|1937||https://en.wikipedia.org/wiki/RS_Group_plc
|DSG International|1937|October|https://en.wikipedia.org/wiki/Charles_Kalms
|Lonmin|1909|May|https://en.wikipedia.org/wiki/Lonmin
|First Group|1995|April|https://en.wikipedia.org/wiki/FirstGroup
|Amlin|1998|September|https://en.wikipedia.org/wiki/Amlin
|ICAP|1986||https://en.wikipedia.org/wiki/NEX_Group
|BG Group|1948||https://en.wikipedia.org/wiki/British_Gas
|Old Mutual|1845||https://en.wikipedia.org/wiki/Old_Mutual
|Randgold Resources|1995||https://en.wikipedia.org/wiki/Randgold_Resources
|Abrdn|1825||https://en.wikipedia.org/wiki/Abrdn
|Paddy Power Betfair|1988||https://en.wikipedia.org/wiki/Paddy_Power
|Smurfit Kappa Group|1934||https://www.smurfitkappa.com/about/our-history
|B8M European Value Retail|1978||https://en.wikipedia.org/wiki/B%26M
|Charterhouse J Rothschild|1983||https://en.wikipedia.org/wiki/Jacob_Rothschild,_4th_Baron_Rothschild
|British Printing &|1964||https://www.gracesguide.co.uk/British_Printing_Corporation
|Eastern Electricity|1948||https://en.wikipedia.org/wiki/Eastern_Electricity
|Energy Group|1948||https://en.wikipedia.org/wiki/Eastern_Electricity
|Sun Life & Provincial|1810|March|https://www.sunlife.co.uk/history/
|Scottish & Southern Energy|1998|December|https://en.wikipedia.org/wiki/SSE_plc
|Pershing Square Holdings|2004|January|https://en.wikipedia.org/wiki/Pershing_Square_Capital_Management
|Hambro Life|1971||https://en.wikipedia.org/wiki/Allied_Dunbar
|British Home Stores|1928|April|https://en.wikipedia.org/wiki/British_Home_Stores
|Exco International|1965||https://en.wikipedia.org/wiki/Exco_International
|Williams Holdings|1982||https://en.wikipedia.org/wiki/Williams_Holdings
|Coats Viyella|1755||https://en.wikipedia.org/wiki/Coats_Group
|Gateway Corporation|1875||https://www.encyclopedia.com/books/politics-and-business-magazines/gateway-corporation-ltd
|Siebe|1819||https://en.wikipedia.org/wiki/Siebe_plc
|Taylor Woodrow|1921||https://en.wikipedia.org/wiki/Taylor_Woodrow
|Laporte|1888||https://en.wikipedia.org/wiki/Laporte_plc
|Warburg S.G.|1946||https://en.wikipedia.org/wiki/S._G._Warburg_%26_Co.
|Rank Group|1937|April|https://en.wikipedia.org/wiki/The_Rank_Organisation
|Colt Telecom Group|1992||https://en.wikipedia.org/wiki/Colt_Technology_Services
|Alliance Unichem|1997||https://en.wikipedia.org/wiki/Alliance_Boots
|GUS|1900||https://en.wikipedia.org/wiki/Great_Universal_Stores
|Partygaming|1997||https://en.wikipedia.org/wiki/PartyGaming
|Invesco Plc|1978||https://en.wikipedia.org/wiki/Invesco
|Man Group|1783||https://en.wikipedia.org/wiki/Man_Group
|Eurasian Natural Resources|1994||https://en.wikipedia.org/wiki/Eurasian_Natural_Resources_Corporation
|Polymetal International|1998||https://en.wikipedia.org/wiki/Polymetal_International
|GVC Holdings|2004||https://en.wikipedia.org/wiki/GVC_Holdings
|CRH|1936||https://en.wikipedia.org/wiki/CRH_plc
|Unite Group|1991||https://en.wikipedia.org/wiki/Unite_Group
|Amstrad Consumer|1968|November|https://en.wikipedia.org/wiki/Amstrad
|Polly Peck International|1940||https://en.wikipedia.org/wiki/Polly_Peck
|Foreign & Colonial Invest|1868||https://en.wikipedia.org/wiki/Foreign_%26_Colonial_Investment_Trust
|Billiton|1860|September|https://en.wikipedia.org/wiki/Billiton
|South African Breweries|1895||https://en.wikipedia.org/wiki/South_African_Breweries
