code,company_name,sector,first_year,last_year,basis
AAF,AIRTEL AFRICA PLC,Communication Services,2022,2024,"GICS-style classification, reconstructed 2026-08-26"
AAL,ANGLO AMERICAN PLC,Materials,1999,2024,"GICS-style classification, reconstructed 2026-08-26"
AB.,Alliance Boots,Consumer Staples,2006,2006,"GICS-style classification, reconstructed 2026-08-26"
ABDN,Abrdn,Financials,2017,2022,"GICS-style classification, reconstructed 2026-08-26"
ABF,ASSOCIATED BRITISH FOODS PLC,Consumer Staples,1983,2024,"GICS-style classification, reconstructed 2026-08-26"
ABG,African Barrick Gold,Materials,2010,2010,"GICS-style classification, reconstructed 2026-08-26"
ABL,Abbey Life,Financials,1985,1985,"GICS-style classification, reconstructed 2026-08-26"
ADM,ADMIRAL GROUP PLC,Financials,2007,2024,"GICS-style classification, reconstructed 2026-08-26"
ADN,Aberdeen Asset Management,Financials,2012,2015,"GICS-style classification, reconstructed 2026-08-26"
AGK,Aggreko,Industrials,2009,2014,"GICS-style classification, reconstructed 2026-08-26"
AHM,Amersham,Health Care,1997,2003,"GICS-style classification, reconstructed 2026-08-26"
AHT,ASHTEAD GROUP PLC,Industrials,2013,2024,"GICS-style classification, reconstructed 2026-08-26"
AL,Alliance & Leicester,Financials,1997,2007,"GICS-style classification, reconstructed 2026-08-26"
ALLD,Allied Domecq,Consumer Staples,1994,2004,"GICS-style classification, reconstructed 2026-08-26"
ALW,ALLIANCE WITAN PLC,Financials,2024,2024,"GICS-style classification, reconstructed 2026-08-26"
ALY,Allied-Lyons,Consumer Staples,1983,1993,"GICS-style classification, reconstructed 2026-08-26"
AMEC,Amec,Industrials,2007,2013,"GICS-style classification, reconstructed 2026-08-26"
AML,Amlin,Financials,2008,2008,"GICS-style classification, reconstructed 2026-08-26"
AMT,Amstrad,Information Technology,1986,1988,"GICS-style classification, reconstructed 2026-08-26"
ANL,Abbey National,Financials,1989,2003,"GICS-style classification, reconstructed 2026-08-26"
ANTO,ANTOFAGASTA PLC,Materials,2004,2024,"GICS-style classification, reconstructed 2026-08-26"
ANW,Anglian Water,Utilities,1990,1993,"GICS-style classification, reconstructed 2026-08-26"
ARG.L,Argyll Group,Consumer Staples,1985,1995,"GICS-style classification, reconstructed 2026-08-26"
ARM,ARM Holdings,Information Technology,1999,2015,"GICS-style classification, reconstructed 2026-08-26"
ASDA,Asda Group Plc,Consumer Staples,1983,1998,"GICS-style classification, reconstructed 2026-08-26"
ASHM,Ashmore Group,Financials,2011,2011,"GICS-style classification, reconstructed 2026-08-26"
ATST,Alliance Trust,Financials,2008,2010,"GICS-style classification, reconstructed 2026-08-26"
AU.,Autonomy Corporation,Information Technology,2000,2010,"GICS-style classification, reconstructed 2026-08-26"
AUN,Alliance Unichem,Consumer Staples,2002,2005,"GICS-style classification, reconstructed 2026-08-26"
AUTO,AUTO TRADER GROUP PLC,Communication Services,2018,2024,"GICS-style classification, reconstructed 2026-08-26"
AV.,AVIVA PLC,Financials,1998,2024,"GICS-style classification, reconstructed 2026-08-26"
AVST,Avast,Information Technology,2020,2021,"GICS-style classification, reconstructed 2026-08-26"
AVV,Aveva Group,Information Technology,2019,2022,"GICS-style classification, reconstructed 2026-08-26"
AVZ,Amvescap,Financials,1997,2006,"GICS-style classification, reconstructed 2026-08-26"
AWAP,Arjo Wiggins Appleton plc,Materials,1990,1994,"GICS-style classification, reconstructed 2026-08-26"
AZN,ASTRAZENECA PLC,Health Care,1999,2024,"GICS-style classification, reconstructed 2026-08-26"
AZU,Allied Zurich,Financials,1998,1999,"GICS-style classification, reconstructed 2026-08-26"
BA.,BAE SYSTEMS PLC,Industrials,1983,2024,"GICS-style classification, reconstructed 2026-08-26"
BAA,BAA,Industrials,1987,2005,"GICS-style classification, reconstructed 2026-08-26"
BAB,Babcock International Group,Industrials,2012,2016,"GICS-style classification, reconstructed 2026-08-26"
BARC,BARCLAYS PLC,Financials,1983,2024,"GICS-style classification, reconstructed 2026-08-26"
BASS,Bass,Consumer Staples,1983,2000,"GICS-style classification, reconstructed 2026-08-26"
BATS,BRITISH AMERICAN TOBACCO PLC,Consumer Staples,1983,2024,"GICS-style classification, reconstructed 2026-08-26"
BAW,Blue Arrow,Industrials,1987,1987,"GICS-style classification, reconstructed 2026-08-26"
BAY,British Airways,Industrials,1987,2010,"GICS-style classification, reconstructed 2026-08-26"
BBY,Bradford & Bingley,Financials,2002,2006,"GICS-style classification, reconstructed 2026-08-26"
BCH,Beecham Group,Health Care,1983,1988,"GICS-style classification, reconstructed 2026-08-26"
BCH.L,British & Commonwealth,Financials,1983,1988,"GICS-style classification, reconstructed 2026-08-26"
BCL,Blue Circle Industries,Materials,1983,2000,"GICS-style classification, reconstructed 2026-08-26"
BDEV,Barratt Developments,Consumer Discretionary,1983,2020,"GICS-style classification, reconstructed 2026-08-26"
BERI.L,Berisford (S & W),Consumer Staples,1983,1984,"GICS-style classification, reconstructed 2026-08-26"
BET,BET,Industrials,1985,1991,"GICS-style classification, reconstructed 2026-08-26"
BET.L,British Elect. Traction Co.,Industrials,1983,1984,"GICS-style classification, reconstructed 2026-08-26"
BEZ,BEAZLEY PLC,Financials,2022,2024,"GICS-style classification, reconstructed 2026-08-26"
BG.,BG Group,Energy,2001,2015,"GICS-style classification, reconstructed 2026-08-26"
BGAS,British Gas,Utilities,1986,1996,"GICS-style classification, reconstructed 2026-08-26"
BGY,British Energy Group,Utilities,1997,2008,"GICS-style classification, reconstructed 2026-08-26"
BHP,BHP Group Plc,Materials,2001,2021,"GICS-style classification, reconstructed 2026-08-26"
BHS,British Home Stores,Consumer Discretionary,1983,1985,"GICS-style classification, reconstructed 2026-08-26"
BI.,Brambles Industries,Industrials,2001,2005,"GICS-style classification, reconstructed 2026-08-26"
BICC,BICC,Industrials,1983,1991,"GICS-style classification, reconstructed 2026-08-26"
BKG,BERKELEY GROUP HOLDINGS (THE) PLC,Consumer Discretionary,2015,2024,"GICS-style classification, reconstructed 2026-08-26"
BLND,British Land Co,Real Estate,1997,2024,"GICS-style classification, reconstructed 2026-08-26"
BLT,Billiton,Materials,1997,2000,"GICS-style classification, reconstructed 2026-08-26"
BME,B&M European Value Retail,Consumer Discretionary,2021,2023,"GICS-style classification, reconstructed 2026-08-26"
BMEB,B&M European Value Retail,Consumer Discretionary,2020,2020,"GICS-style classification, reconstructed 2026-08-26"
BNZL,BUNZL PLC,Industrials,1986,2024,"GICS-style classification, reconstructed 2026-08-26"
BOC,BOC,Materials,1983,2005,"GICS-style classification, reconstructed 2026-08-26"
BOOT,Boots Group PLC,Consumer Staples,1983,2005,"GICS-style classification, reconstructed 2026-08-26"
BOS,Bank of Scotland,Financials,1985,2000,"GICS-style classification, reconstructed 2026-08-26"
BP.,BP PLC,Energy,1983,2024,"GICS-style classification, reconstructed 2026-08-26"
BPB,BPB Industries,Materials,1983,1990,"GICS-style classification, reconstructed 2026-08-26"
BPC,British Printing & Communications Corp,Communication Services,1986,1986,"GICS-style classification, reconstructed 2026-08-26"
BRBY,Burberry Group,Consumer Discretionary,2009,2023,"GICS-style classification, reconstructed 2026-08-26"
BRIT,Britoil,Energy,1983,1987,"GICS-style classification, reconstructed 2026-08-26"
BST,British Steel,Materials,1988,1997,"GICS-style classification, reconstructed 2026-08-26"
BSY,British Sky Broadcasting Group,Communication Services,1995,2013,"GICS-style classification, reconstructed 2026-08-26"
BT-A,BT GROUP PLC,Communication Services,2021,2024,"GICS-style classification, reconstructed 2026-08-26"
BT.A,BT GROUP PLC,Communication Services,1984,2020,"GICS-style classification, reconstructed 2026-08-26"
BTR,BTR,Industrials,1983,1998,"GICS-style classification, reconstructed 2026-08-26"
BTRW,BARRATT REDROW PLC,Consumer Discretionary,2021,2024,"GICS-style classification, reconstructed 2026-08-26"
BUR,Burmah Castrol,Energy,1983,1996,"GICS-style classification, reconstructed 2026-08-26"
BWTR,Bowater,Materials,1983,1994,"GICS-style classification, reconstructed 2026-08-26"
CBRY,Cadbury Plc,Consumer Staples,1983,2009,"GICS-style classification, reconstructed 2026-08-26"
CCH,COCA-COLA HBC AG,Consumer Staples,2013,2024,"GICS-style classification, reconstructed 2026-08-26"
CCL,Carnival,Consumer Discretionary,2003,2019,"GICS-style classification, reconstructed 2026-08-26"
CCM,Carlton Communication,Communication Services,1989,2000,"GICS-style classification, reconstructed 2026-08-26"
CGFD,Consolidated Gold Fields,Materials,1983,1988,"GICS-style classification, reconstructed 2026-08-26"
CJR,CHARTERHOUSE J. ROTHSCHILD PLC,Financials,1984,1984,"GICS-style classification, reconstructed 2026-08-26"
CKSN,Cookson Group plc,Industrials,1986,1995,"GICS-style classification, reconstructed 2026-08-26"
CMCS,Capital Shopping Centres Group,Real Estate,2010,2012,"GICS-style classification, reconstructed 2026-08-26"
CMG,CMG,Information Technology,1999,2000,"GICS-style classification, reconstructed 2026-08-26"
CNA,CENTRICA PLC,Utilities,1997,2024,"GICS-style classification, reconstructed 2026-08-26"
CNE,Cairn Energy,Energy,2004,2011,"GICS-style classification, reconstructed 2026-08-26"
COA,Coats Viyella,Consumer Discretionary,1986,1993,"GICS-style classification, reconstructed 2026-08-26"
COB,Cobham,Industrials,2008,2009,"GICS-style classification, reconstructed 2026-08-26"
COLT,Colt Telecom Group,Communication Services,1998,2000,"GICS-style classification, reconstructed 2026-08-26"
CORU,Corus Group,Materials,1999,2006,"GICS-style classification, reconstructed 2026-08-26"
CPG,COMPASS GROUP PLC,Consumer Discretionary,1998,2024,"GICS-style classification, reconstructed 2026-08-26"
CPI,Capita Group,Industrials,2000,2016,"GICS-style classification, reconstructed 2026-08-26"
CPW,Carphone Warehouse Group,Consumer Discretionary,2007,2007,"GICS-style classification, reconstructed 2026-08-26"
CRDA,CRODA INTERNATIONAL PLC,Materials,2012,2024,"GICS-style classification, reconstructed 2026-08-26"
CRDN.L,MB-Caradon,Industrials,1992,1992,"GICS-style classification, reconstructed 2026-08-26"
CRH,CRH,Materials,2011,2022,"GICS-style classification, reconstructed 2026-08-26"
CRN,Caradon,Industrials,1993,1994,"GICS-style classification, reconstructed 2026-08-26"
CTE,Celltech Group,Health Care,2000,2001,"GICS-style classification, reconstructed 2026-08-26"
CTEC,CONVATEC GROUP PLC,Health Care,2016,2024,"GICS-style classification, reconstructed 2026-08-26"
CTLD,Coutaulds,Materials,1983,1995,"GICS-style classification, reconstructed 2026-08-26"
CU.L,Commercial Union Assurance,Financials,1983,1997,"GICS-style classification, reconstructed 2026-08-26"
CURY,Dixons Carphone,Consumer Discretionary,2014,2016,"GICS-style classification, reconstructed 2026-08-26"
CW.,Cable and Wireless,Communication Services,1983,2009,"GICS-style classification, reconstructed 2026-08-26"
CWG,Canary Wharf Group,Real Estate,2000,2002,"GICS-style classification, reconstructed 2026-08-26"
DCC,DCC PLC,Industrials,2015,2024,"GICS-style classification, reconstructed 2026-08-26"
DDT,Dimension Data Holdings,Information Technology,2000,2000,"GICS-style classification, reconstructed 2026-08-26"
DEE,Dee Corporation,Consumer Staples,1985,1988,"GICS-style classification, reconstructed 2026-08-26"
DGE,DIAGEO PLC,Consumer Staples,1997,2024,"GICS-style classification, reconstructed 2026-08-26"
DIST,Distillers Company,Consumer Staples,1983,1985,"GICS-style classification, reconstructed 2026-08-26"
DLAR,De La Rue plc,Industrials,1992,1994,"GICS-style classification, reconstructed 2026-08-26"
DLG,Direct Line Insurance Group,Financials,1983,2018,"GICS-style classification, reconstructed 2026-08-26"
DMGT,Daily Mail & General Trust,Communication Services,1999,2005,"GICS-style classification, reconstructed 2026-08-26"
DPH,Dechra Pharmaceuticals,Health Care,2021,2023,"GICS-style classification, reconstructed 2026-08-26"
DPLM,DIPLOMA PLC,Industrials,2023,2024,"GICS-style classification, reconstructed 2026-08-26"
DRX,Drax Group,Utilities,2006,2008,"GICS-style classification, reconstructed 2026-08-26"
DSG,Dixons Group,Consumer Discretionary,1985,2004,"GICS-style classification, reconstructed 2026-08-26"
DSGI,DSG International,Consumer Discretionary,2005,2006,"GICS-style classification, reconstructed 2026-08-26"
DWTY,Dowty Group,Industrials,1984,1984,"GICS-style classification, reconstructed 2026-08-26"
ECC,English China Clays,Materials,1983,1992,"GICS-style classification, reconstructed 2026-08-26"
ECM,Electrocomponents,Industrials,2000,2001,"GICS-style classification, reconstructed 2026-08-26"
EDIN,Edinburgh Investment Trust,Financials,1983,1983,"GICS-style classification, reconstructed 2026-08-26"
EDV,ENDEAVOUR MINING PLC,Materials,2022,2024,"GICS-style classification, reconstructed 2026-08-26"
ELY,Eastern Electricity,Utilities,1993,1994,"GICS-style classification, reconstructed 2026-08-26"
EMA,Emap,Communication Services,2002,2004,"GICS-style classification, reconstructed 2026-08-26"
EMG,Man Group,Financials,2001,2011,"GICS-style classification, reconstructed 2026-08-26"
EMI,EMI Group,Communication Services,1983,2001,"GICS-style classification, reconstructed 2026-08-26"
ENG,Energis,Communication Services,1999,2000,"GICS-style classification, reconstructed 2026-08-26"
ENRC,Eurasian Natural Resources Corporation,Materials,2008,2012,"GICS-style classification, reconstructed 2026-08-26"
ENT,ENTAIN PLC,Consumer Discretionary,2018,2024,"GICS-style classification, reconstructed 2026-08-26"
ESSR,Essar Energy,Energy,2010,2011,"GICS-style classification, reconstructed 2026-08-26"
EST,Eagle Star,Financials,1983,1983,"GICS-style classification, reconstructed 2026-08-26"
ETI,Enterprise Inns,Consumer Discretionary,2004,2007,"GICS-style classification, reconstructed 2026-08-26"
ETLN,Eurotunnel,Industrials,1991,1991,"GICS-style classification, reconstructed 2026-08-26"
ETP,Enterprise Oil,Energy,1984,2001,"GICS-style classification, reconstructed 2026-08-26"
EVR,Evraz,Materials,2011,2021,"GICS-style classification, reconstructed 2026-08-26"
EXCO,Exco International,Financials,1983,1985,"GICS-style classification, reconstructed 2026-08-26"
EXL,Exel,Industrials,2000,2004,"GICS-style classification, reconstructed 2026-08-26"
EXPN,EXPERIAN PLC,Industrials,2006,2024,"GICS-style classification, reconstructed 2026-08-26"
EZJ,EASYJET PLC,Industrials,2013,2024,"GICS-style classification, reconstructed 2026-08-26"
FCIT,F&C INVESTMENT TRUST PLC,Financials,1995,2024,"GICS-style classification, reconstructed 2026-08-26"
FER,Ferranti International,Industrials,1983,1985,"GICS-style classification, reconstructed 2026-08-26"
FERG,Ferguson,Industrials,2017,2021,"GICS-style classification, reconstructed 2026-08-26"
FGP,First Group,Industrials,2007,2008,"GICS-style classification, reconstructed 2026-08-26"
FISO,Fisons,Health Care,1983,1992,"GICS-style classification, reconstructed 2026-08-26"
FLG,Friends Life Group Limited,Financials,2014,2014,"GICS-style classification, reconstructed 2026-08-26"
FLTR,Flutter Entertainment,Consumer Discretionary,2019,2023,"GICS-style classification, reconstructed 2026-08-26"
FOR,Forte plc,Consumer Discretionary,1983,1995,"GICS-style classification, reconstructed 2026-08-26"
FP.,Friends Provident,Financials,2001,2007,"GICS-style classification, reconstructed 2026-08-26"
FRAS,Frasers Group,Consumer Discretionary,2013,2023,"GICS-style classification, reconstructed 2026-08-26"
FRES,FRESNILLO PLC,Materials,2009,2024,"GICS-style classification, reconstructed 2026-08-26"
GAA,Granada,Communication Services,1984,2003,"GICS-style classification, reconstructed 2026-08-26"
GAC,General Accident,Financials,1983,1997,"GICS-style classification, reconstructed 2026-08-26"
GAW,GAMES WORKSHOP GROUP PLC,Consumer Discretionary,2024,2024,"GICS-style classification, reconstructed 2026-08-26"
GBT,Globe Investment Trust,Financials,1983,1987,"GICS-style classification, reconstructed 2026-08-26"
GEC,General Electric Company,Industrials,1983,1998,"GICS-style classification, reconstructed 2026-08-26"
GFS,G4S,Industrials,2007,2017,"GICS-style classification, reconstructed 2026-08-26"
GKN,GKN,Industrials,1983,2017,"GICS-style classification, reconstructed 2026-08-26"
GLEN,GLENCORE PLC,Materials,2011,2024,"GICS-style classification, reconstructed 2026-08-26"
GLH,Gallaher Group,Consumer Staples,1998,2006,"GICS-style classification, reconstructed 2026-08-26"
GLXO,Glaxo Wellcome,Health Care,1983,1999,"GICS-style classification, reconstructed 2026-08-26"
GMT,Grand Metropolitan,Consumer Staples,1983,1996,"GICS-style classification, reconstructed 2026-08-26"
GNS,Guinness,Consumer Staples,1985,1996,"GICS-style classification, reconstructed 2026-08-26"
GRE,Guardian Royal Exchange Plc,Financials,1983,1998,"GICS-style classification, reconstructed 2026-08-26"
GSK,GSK PLC,Health Care,2000,2024,"GICS-style classification, reconstructed 2026-08-26"
GUS,GUS,Consumer Discretionary,1983,2005,"GICS-style classification, reconstructed 2026-08-26"
HARC,Harrisons & Crosfield,Materials,1983,1990,"GICS-style classification, reconstructed 2026-08-26"
HAS,Hays,Industrials,1996,2004,"GICS-style classification, reconstructed 2026-08-26"
HAWK,Hawker Siddeley Group,Industrials,1983,1990,"GICS-style classification, reconstructed 2026-08-26"
HBL.L,Allied Hambro,Financials,1983,1984,"GICS-style classification, reconstructed 2026-08-26"
HBOS,HBOS,Financials,1997,2008,"GICS-style classification, reconstructed 2026-08-26"
HIK,HIKMA PHARMACEUTICALS PLC,Health Care,2015,2024,"GICS-style classification, reconstructed 2026-08-26"
HILL,Hillsdown Holdings,Consumer Staples,1987,1991,"GICS-style classification, reconstructed 2026-08-26"
HL.,Hargreaves Lansdown,Financials,2011,2024,"GICS-style classification, reconstructed 2026-08-26"
HLMA,HALMA PLC,Information Technology,2017,2024,"GICS-style classification, reconstructed 2026-08-26"
HLN,HALEON PLC,Consumer Staples,2022,2024,"GICS-style classification, reconstructed 2026-08-26"
HMSO,Hammerson Property,Real Estate,1983,2017,"GICS-style classification, reconstructed 2026-08-26"
HNS,Hanson,Materials,1983,2006,"GICS-style classification, reconstructed 2026-08-26"
HOF,House of Fraser,Consumer Discretionary,1983,1984,"GICS-style classification, reconstructed 2026-08-26"
HOME,Home Retail Group,Consumer Discretionary,1995,2009,"GICS-style classification, reconstructed 2026-08-26"
HSBA,HSBC HLDGS PLC,Financials,1992,2024,"GICS-style classification, reconstructed 2026-08-26"
HSV,Homeserve,Industrials,2022,2022,"GICS-style classification, reconstructed 2026-08-26"
HSX,HISCOX LD,Financials,2018,2024,"GICS-style classification, reconstructed 2026-08-26"
HWDN,HOWDEN JOINERY GROUP PLC,Industrials,2023,2024,"GICS-style classification, reconstructed 2026-08-26"
IAG,INTL CONSOLIDATED AIRLINES GROUP SA,Industrials,2011,2024,"GICS-style classification, reconstructed 2026-08-26"
IAP,ICAP,Financials,2006,2011,"GICS-style classification, reconstructed 2026-08-26"
ICG,INTERMEDIATE CAPITAL GROUP PLC,Financials,2020,2024,"GICS-style classification, reconstructed 2026-08-26"
ICGS,Imperial Continental Gas Ass.,Utilities,1983,1984,"GICS-style classification, reconstructed 2026-08-26"
ICI,Imperial Chemical Industries,Materials,1983,2006,"GICS-style classification, reconstructed 2026-08-26"
IHG,INTERCONTINENTAL HOTELS GROUP PLC,Consumer Discretionary,2003,2024,"GICS-style classification, reconstructed 2026-08-26"
III,3I GROUP PLC,Financials,1994,2024,"GICS-style classification, reconstructed 2026-08-26"
IMB,IMPERIAL BRANDS PLC,Consumer Staples,2016,2024,"GICS-style classification, reconstructed 2026-08-26"
IMI,IMI PLC,Industrials,2010,2024,"GICS-style classification, reconstructed 2026-08-26"
IMT,Imperial Tobacco Group,Consumer Staples,1983,2015,"GICS-style classification, reconstructed 2026-08-26"
INCH,Inchcape plc,Consumer Discretionary,1991,1994,"GICS-style classification, reconstructed 2026-08-26"
INF,INFORMA PLC,Communication Services,2016,2024,"GICS-style classification, reconstructed 2026-08-26"
INTU,Intu Properties,Real Estate,2014,2016,"GICS-style classification, reconstructed 2026-08-26"
INVP,Investec,Financials,2010,2010,"GICS-style classification, reconstructed 2026-08-26"
IOG,Innogy Hldgs,Utilities,2001,2001,"GICS-style classification, reconstructed 2026-08-26"
IPR,International Power,Utilities,2000,2011,"GICS-style classification, reconstructed 2026-08-26"
ISAT,Inmarsat,Communication Services,2008,2015,"GICS-style classification, reconstructed 2026-08-26"
ISYS,Invensys,Industrials,1999,2010,"GICS-style classification, reconstructed 2026-08-26"
ITRK,INTERTEK GROUP PLC,Industrials,2009,2024,"GICS-style classification, reconstructed 2026-08-26"
ITV,ITV,Communication Services,2004,2021,"GICS-style classification, reconstructed 2026-08-26"
JAG,Jaguar,Consumer Discretionary,1985,1987,"GICS-style classification, reconstructed 2026-08-26"
JD.,JD SPORTS FASHION PLC,Consumer Discretionary,2019,2024,"GICS-style classification, reconstructed 2026-08-26"
JE.,Just Eat,Consumer Discretionary,2017,2019,"GICS-style classification, reconstructed 2026-08-26"
JET,Just Eat Takeaway.com,Consumer Discretionary,2020,2020,"GICS-style classification, reconstructed 2026-08-26"
JMAT,Johnson Matthey,Materials,1983,2020,"GICS-style classification, reconstructed 2026-08-26"
JRH,J. ROTHSCHILD HOLDINGS PLC,Financials,1985,1985,"GICS-style classification, reconstructed 2026-08-26"
KAZ,Kazakhmys,Materials,2005,2012,"GICS-style classification, reconstructed 2026-08-26"
KEL,Kelda Group,Utilities,2005,2007,"GICS-style classification, reconstructed 2026-08-26"
KGF,KINGFISHER PLC,Consumer Discretionary,1989,2024,"GICS-style classification, reconstructed 2026-08-26"
KWIK.L,Kwik Save Group,Consumer Staples,1992,1992,"GICS-style classification, reconstructed 2026-08-26"
LAD,Hilton Group,Consumer Discretionary,1983,2005,"GICS-style classification, reconstructed 2026-08-26"
LAND,LAND SECURITIES GROUP PLC,Real Estate,1983,2024,"GICS-style classification, reconstructed 2026-08-26"
LGEN,LEGAL & GENERAL GROUP PLC,Financials,1983,2024,"GICS-style classification, reconstructed 2026-08-26"
LII,Liberty International,Real Estate,2002,2009,"GICS-style classification, reconstructed 2026-08-26"
LLOY,LLOYDS BANKING GROUP PLC,Financials,1983,2024,"GICS-style classification, reconstructed 2026-08-26"
LMI,Lonmin,Materials,2006,2010,"GICS-style classification, reconstructed 2026-08-26"
LMP,LONDONMETRIC PROPERTY PLC,Real Estate,2024,2024,"GICS-style classification, reconstructed 2026-08-26"
LOG,Logica,Information Technology,1999,2001,"GICS-style classification, reconstructed 2026-08-26"
LONR,Lonrho,Industrials,1984,1991,"GICS-style classification, reconstructed 2026-08-26"
LSEG,LONDON STOCK EXCHANGE GROUP PLC,Financials,2007,2024,"GICS-style classification, reconstructed 2026-08-26"
LSO,London and Scottish Marine Oil,Energy,1988,1997,"GICS-style classification, reconstructed 2026-08-26"
LUCS,Lucus Industries,Consumer Discretionary,1986,1991,"GICS-style classification, reconstructed 2026-08-26"
LVA,LucasVarity,Consumer Discretionary,1996,1998,"GICS-style classification, reconstructed 2026-08-26"
MAG,Magnet & Southerns,Consumer Discretionary,1983,1983,"GICS-style classification, reconstructed 2026-08-26"
MAM,Mercury Asset Management,Financials,1996,1996,"GICS-style classification, reconstructed 2026-08-26"
MAX,Maxwell Communications,Communication Services,1987,1990,"GICS-style classification, reconstructed 2026-08-26"
MCRO,Micro Focus International,Information Technology,2016,2018,"GICS-style classification, reconstructed 2026-08-26"
MDC,Mediclinic International,Health Care,2016,2017,"GICS-style classification, reconstructed 2026-08-26"
MEPC,MEPC,Real Estate,1983,1994,"GICS-style classification, reconstructed 2026-08-26"
MERL,Merlin Entertainments,Consumer Discretionary,2015,2016,"GICS-style classification, reconstructed 2026-08-26"
MFI,MFI Furniture Group,Consumer Discretionary,1983,1983,"GICS-style classification, reconstructed 2026-08-26"
MGGT,Meggitt,Industrials,2011,2021,"GICS-style classification, reconstructed 2026-08-26"
MID,Midland Bank,Financials,1983,1991,"GICS-style classification, reconstructed 2026-08-26"
MKS,MARKS & SPENCER GROUP PLC,Consumer Staples,1983,2024,"GICS-style classification, reconstructed 2026-08-26"
MNDI,MONDI PLC,Materials,2013,2024,"GICS-style classification, reconstructed 2026-08-26"
MNG,M&G PLC,Financials,2019,2024,"GICS-style classification, reconstructed 2026-08-26"
MONI,Marconi,Information Technology,1999,2000,"GICS-style classification, reconstructed 2026-08-26"
MRO,MELROSE INDUSTRIES PLC,Industrials,2012,2024,"GICS-style classification, reconstructed 2026-08-26"
MRW,Morrison Supermarkets,Consumer Staples,2001,2020,"GICS-style classification, reconstructed 2026-08-26"
MSY,Misys,Information Technology,1999,2000,"GICS-style classification, reconstructed 2026-08-26"
NFC,NFC,Industrials,1991,1992,"GICS-style classification, reconstructed 2026-08-26"
NFDS,Northern Foods,Consumer Staples,1983,1992,"GICS-style classification, reconstructed 2026-08-26"
NG.,NATIONAL GRID PLC,Utilities,1995,2024,"GICS-style classification, reconstructed 2026-08-26"
NGG,Lattice Group,Utilities,2000,2001,"GICS-style classification, reconstructed 2026-08-26"
NMC,NMC Health,Health Care,2017,2019,"GICS-style classification, reconstructed 2026-08-26"
NPR,National Power,Utilities,1991,1999,"GICS-style classification, reconstructed 2026-08-26"
NRK,Northern Rock,Financials,2001,2006,"GICS-style classification, reconstructed 2026-08-26"
NU.,Norwich Union Plc,Financials,1997,1999,"GICS-style classification, reconstructed 2026-08-26"
NWG,NATWEST GROUP PLC,Financials,1983,2024,"GICS-style classification, reconstructed 2026-08-26"
NXT,NEXT PLC,Consumer Discretionary,1987,2024,"GICS-style classification, reconstructed 2026-08-26"
OCDO,Ocado Group,Consumer Staples,2018,2023,"GICS-style classification, reconstructed 2026-08-26"
OML,Old Mutual,Financials,1999,2017,"GICS-style classification, reconstructed 2026-08-26"
OOM,O2,Communication Services,2001,2005,"GICS-style classification, reconstructed 2026-08-26"
ORA,Orange Plc,Communication Services,1996,1998,"GICS-style classification, reconstructed 2026-08-26"
PFC,Petrofac,Energy,2009,2013,"GICS-style classification, reconstructed 2026-08-26"
PFG,Provident Financial,Financials,2015,2016,"GICS-style classification, reconstructed 2026-08-26"
PHNX,PHOENIX GROUP HOLDINGS PLC,Financials,2019,2024,"GICS-style classification, reconstructed 2026-08-26"
PILK,Pilkington,Industrials,1983,1995,"GICS-style classification, reconstructed 2026-08-26"
PNN,Pennon Group,Utilities,2020,2020,"GICS-style classification, reconstructed 2026-08-26"
PNO,P&O,Industrials,1983,2005,"GICS-style classification, reconstructed 2026-08-26"
POLY,Polymetal International,Materials,2011,2021,"GICS-style classification, reconstructed 2026-08-26"
PPB,Paddy Power Betfair,Consumer Discretionary,2016,2018,"GICS-style classification, reconstructed 2026-08-26"
PPI,Polly Peck International,Consumer Staples,1989,1989,"GICS-style classification, reconstructed 2026-08-26"
PRTY,Partygaming,Consumer Discretionary,2005,2005,"GICS-style classification, reconstructed 2026-08-26"
PRU,PRUDENTIAL PLC,Financials,1983,2024,"GICS-style classification, reconstructed 2026-08-26"
PSH,PERSHING SQUARE HOLDINGS LTD,Financials,2020,2024,"GICS-style classification, reconstructed 2026-08-26"
PSN,PERSIMMON PLC,Consumer Discretionary,2005,2024,"GICS-style classification, reconstructed 2026-08-26"
PSON,PEARSON PLC,Communication Services,1983,2024,"GICS-style classification, reconstructed 2026-08-26"
PSY,Plessey Co,Information Technology,1983,1988,"GICS-style classification, reconstructed 2026-08-26"
PWG,Powergen,Utilities,1991,2001,"GICS-style classification, reconstructed 2026-08-26"
RAL,Racal Electronics,Industrials,1983,1990,"GICS-style classification, reconstructed 2026-08-26"
RED,Redland,Materials,1983,1996,"GICS-style classification, reconstructed 2026-08-26"
REL,RELX PLC,Industrials,1983,2024,"GICS-style classification, reconstructed 2026-08-26"
RELX,RELX PLC,Industrials,2015,2020,"GICS-style classification, reconstructed 2026-08-26"
RES,Resolution Limited,Financials,2008,2013,"GICS-style classification, reconstructed 2026-08-26"
REX,Rexam,Materials,1995,2013,"GICS-style classification, reconstructed 2026-08-26"
RHM,Ranks Hovis McDougall,Consumer Staples,1986,1990,"GICS-style classification, reconstructed 2026-08-26"
RINS,Royal Insurance,Financials,1983,1995,"GICS-style classification, reconstructed 2026-08-26"
RIO,RIO TINTO PLC,Materials,1987,2024,"GICS-style classification, reconstructed 2026-08-26"
RKT,RECKITT BENCKISER GROUP PLC,Consumer Staples,1983,2024,"GICS-style classification, reconstructed 2026-08-26"
RMC,RMC Group,Materials,1983,1996,"GICS-style classification, reconstructed 2026-08-26"
RMG,Royal Mail,Industrials,2013,2021,"GICS-style classification, reconstructed 2026-08-26"
RMV,RIGHTMOVE PLC,Communication Services,2018,2024,"GICS-style classification, reconstructed 2026-08-26"
RNK,The Rank Group,Consumer Discretionary,1983,1997,"GICS-style classification, reconstructed 2026-08-26"
ROW,Rowntree Mackintosh PLC,Consumer Staples,1983,1987,"GICS-style classification, reconstructed 2026-08-26"
RR,ROLLS ROYCE HOLDINGS PLC,Industrials,1987,2002,"GICS-style classification, reconstructed 2026-08-26"
RR.,ROLLS-ROYCE HOLDINGS PLC,Industrials,2003,2024,"GICS-style classification, reconstructed 2026-08-26"
RRS,Randgold Resources,Materials,2008,2017,"GICS-style classification, reconstructed 2026-08-26"
RS1,RS Group,Industrials,2021,2023,"GICS-style classification, reconstructed 2026-08-26"
RSA,RSA Insurance Group,Financials,1983,2020,"GICS-style classification, reconstructed 2026-08-26"
RSL,Resolution Plc,Financials,2006,2007,"GICS-style classification, reconstructed 2026-08-26"
RTK,Railtrack Group,Industrials,1996,2000,"GICS-style classification, reconstructed 2026-08-26"
RTM,Rothmans International,Consumer Staples,1987,1992,"GICS-style classification, reconstructed 2026-08-26"
RTO,RENTOKIL INITIAL PLC,Industrials,1991,2024,"GICS-style classification, reconstructed 2026-08-26"
RTR,Reuters,Communication Services,1984,2007,"GICS-style classification, reconstructed 2026-08-26"
RTZ,Rio Tinto-Zinc Corporation,Materials,1983,1986,"GICS-style classification, reconstructed 2026-08-26"
SAA,Saatchi & Saatchi,Communication Services,1986,1986,"GICS-style classification, reconstructed 2026-08-26"
SAB,SABMiller,Consumer Staples,1999,2015,"GICS-style classification, reconstructed 2026-08-26"
SB.,SmithKline Beecham,Health Care,1989,1999,"GICS-style classification, reconstructed 2026-08-26"
SBE,Siebe,Industrials,1989,1998,"GICS-style classification, reconstructed 2026-08-26"
SBRY,SAINSBURY(J) PLC,Consumer Staples,1983,2024,"GICS-style classification, reconstructed 2026-08-26"
SCR,Securicor Plc,Industrials,1998,1998,"GICS-style classification, reconstructed 2026-08-26"
SDR,SCHRODERS PLC,Financials,1993,2024,"GICS-style classification, reconstructed 2026-08-26"
SED,Sedgwick Group,Financials,1983,1987,"GICS-style classification, reconstructed 2026-08-26"
SEMA,Sema Group,Information Technology,1999,1999,"GICS-style classification, reconstructed 2026-08-26"
SFW,Safeway,Consumer Staples,1996,2003,"GICS-style classification, reconstructed 2026-08-26"
SGC,Stagecoach Holdings,Industrials,1998,1998,"GICS-style classification, reconstructed 2026-08-26"
SGE,THE SAGE GROUP PLC,Information Technology,1999,2024,"GICS-style classification, reconstructed 2026-08-26"
SGRO,SEGRO PLC,Real Estate,2009,2024,"GICS-style classification, reconstructed 2026-08-26"
SHEL,SHELL PLC,Energy,1983,2024,"GICS-style classification, reconstructed 2026-08-26"
SHP,Shire,Health Care,2000,2017,"GICS-style classification, reconstructed 2026-08-26"
SIX,Six Continents Hotel Group,Consumer Discretionary,2001,2002,"GICS-style classification, reconstructed 2026-08-26"
SKG,Smufit Kappa Group,Materials,2016,2023,"GICS-style classification, reconstructed 2026-08-26"
SKY,Sky,Communication Services,2014,2017,"GICS-style classification, reconstructed 2026-08-26"
SL.,Standard Life,Financials,2006,2016,"GICS-style classification, reconstructed 2026-08-26"
SLOU,Slough Estates,Real Estate,2006,2006,"GICS-style classification, reconstructed 2026-08-26"
SLP,Sun Life & Provincial Holdings,Financials,1983,1999,"GICS-style classification, reconstructed 2026-08-26"
SMDS,Smith (DS),Materials,2017,2024,"GICS-style classification, reconstructed 2026-08-26"
SMIN,SMITHS GROUP PLC,Industrials,1985,2024,"GICS-style classification, reconstructed 2026-08-26"
SMT,SCOTTISH MORTGAGE INV TST PLC,Financials,2017,2024,"GICS-style classification, reconstructed 2026-08-26"
SMWH,Smith (W.H.),Consumer Discretionary,1991,1992,"GICS-style classification, reconstructed 2026-08-26"
SN,Scottish & Newcastle Plc,Consumer Staples,1983,2007,"GICS-style classification, reconstructed 2026-08-26"
SN.,SMITH & NEPHEW PLC,Health Care,1983,2024,"GICS-style classification, reconstructed 2026-08-26"
SPT,Spirent,Information Technology,2000,2000,"GICS-style classification, reconstructed 2026-08-26"
SPW,Scottish Power,Utilities,1991,2006,"GICS-style classification, reconstructed 2026-08-26"
SPX,SPIRAX GROUP PLC,Industrials,2018,2024,"GICS-style classification, reconstructed 2026-08-26"
SRP,Serco Group,Industrials,2008,2012,"GICS-style classification, reconstructed 2026-08-26"
SRS.L,Sears Holdings plc,Consumer Discretionary,1983,1994,"GICS-style classification, reconstructed 2026-08-26"
SSE,SSE PLC,Utilities,1992,2024,"GICS-style classification, reconstructed 2026-08-26"
STAN,STANDARD CHARTERED PLC,Financials,1983,2024,"GICS-style classification, reconstructed 2026-08-26"
STC,STC PLC,Information Technology,1983,1990,"GICS-style classification, reconstructed 2026-08-26"
STH,Storehouse,Consumer Discretionary,1985,1988,"GICS-style classification, reconstructed 2026-08-26"
STJ,ST.JAMES'S PLACE PLC,Financials,2014,2024,"GICS-style classification, reconstructed 2026-08-26"
SVT,SEVERN TRENT PLC,Utilities,1990,2024,"GICS-style classification, reconstructed 2026-08-26"
TARM,Tarmac,Materials,1983,1991,"GICS-style classification, reconstructed 2026-08-26"
TATE,Tate & Lyle,Consumer Staples,1991,2013,"GICS-style classification, reconstructed 2026-08-26"
TCG,Thomas Cook Group,Consumer Discretionary,2007,2009,"GICS-style classification, reconstructed 2026-08-26"
TEG.L,The Energy Group,Utilities,1997,1997,"GICS-style classification, reconstructed 2026-08-26"
TI,TI Group,Industrials,1992,1996,"GICS-style classification, reconstructed 2026-08-26"
TLW,Tullow Oil,Energy,2007,2014,"GICS-style classification, reconstructed 2026-08-26"
TOMK,Tomkins,Industrials,1992,2003,"GICS-style classification, reconstructed 2026-08-26"
TPK,Travis Perkins,Industrials,2013,2015,"GICS-style classification, reconstructed 2026-08-26"
TRAF,Trafalgar House,Industrials,1983,1991,"GICS-style classification, reconstructed 2026-08-26"
TRI,Thomson Reuters,Industrials,2008,2008,"GICS-style classification, reconstructed 2026-08-26"
TSB,TSB Group,Financials,1987,1994,"GICS-style classification, reconstructed 2026-08-26"
TSCO,TESCO PLC,Consumer Staples,1983,2024,"GICS-style classification, reconstructed 2026-08-26"
TT.,TUI Travel,Consumer Discretionary,2007,2013,"GICS-style classification, reconstructed 2026-08-26"
TUI,TUI AG,Consumer Discretionary,2014,2019,"GICS-style classification, reconstructed 2026-08-26"
TW.,TAYLOR WIMPEY PLC,Consumer Discretionary,2007,2024,"GICS-style classification, reconstructed 2026-08-26"
TW.L,Thames Water,Utilities,1990,1999,"GICS-style classification, reconstructed 2026-08-26"
TWOD,Taylor Woodrow,Consumer Discretionary,1989,1989,"GICS-style classification, reconstructed 2026-08-26"
TWT,Telewest Communications,Communication Services,1998,2000,"GICS-style classification, reconstructed 2026-08-26"
UB,United Biscuits,Consumer Staples,1983,1994,"GICS-style classification, reconstructed 2026-08-26"
UBM,United Business Media,Communication Services,2000,2000,"GICS-style classification, reconstructed 2026-08-26"
ULVR,UNILEVER PLC,Consumer Staples,1983,2024,"GICS-style classification, reconstructed 2026-08-26"
UMA,Ultramar,Energy,1983,1990,"GICS-style classification, reconstructed 2026-08-26"
UNIG,Unigate,Consumer Staples,1986,1986,"GICS-style classification, reconstructed 2026-08-26"
UNM,United News & Media,Communication Services,1996,1999,"GICS-style classification, reconstructed 2026-08-26"
UTG,UNITE GROUP PLC,Real Estate,2022,2024,"GICS-style classification, reconstructed 2026-08-26"
UU.,UNITED UTILITIES GROUP PLC,Utilities,1990,2024,"GICS-style classification, reconstructed 2026-08-26"
VED,Vedanta Resources,Materials,2006,2012,"GICS-style classification, reconstructed 2026-08-26"
VOD,VODAFONE GROUP PLC,Communication Services,1991,2024,"GICS-style classification, reconstructed 2026-08-26"
WARB.L,Warburg SG Group,Financials,1993,1994,"GICS-style classification, reconstructed 2026-08-26"
WCG,Willis Corroon,Financials,1991,1991,"GICS-style classification, reconstructed 2026-08-26"
WEIR,WEIR GROUP PLC,Industrials,2010,2024,"GICS-style classification, reconstructed 2026-08-26"
WEL,Wellcome,Health Care,1986,1994,"GICS-style classification, reconstructed 2026-08-26"
WFC,Willis Faber,Financials,1984,1986,"GICS-style classification, reconstructed 2026-08-26"
WG,Wood Group (John),Energy,2012,2018,"GICS-style classification, reconstructed 2026-08-26"
WLMS,Williams,Industrials,1988,1998,"GICS-style classification, reconstructed 2026-08-26"
WLW,Woolwich,Financials,1997,1999,"GICS-style classification, reconstructed 2026-08-26"
WMH,William Hill,Consumer Discretionary,2004,2013,"GICS-style classification, reconstructed 2026-08-26"
WMP,Wimpey (George) & Co,Consumer Discretionary,1983,1983,"GICS-style classification, reconstructed 2026-08-26"
WOOL,Woolworths,Consumer Discretionary,1984,1988,"GICS-style classification, reconstructed 2026-08-26"
WOS,Wolseley,Industrials,1993,2016,"GICS-style classification, reconstructed 2026-08-26"
WPG,Worldpay Group,Financials,2015,2017,"GICS-style classification, reconstructed 2026-08-26"
WPP,WPP PLC,Communication Services,1998,2024,"GICS-style classification, reconstructed 2026-08-26"
WTB,WHITBREAD PLC,Consumer Discretionary,1983,2024,"GICS-style classification, reconstructed 2026-08-26"
XTA,Xstrata,Materials,2002,2012,"GICS-style classification, reconstructed 2026-08-26"
YELL,Yell Group,Communication Services,2003,2007,"GICS-style classification, reconstructed 2026-08-26"
ZEN,Zeneca Group,Health Care,1993,1998,"GICS-style classification, reconstructed 2026-08-26"
