company_number,company_name,operating_birth,operating_birth_precision,operating_birth_type,operating_birth_source_url,operating_birth_context,source_url_final,entry_date
15698920,Amstrad,1968,year,business_founding,https://en.wikipedia.org/wiki/Amstrad,,https://en.wikipedia.org/wiki/Amstrad,1986-10-01
07476767,Anglian Water,1974,year,business_founding,https://en.wikipedia.org/wiki/Anglian_Water_Authority,,https://en.wikipedia.org/wiki/Anglian_Water_Authority,1990-10-01
SC544125,Argyll Group,1977,year,business_founding,https://en.wikipedia.org/wiki/Argyll_Foods,,https://en.wikipedia.org/wiki/Argyll_Foods,1985-01-02
05757208,BAA,1965,year,business_founding,https://www.gracesguide.co.uk/British_Airports_Authority,,https://www.gracesguide.co.uk/British_Airports_Authority,1987-10-01
03196209,BHP Group Plc,1885,year,business_founding,https://en.wikipedia.org/wiki/BHP,,https://en.wikipedia.org/wiki/BHP,1997-09-22
02342138,Babcock International Group,1891,year,business_founding,https://en.wikipedia.org/wiki/Babcock_%26_Wilcox_Ltd,,https://en.wikipedia.org/wiki/Babcock_%26_Wilcox_Ltd,2012-06-18
SC327000,Bank of Scotland,1695,year,business_founding,https://en.wikipedia.org/wiki/Bank_of_Scotland,,https://en.wikipedia.org/wiki/Bank_of_Scotland,1985-08-06
15998687,Barratt Developments,1958,year,business_founding,https://en.wikipedia.org/wiki/Barratt_Developments,,https://en.wikipedia.org/wiki/Barratt_Developments,1984-01-03
07767799,Blue Arrow,1959,year,business_founding,https://en.wikipedia.org/wiki/Blue_Arrow,,https://en.wikipedia.org/wiki/Blue_Arrow,1987-10-01
09876996,Bowater,1881,year,business_founding,https://en.wikipedia.org/wiki/William_Vansittart_Bowater,,https://en.wikipedia.org/wiki/William_Vansittart_Bowater,1992-04-01
SC270184,British Energy Group,1995,year,business_founding,https://en.wikipedia.org/wiki/British_Energy,,https://en.wikipedia.org/wiki/British_Energy,1997-12-22
09399778,British Sky Broadcasting,1990,year,business_founding,https://en.wikipedia.org/wiki/Sky_UK,,https://en.wikipedia.org/wiki/Sky_UK,1995-09-18
12303256,British Steel Plc,1967,year,business_founding,https://en.wikipedia.org/wiki/British_Steel_(1967%E2%80%931999),,https://en.wikipedia.org/wiki/British_Steel_(1967%E2%80%931999),1988-12-21
06208775,Burmah Oil,1886,year,business_founding,https://en.wikipedia.org/wiki/Burmah_Oil,,https://en.wikipedia.org/wiki/Burmah_Oil,1986-07-01
09909999,Cable & Wireless Communications,1869,year,business_founding,https://en.wikipedia.org/wiki/Cable_%26_Wireless_plc,,https://en.wikipedia.org/wiki/Cable_%26_Wireless_plc,2000-03-20
SC787001,Cairn Energy,1981,year,business_founding,https://en.wikipedia.org/wiki/Capricorn_Energy,,https://en.wikipedia.org/wiki/Capricorn_Energy,2004-09-20
04191122,Canary Wharf Group,1993,year,business_founding,https://en.wikipedia.org/wiki/Canary_Wharf_Group,,https://en.wikipedia.org/wiki/Canary_Wharf_Group,2000-10-17
12966997,Caradon PLC,1985,year,business_founding,https://www.encyclopedia.com/books/politics-and-business-magazines/caradon-plc,,https://www.encyclopedia.com/books/politics-and-business-magazines/caradon-plc,1993-11-05
06534088,Carphone Warehouse,1989,year,business_founding,https://en.wikipedia.org/wiki/Carphone_Warehouse,,https://en.wikipedia.org/wiki/Carphone_Warehouse,2007-09-24
11466170,Compass,1941,year,business_founding,https://www.fundinguniverse.com/company-histories/compass-group-plc-history/,,https://www.fundinguniverse.com/company-histories/compass-group-plc-history/,1998-03-23
03110569,Computacenter,1981,year,business_founding,https://en.wikipedia.org/wiki/Computacenter,,https://en.wikipedia.org/wiki/Computacenter,2026-06-22
10274117,Dalgety,1846,year,business_founding,https://en.wikipedia.org/wiki/Dalgety_plc,,https://en.wikipedia.org/wiki/Dalgety_plc,1984-01-03
03834125,De La Rue,1821,year,business_founding,https://en.wikipedia.org/wiki/De_La_Rue,,https://en.wikipedia.org/wiki/De_La_Rue,1992-09-21
12620781,Dixons Group,1937,year,business_founding,https://en.wikipedia.org/wiki/Dixons_(retailer),,https://en.wikipedia.org/wiki/Dixons_(retailer),1985-01-02
15213063,ECC Group,1919,year,business_founding,https://en.wikipedia.org/wiki/English_China_Clays,,https://en.wikipedia.org/wiki/English_China_Clays,1992-04-01
14696069,Emap,1887,year,business_founding,https://www.fundinguniverse.com/company-histories/emap-plc-history/,,https://www.fundinguniverse.com/company-histories/emap-plc-history/,1999-03-22
03583610,Eurotunnel,1985,year,business_founding,https://www.referenceforbusiness.com/history2/79/Eurotunnel-Group.html,,https://www.referenceforbusiness.com/history2/79/Eurotunnel-Group.html,1991-01-02
10215539,Freeserve,1998,year,business_founding,https://en.wikipedia.org/wiki/Freeserve,,https://en.wikipedia.org/wiki/Freeserve,2000-03-20
04191106,GKN PLC,1759,year,business_founding,https://en.wikipedia.org/wiki/GKN,,https://en.wikipedia.org/wiki/GKN,1989-08-08
03299793,Gallaher Group,1857,year,business_founding,https://en.wikipedia.org/wiki/Gallaher_Group,,https://en.wikipedia.org/wiki/Gallaher_Group,1998-12-21
SC119505,General Accident,1885,year,business_founding,https://en.wikipedia.org/wiki/General_Accident,,https://en.wikipedia.org/wiki/General_Accident,1984-01-03
12657712,General Electric Company,1886,year,business_founding,https://simple.wikipedia.org/wiki/General_Electric_Company_plc,,https://simple.wikipedia.org/wiki/General_Electric_Company_plc,1984-01-03
00014504,Greenalls Group plc,1762,year,business_founding,"https://www.gracesguide.co.uk/Greenall,_Whitley_and_Co",,"https://www.gracesguide.co.uk/Greenall,_Whitley_and_Co",1996-01-31
07034919,Habitat Mothercare,1961,year,business_founding,https://en.wikipedia.org/wiki/Mothercare,,https://en.wikipedia.org/wiki/Mothercare,1985-10-01
05998739,Harrisons & Crosfield,1844,year,business_founding,https://www.gracesguide.co.uk/Harrisons_and_Crosfield,,https://www.gracesguide.co.uk/Harrisons_and_Crosfield,1989-04-03
11408139,Hillsdown Holdings,1975,year,business_founding,https://www.fundinguniverse.com/company-histories/hillsdown-holdings-plc-history/,,https://www.fundinguniverse.com/company-histories/hillsdown-holdings-plc-history/,1987-01-02
10686681,House of Fraser,1849,year,business_founding,https://en.wikipedia.org/wiki/House_of_Fraser,,https://en.wikipedia.org/wiki/House_of_Fraser,1984-01-03
04967001,ITV,1955,year,business_founding,https://en.wikipedia.org/wiki/ITV_plc,,https://en.wikipedia.org/wiki/ITV_plc,2011-03-21
02234775,Intermediate Capital Grup,1989,year,business_founding,https://en.wikipedia.org/wiki/Intermediate_Capital_Group,,https://en.wikipedia.org/wiki/Intermediate_Capital_Group,2020-03-23
05186841,International Power,1990,year,business_founding,https://en.wikipedia.org/wiki/National_Power,,https://en.wikipedia.org/wiki/National_Power,2005-03-21
03685527,Intu Properties,1980,year,business_founding,https://en.wikipedia.org/wiki/Intu_Properties,,https://en.wikipedia.org/wiki/Intu_Properties,2014-06-23
03633621,Investec,1974,year,business_founding,https://en.wikipedia.org/wiki/Investec,,https://en.wikipedia.org/wiki/Investec,2010-03-22
09132358,Kazakhmys,1992,year,business_founding,https://en.wikipedia.org/wiki/Kazakhmys,,https://en.wikipedia.org/wiki/Kazakhmys,2005-12-19
04369054,Land Securities,1944,year,business_founding,https://en.wikipedia.org/wiki/Landsec,,https://en.wikipedia.org/wiki/Landsec,1984-01-03
SC095000,Lloyds Banking Group,1765,year,business_founding,https://en.wikipedia.org/wiki/Lloyds_Bank,,https://en.wikipedia.org/wiki/Lloyds_Bank,2009-01-19
10681760,London Electricity,1948,year,business_founding,https://en.wikipedia.org/wiki/London_Electricity_Board,,https://en.wikipedia.org/wiki/London_Electricity_Board,1995-10-23
05369106,London Stock Exchange Group,1801,year,business_founding,https://en.wikipedia.org/wiki/London_Stock_Exchange_Group,,https://en.wikipedia.org/wiki/London_Stock_Exchange_Group,2007-12-04
02805337,Lonrho,1909,year,business_founding,https://en.wikipedia.org/wiki/Lonrho,,https://en.wikipedia.org/wiki/Lonrho,1984-04-02
11444019,M&G,1931,year,business_founding,https://en.wikipedia.org/wiki/M%26G,,https://en.wikipedia.org/wiki/M%26G,2019-10-21
05514581,MEPC,1946,year,business_founding,https://en.wikipedia.org/wiki/MEPC_plc,,https://en.wikipedia.org/wiki/MEPC_plc,1984-01-03
02953047,Magnet & Southerns,1918,year,business_founding,https://en.wikipedia.org/wiki/Magnet_Kitchens,,https://en.wikipedia.org/wiki/Magnet_Kitchens,1984-01-03
SC639139,Marconi,1897,year,business_founding,https://en.wikipedia.org/wiki/Marconi_Company,,https://en.wikipedia.org/wiki/Marconi_Company,1999-11-30
04256886,Marks and Spencer Group,1884,year,business_founding,https://en.wikipedia.org/wiki/Marks_%26_Spencer,,https://en.wikipedia.org/wiki/Marks_%26_Spencer,1984-01-03
09800044,Melrose Industries,2003,year,business_founding,https://en.wikipedia.org/wiki/Melrose_Industries,,https://en.wikipedia.org/wiki/Melrose_Industries,2018-04-24
04551498,Mitchells & Butlers,1898,year,business_founding,https://en.wikipedia.org/wiki/Mitchells_%26_Butlers_Brewery,,https://en.wikipedia.org/wiki/Mitchells_%26_Butlers_Brewery,2007-04-20
16271657,NFC,1948,year,business_founding,https://en.wikipedia.org/wiki/National_Freight_Corporation,,https://en.wikipedia.org/wiki/National_Freight_Corporation,1991-11-26
07712220,NMC Health,1975,year,business_founding,https://en.wikipedia.org/wiki/NMC_Health,,https://en.wikipedia.org/wiki/NMC_Health,2017-09-18
11785532,NatWest,1968,year,business_founding,https://en.wikipedia.org/wiki/NatWest,,https://en.wikipedia.org/wiki/NatWest,1984-01-03
04031152,National Grid Group plc,1990,year,business_founding,https://en.wikipedia.org/wiki/National_Grid_plc,,https://en.wikipedia.org/wiki/National_Grid_plc,1995-12-11
12818602,National Power,1990,year,business_founding,https://en.wikipedia.org/wiki/National_Power,,https://en.wikipedia.org/wiki/National_Power,1991-04-02
04412362,Next,1864,year,business_founding,https://en.wikipedia.org/wiki/Next_plc,,https://en.wikipedia.org/wiki/Next_plc,1987-04-27
16351760,Northern Rock,1965,year,business_founding,https://en.wikipedia.org/wiki/Northern_Rock,,https://en.wikipedia.org/wiki/Northern_Rock,2001-09-24
02468686,Norwich Union,1797,year,business_founding,https://en.wikipedia.org/wiki/Norwich_Union,,https://en.wikipedia.org/wiki/Norwich_Union,1997-09-22
09406669,Nycomed Amersham,1940,year,business_founding,https://en.wikipedia.org/wiki/Amersham_plc,,https://en.wikipedia.org/wiki/Amersham_plc,1997-12-17
12670975,Orange,1994,year,business_founding,https://en.wikipedia.org/wiki/Orange_(UK),,https://en.wikipedia.org/wiki/Orange_(UK),1996-06-24
02366640,Pennon Group,1989,year,business_founding,https://en.wikipedia.org/wiki/Pennon_Group,,https://en.wikipedia.org/wiki/Pennon_Group,2012-06-29
16051356,Petrofac,1981,year,business_founding,https://en.wikipedia.org/wiki/Petrofac,,https://en.wikipedia.org/wiki/Petrofac,2008-06-23
03224867,Polar Capital Technology Trust,1996,year,business_founding,https://en.wikipedia.org/wiki/Polar_Capital_Technology_Trust,,https://en.wikipedia.org/wiki/Polar_Capital_Technology_Trust,2025-02-03
12181667,Polly Peck,1940,year,business_founding,https://en.wikipedia.org/wiki/Polly_Peck,,https://en.wikipedia.org/wiki/Polly_Peck,1989-10-02
11353526,Psion,1980,year,business_founding,https://en.wikipedia.org/wiki/Psion_(company),,https://en.wikipedia.org/wiki/Psion_(company),2000-03-20
09909380,RMC Group,1930,year,business_founding,https://en.wikipedia.org/wiki/RMC_Group,,https://en.wikipedia.org/wiki/RMC_Group,1984-01-03
09220362,Racal Electronics,1950,year,business_founding,https://en.wikipedia.org/wiki/Racal,,https://en.wikipedia.org/wiki/Racal,1984-01-03
17225057,Railtrack,1994,year,business_founding,https://en.wikipedia.org/wiki/Railtrack,,https://en.wikipedia.org/wiki/Railtrack,1996-07-18
06270876,Reckitt,1840,year,business_founding,https://en.wikipedia.org/wiki/Reckitt_and_Sons,,https://en.wikipedia.org/wiki/Reckitt_and_Sons,1984-01-03
03477402,Reuters,1851,year,business_founding,https://en.wikipedia.org/wiki/Reuters,,https://en.wikipedia.org/wiki/Reuters,1984-07-02
03045251,Rothmans International,1890,year,business_founding,https://en.wikipedia.org/wiki/Rothmans_International,,https://en.wikipedia.org/wiki/Rothmans_International,1987-10-01
14240638,Royal Mail,1516,year,business_founding,https://en.wikipedia.org/wiki/Royal_Mail,,https://en.wikipedia.org/wiki/Royal_Mail,2013-12-23
03680472,SLPH,1825,year,business_founding,https://en.wikipedia.org/wiki/Standard_Life,,https://en.wikipedia.org/wiki/Standard_Life,1997-09-22
03909886,Schroders,1804,year,business_founding,https://en.wikipedia.org/wiki/Schroders,,https://en.wikipedia.org/wiki/Schroders,1993-09-20
SC585480,Scottish Hydro Electricity,1943,year,business_founding,https://en.wikipedia.org/wiki/North_of_Scotland_Hydro-Electric_Board,,https://en.wikipedia.org/wiki/North_of_Scotland_Hydro-Electric_Board,1993-12-20
13595866,Sedgwick,1879,year,business_founding,https://en.wikipedia.org/wiki/Sedgwick_Group,,https://en.wikipedia.org/wiki/Sedgwick_Group,1984-01-03
13246881,Segro,1920,year,business_founding,https://en.wikipedia.org/wiki/Segro,,https://en.wikipedia.org/wiki/Segro,2009-09-21
16640835,Sema Group Plc,1988,year,business_founding,https://en.wikipedia.org/wiki/Sema_Group,,https://en.wikipedia.org/wiki/Sema_Group,1998-09-21
05202036,Smith (W.H.),1792,year,business_founding,https://en.wikipedia.org/wiki/WHSmith,,https://en.wikipedia.org/wiki/WHSmith,1991-12-04
17136683,Smith Industries,1851,year,business_founding,https://en.wikipedia.org/wiki/Smiths_Group,,https://en.wikipedia.org/wiki/Smiths_Group,1985-04-01
15436803,Spirax-Sarco Engineering,1888,year,business_founding,https://en.wikipedia.org/wiki/Spirax_Group,,https://en.wikipedia.org/wiki/Spirax_Group,2018-12-24
11775757,Sports Direct International,1982,year,business_founding,https://en.wikipedia.org/wiki/Sports_Direct,,https://en.wikipedia.org/wiki/Sports_Direct,2013-09-23
SC212093,Stagecoach Holdings,1980,year,business_founding,https://en.wikipedia.org/wiki/Stagecoach_Group,,https://en.wikipedia.org/wiki/Stagecoach_Group,1998-06-22
11606773,Standard Life,1825,year,business_founding,https://en.wikipedia.org/wiki/Standard_Life,,https://en.wikipedia.org/wiki/Standard_Life,2006-09-18
12283210,Tate & Lyle,1859,year,business_founding,https://en.wikipedia.org/wiki/Tate_%26_Lyle,,https://en.wikipedia.org/wiki/Tate_%26_Lyle,1991-01-23
03158105,Thorn EMI plc,1928,year,business_founding,https://en.wikipedia.org/wiki/Thorn_Electrical_Industries,,https://en.wikipedia.org/wiki/Thorn_Electrical_Industries,1984-01-03
06798969,Thus,1994,year,business_founding,https://en.wikipedia.org/wiki/Thus_(company),,https://en.wikipedia.org/wiki/Thus_(company),2000-03-20
12664251,Tomkins,1925,year,business_founding,https://en.wikipedia.org/wiki/Tomkins_plc,,https://en.wikipedia.org/wiki/Tomkins_plc,1992-01-02
16570860,Trafalgar House,1958,year,business_founding,https://en.wikipedia.org/wiki/Trafalgar_House_(company),,https://en.wikipedia.org/wiki/Trafalgar_House_(company),1984-01-03
08169000,United Biscuits,1948,year,business_founding,https://www.referenceforbusiness.com/history2/48/United-Biscuits-Holdings-plc.html,,https://www.referenceforbusiness.com/history2/48/United-Biscuits-Holdings-plc.html,1984-01-03
04120344,Whitbread,1742,year,business_founding,https://en.wikipedia.org/wiki/Whitbread,,https://en.wikipedia.org/wiki/Whitbread,2002-12-23
04212563,William Hill,1934,year,business_founding,https://en.wikipedia.org/wiki/William_Hill_(bookmaker),,https://en.wikipedia.org/wiki/William_Hill_(bookmaker),2004-04-08
SC278251,Wood Group (John),1982,year,business_founding,https://en.wikipedia.org/wiki/John_Wood_Group,,https://en.wikipedia.org/wiki/John_Wood_Group,2008-04-28
15712439,Woolwich,1847,year,business_founding,https://en.wikipedia.org/wiki/The_Woolwich,,https://en.wikipedia.org/wiki/The_Woolwich,1997-09-22
06732228,Woolworths,1909,year,business_founding,https://en.wikipedia.org/wiki/Woolworths_(United_Kingdom),,https://en.wikipedia.org/wiki/Woolworths_(United_Kingdom),1984-07-02
,Worldpay Group,1997,year,business_founding,https://en.wikipedia.org/wiki/Worldpay_Group,,https://en.wikipedia.org/wiki/Worldpay_Group,2015-12-21
08815102,Yell Group,1966,year,business_founding,https://en.wikipedia.org/wiki/Yell_(company),,https://en.wikipedia.org/wiki/Yell_(company),2003-09-22
