company_number,company_name,incorporation_date,company_status,source_url,retrieved
02707046,BERISFORDS LIMITED,1992-04-14,active,https://find-and-update.company-information.service.gov.uk/company/02707046,2026-09-16
02805337,LONRHO LIMITED,1993-03-31,dissolved,https://find-and-update.company-information.service.gov.uk/company/02805337,2026-09-16
03110569,COMPUTACENTER PLC,1995-10-02,active,https://find-and-update.company-information.service.gov.uk/company/03110569,2026-09-16
03299793,GALLAHER GROUP LIMITED,1997-01-02,dissolved,https://find-and-update.company-information.service.gov.uk/company/03299793,2026-09-16
11444019,M&G PLC,2018-07-02,active,https://find-and-update.company-information.service.gov.uk/company/11444019,2026-09-16
SC270184,EDF ENERGY NUCLEAR GENERATION GROUP LIMITED,2004-07-02,active,https://find-and-update.company-information.service.gov.uk/company/SC270184,2026-09-16
SC544125,ARGYLL GROUP LTD,2016-08-30,active,https://find-and-update.company-information.service.gov.uk/company/SC544125,2026-09-16
02983774,CABLE AND WIRELESS (INDIA) LIMITED,1994-10-21,active,https://find-and-update.company-information.service.gov.uk/company/02983774,2026-09-16
00083718,FERRANTI INTERNATIONAL PLC,1905-02-27,dissolved,https://find-and-update.company-information.service.gov.uk/company/00083718,2026-09-16
12283210,TASTE AND LYLE LTD,2019-10-25,active,https://find-and-update.company-information.service.gov.uk/company/12283210,2026-09-16
06798969,THUS LIMITED,2009-01-22,active,https://find-and-update.company-information.service.gov.uk/company/06798969,2026-09-16
11466170,COMPASS LTD,2018-07-16,active,https://find-and-update.company-information.service.gov.uk/company/11466170,2026-09-16
04256886,MARKS AND SPENCER GROUP P.L.C.,2001-07-23,active,https://find-and-update.company-information.service.gov.uk/company/04256886,2026-09-16
07767799,BLUE SPARROW LTD,2011-09-08,active,https://find-and-update.company-information.service.gov.uk/company/07767799,2026-09-16
09909380,RMC GROUP LTD,2015-12-09,active,https://find-and-update.company-information.service.gov.uk/company/09909380,2026-09-16
11408139,HILLSON HOLDINGS LTD,2018-06-11,active,https://find-and-update.company-information.service.gov.uk/company/11408139,2026-09-16
12215835,GLAXOSMITHKLINE LIMITED,2019-09-19,active,https://find-and-update.company-information.service.gov.uk/company/12215835,2026-09-16
15049410,JAGUAR LIMITED,2023-08-04,active,https://find-and-update.company-information.service.gov.uk/company/15049410,2026-09-16
03591559,OM RESIDUAL UK LIMITED,1998-06-26,active,https://find-and-update.company-information.service.gov.uk/company/03591559,2026-09-16
00395826,BALFOUR BEATTY PLC,1945-05-31,active,https://find-and-update.company-information.service.gov.uk/company/00395826,2026-09-16
11353526,PSIONET LTD,2018-05-10,active,https://find-and-update.company-information.service.gov.uk/company/11353526,2026-09-16
SC082015,ABRDN HOLDINGS LIMITED,1983-03-02,active,https://find-and-update.company-information.service.gov.uk/company/SC082015,2026-09-16
03528619,NORTH WEST WATER LIMITED,1998-03-17,active,https://find-and-update.company-information.service.gov.uk/company/03528619,2026-09-16
03771147,ALLIED DOMECQ LIMITED,1999-05-11,active,https://find-and-update.company-information.service.gov.uk/company/03771147,2026-09-16
10686681,HOUSE OF FRASER LIMITED,2017-03-23,active,https://find-and-update.company-information.service.gov.uk/company/10686681,2026-09-16
SC157176,FIRSTGROUP PLC,1995-03-31,active,https://find-and-update.company-information.service.gov.uk/company/SC157176,2026-09-16
03847921,CURRYS RETAIL GROUP LIMITED,1999-09-24,active,https://find-and-update.company-information.service.gov.uk/company/03847921,2026-09-16
02234775,ICG PLC,1988-03-23,active,https://find-and-update.company-information.service.gov.uk/company/02234775,2026-09-16
00556729,BRITISH & COMMONWEALTH HOLDINGS PLC,1955-11-01,dissolved,https://find-and-update.company-information.service.gov.uk/company/00556729,2026-09-16
03611426,NEX INTERNATIONAL LIMITED,1998-08-03,active,https://find-and-update.company-information.service.gov.uk/company/03611426,2026-09-16
SC585480,SCOTIA HYDRO LIMITED,2018-01-12,active,https://find-and-update.company-information.service.gov.uk/company/SC585480,2026-09-16
13595866,SEDGWICK LTD,2021-09-01,active,https://find-and-update.company-information.service.gov.uk/company/13595866,2026-09-16
03175909,AUTONOMY CORPORATION LIMITED,1996-03-21,converted-closed,https://find-and-update.company-information.service.gov.uk/company/03175909,2026-09-16
00668987,VANQUIS BANKING GROUP PLC,1960-08-31,active,https://find-and-update.company-information.service.gov.uk/company/00668987,2026-09-16
09132358,KAZAKHMYS LIMITED,2014-07-15,active,https://find-and-update.company-information.service.gov.uk/company/09132358,2026-09-16
10274117,DALGETY LIMITED,2016-07-12,active,https://find-and-update.company-information.service.gov.uk/company/10274117,2026-09-16
16640835,SEMA GROUP LTD,2025-08-11,active,https://find-and-update.company-information.service.gov.uk/company/16640835,2026-09-16
SC095000,LLOYDS BANKING GROUP PLC,1985-10-21,active,https://find-and-update.company-information.service.gov.uk/company/SC095000,2026-09-16
00391027,SMITHS INDUSTRIES LIMITED,1944-11-09,active,https://find-and-update.company-information.service.gov.uk/company/00391027,2026-09-16
15213063,ECC GROUP LIMITED,2023-10-16,active,https://find-and-update.company-information.service.gov.uk/company/15213063,2026-09-16
04134697,BIP INDUSTRIES LIMITED,2001-01-03,active,https://find-and-update.company-information.service.gov.uk/company/04134697,2026-09-16
03752645,PUNCH TAVERNS LIMITED,1999-04-15,active,https://find-and-update.company-information.service.gov.uk/company/03752645,2026-09-16
03477402,REUTERS LIMITED,1997-12-02,active,https://find-and-update.company-information.service.gov.uk/company/03477402,2026-09-16
04412362,NEXT PLC,2002-04-09,active,https://find-and-update.company-information.service.gov.uk/company/04412362,2026-09-16
05202036,WH SMITH PLC,2004-08-10,active,https://find-and-update.company-information.service.gov.uk/company/05202036,2026-09-16
06208775,BURMAH OIL LTD.,2007-04-11,active,https://find-and-update.company-information.service.gov.uk/company/06208775,2026-09-16
06534088,CARPHONE WAREHOUSE EUROPE LIMITED,2008-03-13,active,https://find-and-update.company-information.service.gov.uk/company/06534088,2026-09-16
08811254,BRITISH GAS LIMITED,2013-12-11,active,https://find-and-update.company-information.service.gov.uk/company/08811254,2026-09-16
10517727,ENTERPRISE INNS LIMITED,2016-12-08,active,https://find-and-update.company-information.service.gov.uk/company/10517727,2026-09-16
16051356,PETROFAC (PELLC) LIMITED,2024-10-30,active,https://find-and-update.company-information.service.gov.uk/company/16051356,2026-09-16
SC246627,FERGUSON LIMITED,2003-03-27,active,https://find-and-update.company-information.service.gov.uk/company/SC246627,2026-09-16
00566221,LADBROKES CORAL GROUP LIMITED,1956-05-16,active,https://find-and-update.company-information.service.gov.uk/company/00566221,2026-09-16
09399778,BRITISH SKY BROADCASTING LIMITED,2015-01-21,active,https://find-and-update.company-information.service.gov.uk/company/09399778,2026-09-16
04763064,MELROSE PLC,2003-05-13,active,https://find-and-update.company-information.service.gov.uk/company/04763064,2026-09-16
10681760,LONDON ELECTRICITY LTD,2017-03-21,active,https://find-and-update.company-information.service.gov.uk/company/10681760,2026-09-16
04113107,FRIENDS LIFE FPL LIMITED,2000-11-23,dissolved,https://find-and-update.company-information.service.gov.uk/company/04113107,2026-09-16
01860181,IMPERIAL TOBACCO LIMITED,1984-11-01,active,https://find-and-update.company-information.service.gov.uk/company/01860181,2026-09-16
03690065,BG GROUP LIMITED,1998-12-30,active,https://find-and-update.company-information.service.gov.uk/company/03690065,2026-09-16
05134420,INTERCONTINENTAL HOTELS GROUP PLC,2004-05-21,active,https://find-and-update.company-information.service.gov.uk/company/05134420,2026-09-16
07034919,HABITAT CARE LIMITED,2009-09-30,active,https://find-and-update.company-information.service.gov.uk/company/07034919,2026-09-16
08169000,UNITED BISCUITS (UK) LIMITED,2012-08-06,active,https://find-and-update.company-information.service.gov.uk/company/08169000,2026-09-16
15698920,AMSTRAD LIMITED,2024-05-01,active,https://find-and-update.company-information.service.gov.uk/company/15698920,2026-09-16
16133984,ABERDEEN ASSET MANAGEMENT LIMITED,2024-12-13,dissolved,https://find-and-update.company-information.service.gov.uk/company/16133984,2026-09-16
16793203,COOKSON GROUP LIMITED,2025-10-17,active,https://find-and-update.company-information.service.gov.uk/company/16793203,2026-09-16
SC212093,STAGECOACH HOLDINGS LIMITED,2000-10-12,active,https://find-and-update.company-information.service.gov.uk/company/SC212093,2026-09-16
06489716,BETFAIR GROUP LIMITED,2008-01-31,active,https://find-and-update.company-information.service.gov.uk/company/06489716,2026-09-16
02953047,MAGNET & SOUTHERNS LIMITED,1994-07-27,active,https://find-and-update.company-information.service.gov.uk/company/02953047,2026-09-16
04452715,ALLIANCE BOOTS HOLDINGS LIMITED,2002-05-31,active,https://find-and-update.company-information.service.gov.uk/company/04452715,2026-09-16
05998739,HARRISONS AND CROSFIELD LTD,2006-11-15,active,https://find-and-update.company-information.service.gov.uk/company/05998739,2026-09-16
16351760,NORTHERN ROCK LIMITED,2025-03-29,active,https://find-and-update.company-information.service.gov.uk/company/16351760,2026-09-16
00229606,SHB REALISATIONS LIMITED,1928-04-12,liquidation,https://find-and-update.company-information.service.gov.uk/company/00229606,2026-09-16
00203848,THE PLESSEY COMPANY LIMITED,1925-02-14,dissolved,https://find-and-update.company-information.service.gov.uk/company/00203848,2026-09-16
SC016288,SCOTTISH & NEWCASTLE LIMITED,1931-01-14,active,https://find-and-update.company-information.service.gov.uk/company/SC016288,2026-09-16
05224547,SEMA LIMITED,2004-09-07,active,https://find-and-update.company-information.service.gov.uk/company/05224547,2026-09-16
02031674,SHIRE PHARMACEUTICALS LIMITED,1986-06-26,active,https://find-and-update.company-information.service.gov.uk/company/02031674,2026-09-16
09909999,CABLE & WIRELESS COMMUNICATIONS LIMITED,2015-12-09,active,https://find-and-update.company-information.service.gov.uk/company/09909999,2026-09-16
00865292,ALLIED DUNBAR ASSURANCE PLC,1965-11-30,active,https://find-and-update.company-information.service.gov.uk/company/00865292,2026-09-16
00066558,TARMAC CEMENT LIMITED,1900-07-10,active,https://find-and-update.company-information.service.gov.uk/company/00066558,2026-09-16
02468686,AVIVA PLC,1990-02-09,active,https://find-and-update.company-information.service.gov.uk/company/02468686,2026-09-16
03834125,DE LA RUE LIMITED,1999-08-31,active,https://find-and-update.company-information.service.gov.uk/company/03834125,2026-09-16
03909886,SCHRODERS PLC,2000-01-14,active,https://find-and-update.company-information.service.gov.uk/company/03909886,2026-09-16
07476767,ANGLIAN WATER (OSPREY) FINANCING PLC,2010-12-22,active,https://find-and-update.company-information.service.gov.uk/company/07476767,2026-09-16
08815102,YELL GROUP LIMITED,2013-12-13,active,https://find-and-update.company-information.service.gov.uk/company/08815102,2026-09-16
11299879,ARM HOLDINGS PLC,2018-04-09,active,https://find-and-update.company-information.service.gov.uk/company/11299879,2026-09-16
12657712,GENERAL ELECTRIC COMPANY LTD,2020-06-09,active,https://find-and-update.company-information.service.gov.uk/company/12657712,2026-09-16
14240638,ROYAL MAIL LIMITED,2022-07-18,active,https://find-and-update.company-information.service.gov.uk/company/14240638,2026-09-16
00306718,VISTRY GROUP PLC,1935-11-04,active,https://find-and-update.company-information.service.gov.uk/company/00306718,2026-09-16
04551498,MITCHELLS & BUTLERS PLC,2002-10-02,active,https://find-and-update.company-information.service.gov.uk/company/04551498,2026-09-16
03680472,SLPH LIMITED,1998-12-08,active,https://find-and-update.company-information.service.gov.uk/company/03680472,2026-09-16
00152298,UBMG HOLDINGS,1918-12-18,active,https://find-and-update.company-information.service.gov.uk/company/00152298,2026-09-16
01360027,FINASTRA GROUP HOLDINGS LIMITED,1978-03-29,active,https://find-and-update.company-information.service.gov.uk/company/01360027,2026-09-16
05557934,HIKMA PHARMACEUTICALS PUBLIC LIMITED COMPANY,2005-09-08,active,https://find-and-update.company-information.service.gov.uk/company/05557934,2026-09-16
13264637,DARKTRACE LIMITED,2021-03-12,active,https://find-and-update.company-information.service.gov.uk/company/13264637,2026-09-16
07105905,CURRYS PLC,2009-12-15,active,https://find-and-update.company-information.service.gov.uk/company/07105905,2026-09-16
03045251,ROTHMANS INTERNATIONAL LIMITED,1995-04-06,active,https://find-and-update.company-information.service.gov.uk/company/03045251,2026-09-16
03158105,THORN EMI LIMITED,1996-02-13,active,https://find-and-update.company-information.service.gov.uk/company/03158105,2026-09-16
04967001,ITV PLC,2003-11-18,active,https://find-and-update.company-information.service.gov.uk/company/04967001,2026-09-16
05186841,INTERNATIONAL POWER (IMPALA),2004-07-22,active,https://find-and-update.company-information.service.gov.uk/company/05186841,2026-09-16
13246881,SEGRO (GL) LIMITED,2021-03-05,active,https://find-and-update.company-information.service.gov.uk/company/13246881,2026-09-16
15712439,WOOLWICH LTD,2024-05-10,active,https://find-and-update.company-information.service.gov.uk/company/15712439,2026-09-16
15998687,BARRATT DEVELOPMENTS LIMITED,2024-10-04,active,https://find-and-update.company-information.service.gov.uk/company/15998687,2026-09-16
16570860,TRAFALGAR HOUSE LTD,2025-07-09,active,https://find-and-update.company-information.service.gov.uk/company/16570860,2026-09-16
SC639139,MARCONI LTD,2019-08-19,active,https://find-and-update.company-information.service.gov.uk/company/SC639139,2026-09-16
00051491,NESTLE UK LTD.,1897-03-03,active,https://find-and-update.company-information.service.gov.uk/company/00051491,2026-09-16
02854310,OLD COMPANY 20 LIMITED,1993-09-17,dissolved,https://find-and-update.company-information.service.gov.uk/company/02854310,2026-09-16
00014504,EREVED GROUP HOLDINGS LIMITED,1880-10-04,dissolved,https://find-and-update.company-information.service.gov.uk/company/00014504,2026-09-16
02366928,NATIONAL GRID ELECTRICITY DISTRIBUTION MIDLANDS LIMITED,1989-04-01,active,https://find-and-update.company-information.service.gov.uk/company/02366928,2026-09-16
SC234781,HARBOUR ENERGY PLC,2002-07-31,active,https://find-and-update.company-information.service.gov.uk/company/SC234781,2026-09-16
02366640,PENNON GROUP PLC,1989-04-01,active,https://find-and-update.company-information.service.gov.uk/company/02366640,2026-09-16
04191122,CANARY WHARF GROUP PLC,2001-03-30,active,https://find-and-update.company-information.service.gov.uk/company/04191122,2026-09-16
09876996,BOWATER LIMITED,2015-11-18,active,https://find-and-update.company-information.service.gov.uk/company/09876996,2026-09-16
SC327000,BANK OF SCOTLAND PLC,2007-09-17,active,https://find-and-update.company-information.service.gov.uk/company/SC327000,2026-09-16
02517178,WBA HOLDINGS 1 LIMITED,1990-07-02,active,https://find-and-update.company-information.service.gov.uk/company/02517178,2026-09-16
05432915,FERREXPO PLC,2005-04-22,active,https://find-and-update.company-information.service.gov.uk/company/05432915,2026-09-16
00057410,INVENSYS INTERNATIONAL HOLDINGS LIMITED,1898-05-18,active,https://find-and-update.company-information.service.gov.uk/company/00057410,2026-09-16
17136683,SMITH INDUSTRIES LIMITED,2026-04-04,active,https://find-and-update.company-information.service.gov.uk/company/17136683,2026-09-16
09220362,RACAL ELECTRONICS LTD,2014-09-16,active,https://find-and-update.company-information.service.gov.uk/company/09220362,2026-09-16
11785532,NATWESS LIMITED,2019-01-24,active,https://find-and-update.company-information.service.gov.uk/company/11785532,2026-09-16
12664251,TOMKINS LTD,2020-06-11,dissolved,https://find-and-update.company-information.service.gov.uk/company/12664251,2026-09-16
00103002,SIBANYE UK LIMITED,1909-05-13,active,https://find-and-update.company-information.service.gov.uk/company/00103002,2026-09-16
12818602,NATIONAL POWER LIMITED,2020-08-17,active,https://find-and-update.company-information.service.gov.uk/company/12818602,2026-09-16
15436803,SPIRAX-SARCO ENGINEERING LIMITED,2024-01-23,active,https://find-and-update.company-information.service.gov.uk/company/15436803,2026-09-16
02921462,MAN STRATEGIC HOLDINGS LIMITED,1994-04-22,active,https://find-and-update.company-information.service.gov.uk/company/02921462,2026-09-16
10215539,FREESERVE LIMITED,2016-06-06,active,https://find-and-update.company-information.service.gov.uk/company/10215539,2026-09-16
01397926,GEORGE WIMPEY LIMITED,1978-11-03,active,https://find-and-update.company-information.service.gov.uk/company/01397926,2026-09-16
02075721,LONDON STOCK EXCHANGE PLC,1986-11-19,active,https://find-and-update.company-information.service.gov.uk/company/02075721,2026-09-16
04366849,SHELL PLC,2002-02-05,active,https://find-and-update.company-information.service.gov.uk/company/04366849,2026-09-16
06716899,RENSHAW LIMITED,2008-10-07,active,https://find-and-update.company-information.service.gov.uk/company/06716899,2026-09-16
06559020,UNITED UTILITIES GROUP PLC,2008-04-08,active,https://find-and-update.company-information.service.gov.uk/company/06559020,2026-09-16
12303256,2026 TRANSFEROR COMPANY LIMITED,2019-11-07,active,https://find-and-update.company-information.service.gov.uk/company/12303256,2026-09-16
12670975,ORANGE LTD,2020-06-15,active,https://find-and-update.company-information.service.gov.uk/company/12670975,2026-09-16
14236527,LIBERTY INTERNATIONAL LTD,2022-07-15,active,https://find-and-update.company-information.service.gov.uk/company/14236527,2026-09-16
FC029884,"INTERNATIONAL CONSOLIDATED AIRLINES GROUP, S.A.",2010-11-01,active,https://find-and-update.company-information.service.gov.uk/company/FC029884,2026-09-16
FC037925,ENTAIN LIMITED,2020-02-25,active,https://find-and-update.company-information.service.gov.uk/company/FC037925,2026-09-16
03182775,CARMELITE PROPERTY MANAGEMENT LIMITED,1996-03-29,dissolved,https://find-and-update.company-information.service.gov.uk/company/03182775,2026-09-16
SC005098,CASTROL GROUP HOLDINGS LIMITED,1902-05-15,active,https://find-and-update.company-information.service.gov.uk/company/SC005098,2026-09-16
17225057,RAILTRAD LTD,2026-05-17,active,https://find-and-update.company-information.service.gov.uk/company/17225057,2026-09-16
00049855,RENTOKIL INITIAL (1896) LIMITED,1896-10-26,active,https://find-and-update.company-information.service.gov.uk/company/00049855,2026-09-16
03232904,COLT TECHNOLOGY SERVICES GROUP LIMITED,1996-08-02,active,https://find-and-update.company-information.service.gov.uk/company/03232904,2026-09-16
00146575,EXPERIAN FINANCE PLC,1917-03-17,active,https://find-and-update.company-information.service.gov.uk/company/00146575,2026-09-16
03613919,THE ENERGY GROUP LIMITED,1998-08-12,active,https://find-and-update.company-information.service.gov.uk/company/03613919,2026-09-16
04191106,GKN LIMITED,2001-03-30,active,https://find-and-update.company-information.service.gov.uk/company/04191106,2026-09-16
09800044,MELROSE INDUSTRIES PLC,2015-09-29,active,https://find-and-update.company-information.service.gov.uk/company/09800044,2026-09-16
11775757,SPORTS DIRECT INTERNATIONAL LIMITED,2019-01-18,active,https://find-and-update.company-information.service.gov.uk/company/11775757,2026-09-16
12966997,CARADON LTD,2020-10-22,active,https://find-and-update.company-information.service.gov.uk/company/12966997,2026-09-16
16237399,BICCE LTD,2025-02-07,active,https://find-and-update.company-information.service.gov.uk/company/16237399,2026-09-16
00237511,AGL REALISATIONS LIMITED,1929-02-27,liquidation,https://find-and-update.company-information.service.gov.uk/company/00237511,2026-09-16
03892782,RWE GENERATION UK PLC,1999-12-13,active,https://find-and-update.company-information.service.gov.uk/company/03892782,2026-09-16
07123187,BARRICK TZ LIMITED,2010-01-12,active,https://find-and-update.company-information.service.gov.uk/company/07123187,2026-09-16
00488067,HANSON BUILDING MATERIALS LIMITED,1950-11-08,active,https://find-and-update.company-information.service.gov.uk/company/00488067,2026-09-16
SC100764,STAGECOACH GROUP LIMITED,1986-09-04,active,https://find-and-update.company-information.service.gov.uk/company/SC100764,2026-09-16
14591224,DOWLAIS GROUP LIMITED,2023-01-13,active,https://find-and-update.company-information.service.gov.uk/company/14591224,2026-09-16
03586615,POWERGEN LIMITED,1998-06-19,active,https://find-and-update.company-information.service.gov.uk/company/03586615,2026-09-16
04369054,LAND SECURITIES GROUP PLC,2002-02-07,active,https://find-and-update.company-information.service.gov.uk/company/04369054,2026-09-16
05514581,MEPC LIMITED,2005-07-20,active,https://find-and-update.company-information.service.gov.uk/company/05514581,2026-09-16
06270876,RECKITT BENCKISER GROUP PLC,2007-06-06,active,https://find-and-update.company-information.service.gov.uk/company/06270876,2026-09-16
11606773,STANDARD LIFE PLC,2018-10-05,active,https://find-and-update.company-information.service.gov.uk/company/11606773,2026-09-16
12620781,DIXONS GROUP LTD,2020-05-26,active,https://find-and-update.company-information.service.gov.uk/company/12620781,2026-09-16
16271657,NFC LIMITED,2025-02-24,active,https://find-and-update.company-information.service.gov.uk/company/16271657,2026-09-16
SC119505,GENERAL ACCIDENT LIMITED,1989-08-15,liquidation,https://find-and-update.company-information.service.gov.uk/company/SC119505,2026-09-16
SC787001,CAIRNS ENERGY LTD,2023-10-25,active,https://find-and-update.company-information.service.gov.uk/company/SC787001,2026-09-16
01002610,GE HEALTHCARE LIMITED,1971-02-16,active,https://find-and-update.company-information.service.gov.uk/company/01002610,2026-09-16
03528416,ABI SAB GROUP HOLDING LIMITED,1998-03-17,active,https://find-and-update.company-information.service.gov.uk/company/03528416,2026-09-16
12181667,POLLY PECK LIMITED,2019-08-30,active,https://find-and-update.company-information.service.gov.uk/company/12181667,2026-09-16
01455051,ROTHSCHILD LIMITED,1979-10-18,active,https://find-and-update.company-information.service.gov.uk/company/01455051,2026-09-16
03583610,EUROTUNE LIMITED,1998-06-18,active,https://find-and-update.company-information.service.gov.uk/company/03583610,2026-09-16
04031152,NATIONAL GRID PLC,2000-07-11,active,https://find-and-update.company-information.service.gov.uk/company/04031152,2026-09-16
05757208,HEATHROW AIRPORT HOLDINGS LIMITED,2006-03-27,active,https://find-and-update.company-information.service.gov.uk/company/05757208,2026-09-16
06732228,WOOLWORTHS LIMITED,2008-10-24,active,https://find-and-update.company-information.service.gov.uk/company/06732228,2026-09-16
08577185,SLOUGH ESTATES LIMITED,2013-06-20,active,https://find-and-update.company-information.service.gov.uk/company/08577185,2026-09-16
09406669,AMERSHAM LTD,2015-01-26,active,https://find-and-update.company-information.service.gov.uk/company/09406669,2026-09-16
09496208,AMEC LIMITED,2015-03-18,active,https://find-and-update.company-information.service.gov.uk/company/09496208,2026-09-16
14696069,EMAP LIMITED,2023-02-28,dissolved,https://find-and-update.company-information.service.gov.uk/company/14696069,2026-09-16
SC193794,SCOTTISH POWER LIMITED,1999-02-19,active,https://find-and-update.company-information.service.gov.uk/company/SC193794,2026-09-16
