symbol,cik,fiscal_year,value,source_url
AAL,0000006201,2014,113300,
AMD,0000002488,2009,10400,
AMD,0000002488,2010,11100,
AMD,0000002488,2011,11100,
UAL,0000100517,2011,87000,
AMD,0000002488,2012,10340,
CBRE,0001138118,2012,37000,
EQT,0000033213,2012,1873,
CBRE,0001138118,2013,44000,
ABBV,0001551152,2014,26000,
EME,0000105634,2011,25000,
AAL,0000006201,2015,118500,
ABBV,0001551152,2015,28000,
TROW,0001113169,2009,4802,
IBKR,0001381197,2017,1228,
IBKR,0001381197,2014,960,
IBKR,0001381197,2015,1087,
IBKR,0001381197,2016,1204,
RIG,0001451505,2015,9100,
ABBV,0001551152,2016,30000,
LHX,0000202058,2026,45000,
RIG,0001451505,2016,5400,
ABBV,0001551152,2017,29000,
AMD,0000002488,2017,8900,
AAL,0000006201,2018,128900,
ABBV,0001551152,2018,30000,
AMD,0000002488,2018,10100,
HII,0001501585,2018,40000,
AAL,0000006201,2019,133700,
ABBV,0001551152,2019,30000,
AMD,0000002488,2019,11400,
DOW,0001751788,2019,36500,
HII,0001501585,2019,42000,
LW,0001679273,2019,7600,
ABBV,0001551152,2020,47000,
AMD,0000002488,2020,12600,
DOW,0001751788,2020,35700,
HII,0001501585,2020,42000,
LW,0001679273,2020,7700,
ABBV,0001551152,2021,50000,
AMD,0000002488,2021,15500,
DOW,0001751788,2021,35700,
FTV,0001659166,2021,18000,
HII,0001501585,2021,44000,
LW,0001679273,2021,7800,
ABBV,0001551152,2022,50000,
AMD,0000002488,2022,25000,
FTV,0001659166,2022,18000,
HII,0001501585,2022,43000,
LW,0001679273,2022,8000,
STE,0001757898,2022,3700,
ABBV,0001551152,2023,50000,
DXC,0001688568,2023,130000,
HII,0001501585,2023,44000,
LDOS,0001336920,2023,47000,
LW,0001679273,2023,10200,
ABBV,0001551152,2024,55000,
HII,0001501585,2024,44000,
LW,0001679273,2024,10700,
ABBV,0001551152,2025,57000,
HII,0001501585,2025,44000,
LDOS,0001336920,2025,48000,
LW,0001679273,2025,10100,
LDOS,0001336920,2026,47000,
ADBE,0000796343,2007,6959,
IQV,0001478242,2017,55000,
IQV,0001478242,2018,58000,
IQV,0001478242,2019,67000,
IQV,0001478242,2020,70000,
IQV,0001478242,2021,79000,
IQV,0001478242,2022,86000,
IQV,0001478242,2023,87000,
IQV,0001478242,2024,88000,
IQV,0001478242,2025,93000,
PKG,0000075677,2011,8300,
PKG,0000075677,2013,13600,
AAL,0000006201,2016,122300,
AAL,0000006201,2017,126600,
AAPL,0000320193,2008,32000,
ATI,0001018963,2014,9700,
URI,0001067701,2007,10900,
WTW,0001140536,2019,45000,
CSX,0000277948,2017,24000,
CSX,0000277948,2018,22500,
ABBV,0001551152,2013,25000,
ABBV,0001551152,2012,21500,
CAG,0000023217,2012,26100,
IBKR,0001381197,2018,1413,
IBKR,0001381197,2019,1643,
IBKR,0001381197,2020,2033,
IBKR,0001381197,2021,2571,
IBKR,0001381197,2022,2820,
IBKR,0001381197,2023,2932,
IBKR,0001381197,2024,2998,
AMD,0000002488,2008,14700,
DAL,0000027904,2011,78400,
HSY,0000047111,2017,15360,
HSY,0000047111,2018,14930,
HSY,0000047111,2019,14520,
HSY,0000047111,2020,15200,
HSY,0000047111,2021,16620,
HSY,0000047111,2022,18075,
HSY,0000047111,2023,18650,
HSY,0000047111,2024,18540,
HSY,0000047111,2025,17550,
AMD,0000002488,2025,31000,
AAPL,0000320193,2023,161000,
AAPL,0000320193,2025,166000,
ADBE,0000796343,2009,8660,
ADBE,0000796343,2025,31360,
AMD,0000002488,2013,10671,
AMD,0000002488,2014,9700,
AMD,0000002488,2015,9100,
AMD,0000002488,2016,8200,
AMD,0000002488,2023,26000,
AMD,0000002488,2024,28000,
AAPL,0000320193,2016,116000,
BCO,0000078890,2010,125,
LHX,0000202058,2017,17000,
LHX,0000202058,2018,17500,
LHX,0000202058,2019,18200,
LHX,0000202058,2020,50000,
AAPL,0000320193,2007,21600,
T,0000732717,2016,281000,
T,0000732717,2019,268000,
IT,0000749251,2012,40,
ADBE,0000796343,2008,7335,
ADBE,0000796343,2010,9117,
ADBE,0000796343,2011,9925,
ADBE,0000796343,2012,11144,
ADBE,0000796343,2013,11847,
ADBE,0000796343,2014,12499,
ADBE,0000796343,2015,13893,
ADBE,0000796343,2016,15706,
ADBE,0000796343,2017,17973,
ADBE,0000796343,2018,21357,
ADBE,0000796343,2019,22634,
ADBE,0000796343,2020,22516,
ADBE,0000796343,2021,25988,
ADBE,0000796343,2022,29239,
ADBE,0000796343,2023,29945,
ADBE,0000796343,2024,30709,
MAC,0000912242,2009,2845,
LH,0000920148,2023,67000,
LH,0000920148,2024,70000,
ATI,0001018963,2015,9200,
ATI,0001018963,2016,8500,
ATI,0001018963,2017,8600,
ATI,0001018963,2018,8800,
ATI,0001018963,2019,8100,
ATI,0001018963,2020,6500,
ATI,0001018963,2021,6300,
ATI,0001018963,2022,6700,
ATI,0001018963,2023,7300,
ATI,0001018963,2024,7700,
ATI,0001018963,2025,7600,
URI,0001067701,2011,7500,
WTW,0001140536,2020,46000,
WTW,0001140536,2021,44000,
WTW,0001140536,2022,46000,
WTW,0001140536,2023,48000,
WTW,0001140536,2024,49000,
WTW,0001140536,2025,47000,
CSX,0000277948,2016,27000,
CSX,0000277948,2019,21000,
CSX,0000277948,2020,19300,
CSX,0000277948,2021,20900,
CSX,0000277948,2022,22500,
AAPL,0000320193,2009,34300,
AAPL,0000320193,2010,46600,
AAPL,0000320193,2011,60400,
AAPL,0000320193,2012,72800,
AAPL,0000320193,2013,80300,
AAPL,0000320193,2014,92600,
AAPL,0000320193,2015,110000,
T,0000732717,2012,256000,
T,0000732717,2013,242000,
T,0000732717,2015,253000,
HOG,0000793952,2023,6400,
LH,0000920148,2021,75500,
LH,0000920148,2022,80000,
ENS,0001289308,2012,9200,
LHX,0000202058,2021,47000,
LHX,0000202058,2022,46000,
LHX,0000202058,2023,50000,
LHX,0000202058,2025,47000,
CSX,0000277948,2023,23000,
CSX,0000277948,2024,23500,
CSX,0000277948,2025,23000,
AAPL,0000320193,2017,123000,
AAPL,0000320193,2018,132000,
AAPL,0000320193,2019,137000,
AAPL,0000320193,2020,147000,
AAPL,0000320193,2021,154000,
AAPL,0000320193,2022,164000,
AAPL,0000320193,2024,164000,
AJG,0000354190,2010,706000,
CLF,0000764065,2020,25000,
FDS,0001013237,2010,25,
FDS,0001013237,2011,5251,
FDS,0001013237,2012,49,
FDS,0001013237,2013,6258,
RIG,0001451505,2017,4900,
RIG,0001451505,2018,6700,
RIG,0001451505,2019,6600,
RIG,0001451505,2020,5350,
RIG,0001451505,2021,5530,
RIG,0001451505,2022,5340,
RIG,0001451505,2023,5800,
RIG,0001451505,2024,5800,
RIG,0001451505,2025,5600,
IQV,0001478242,2013,28200,
IQV,0001478242,2014,32600,
IQV,0001478242,2015,36100,
IQV,0001478242,2016,50000,
HII,0001501585,2015,36000,
HII,0001501585,2016,37000,
HII,0001501585,2017,38000,
ETN,0001551182,2012,103000,
ETN,0001551182,2013,102000,
ETN,0001551182,2014,102000,
ETN,0001551182,2015,97000,
ETN,0001551182,2016,95000,
ETN,0001551182,2017,96000,
ETN,0001551182,2018,99000,
ETN,0001551182,2019,101000,
CZR,0001590895,2016,12500,
CZR,0001590895,2018,18700,
CZR,0001590895,2019,15500,
LW,0001679273,2017,6500,
LW,0001679273,2018,7200,
DXC,0001688568,2024,130000,
DXC,0001688568,2026,115000,
BKR,0001701605,2017,64000,
AMCR,0001748790,2019,50000,
VTRS,0001792044,2025,30000,
