symbol,company_name,cik,sector,sub_industry,hq,founded,sp_entry_date,sp_exit_date
A,Agilent Technologies,0001090872,Health Care,Life Sciences Tools & Services,"Santa Clara, California",1999,2000-06-05,
AABA,,0001011006,Financials,,,,1999-12-08,2017-06-19
AAL,American Airlines Group Inc.,0000006201,Industrials,,,,1996-01-02,2024-09-23
AAMRQ,American Airlines Group Inc.,0000006201,Industrials,,,,1996-01-02,2024-09-23
AAP,ADVANCE AUTO PARTS INC,0001158449,Consumer Discretionary,,,,2015-07-09,2023-08-25
AAPL,Apple Inc.,0000320193,Information Technology,"Technology Hardware, Storage & Peripherals","Cupertino, California",1977,1996-01-02,
ABBV,AbbVie,0001551152,Health Care,Biotechnology,"North Chicago, Illinois",2013 (1888),2013-01-02,
ABC,Cencora,0001140859,Health Care,Health Care Distributors,"Conshohocken, Pennsylvania",1985,2001-08-30,2023-08-30
ABI,,0000077551,Health Care,,,,1996-01-02,2008-11-24
ABKFQ,,0000874501,Financials,,,,2000-12-11,2008-06-11
ABMD,,0000815094,Health Care,,,,2018-05-31,2022-12-22
ABNB,Airbnb,0001559720,Consumer Discretionary,"Hotels, Resorts & Cruise Lines","San Francisco, California",2008,2023-09-18,
ABS,,0000003333,Consumer Staples,,,,1996-01-02,2006-06-02
ABT,Abbott Laboratories,0000001800,Health Care,Health Care Equipment,"North Chicago, Illinois",1888,1996-01-02,
ABX,"Abacus Global Management, Inc.",0001814287,Financials,,,,1996-01-02,2002-07-22
ACAS,,0000817473,,,,,2007-07-09,2009-03-04
ACGL,Arch Capital Group,0000947484,Financials,Property & Casualty Insurance,"Hamilton, Bermuda",1995,2022-11-01,
ACKH,,0000007431,Materials,,,,1996-01-02,2000-11-17
ACN,Accenture,0001467373,Information Technology,IT Consulting & Other Services,"Dublin, Ireland",1989,2011-07-06,
ACS,,0000002135,Information Technology,,,,2004-04-02,2010-02-08
ADBE,Adobe Inc.,0000796343,Information Technology,Application Software,"San Jose, California",1982,1997-05-06,
ADCT,ADC Therapeutics SA,0001771910,Health Care,,,,1999-08-02,2007-07-02
ADI,Analog Devices,0000006281,Information Technology,Semiconductors,"Wilmington, Massachusetts",1965,1999-10-12,
ADM,Archer Daniels Midland,0000007084,Consumer Staples,Agricultural Products & Services,"Chicago, Illinois",1902,1996-01-02,
ADP,Automatic Data Processing,0000008670,Industrials,Human Resource & Employment Services,"Roseland, New Jersey",1949,1996-01-02,
ADS,,0001101215,Financials,,,,2013-12-23,2020-06-22
ADSK,Autodesk,0000769397,Information Technology,Application Software,"San Francisco, California",1982,1996-01-02,
ADT,ADT Inc.,0001703056,Industrials,,,,2012-10-02,2016-05-02
AEE,Ameren,0001002910,Utilities,Multi-Utilities,"St. Louis, Missouri",1902,1996-01-02,
AEP,American Electric Power,0000004904,Utilities,Electric Utilities,"Columbus, Ohio",1906,1996-01-02,
AES,AES Corporation,0000874761,Utilities,Independent Power Producers & Energy Traders,"Arlington, Virginia",1981,1998-10-02,
AET,,0001122304,Health Care,,,,1996-01-02,2018-11-29
AFL,Aflac,0000004977,Financials,Life & Health Insurance,"Columbus, Georgia",1955,1999-05-28,
AGN,,0000850693,Health Care,,,,1996-01-02,2020-05-12
AIG,American International Group,0000005272,Financials,Multi-line Insurance,"New York City, New York",1919,1996-01-02,
AIT,APPLIED INDUSTRIAL TECHNOLOGIES INC,0000109563,Industrials,,,,1996-01-02,1999-10-11
AIV,APARTMENT INVESTMENT & MANAGEMENT CO,0000922864,Real Estate,,,,2003-03-14,2020-12-21
AIZ,Assurant,0001267238,Financials,Multi-line Insurance,"Atlanta, Georgia",1892,2007-04-10,
AJG,Arthur J. Gallagher & Co.,0000354190,Financials,Insurance Brokers,"Rolling Meadows, Illinois",1927,2016-05-31,
AKAM,Akamai Technologies,0001086222,Information Technology,Internet Services & Infrastructure,"Cambridge, Massachusetts",1998,2007-07-12,
AKS,,0000918160,Materials,,,,2008-07-01,2011-12-19
AL,,0000004285,Materials,,,,1996-01-02,2002-07-22
ALB,Albemarle Corporation,0000915913,Materials,Specialty Chemicals,"Charlotte, North Carolina",1994,2016-07-01,
ALGN,Align Technology,0001097149,Health Care,Health Care Supplies,"Tempe, Arizona",1997,2017-06-19,
ALK,"ALASKA AIR GROUP, INC.",0000766421,Industrials,,,,2016-05-13,2023-10-18
ALL,Allstate,0000899051,Financials,Property & Casualty Insurance,"Northbrook, Illinois",1931,1996-01-02,
ALLE,Allegion,0001579241,Industrials,Building Products,"Dublin, Ireland",1908,2013-12-02,
ALTR,,0000768251,Information Technology,,,,2000-04-18,2015-12-28
ALXN,,0000899866,Health Care,,,,2012-05-25,2021-07-21
AM,Antero Midstream Corp,0001623925,Energy,,,,1996-01-02,2004-05-03
AMAT,Applied Materials,0000006951,Information Technology,Semiconductor Materials & Equipment,"Santa Clara, California",1967,1996-01-02,
AMCC,,0000711065,Information Technology,,,,2001-01-02,2006-05-18
AMCR,Amcor,0001748790,Materials,Paper & Plastic Packaging Products & Materials,"Warmley, Bristol, United Kingdom",2019 (1860),2019-06-07,
AMD,Advanced Micro Devices,0000002488,Information Technology,Semiconductors,"Santa Clara, California",1969,1996-01-02,2013-09-23
AME,Ametek,0001037868,Industrials,Electrical Components & Equipment,"Berwyn, Pennsylvania",1930,2013-09-23,
AMG,"AFFILIATED MANAGERS GROUP, INC.",0001004434,Financials,,,,2014-07-01,2019-12-23
AMGN,Amgen,0000318154,Health Care,Biotechnology,"Thousand Oaks, California",1980,1996-01-02,
AMH,American Homes 4 Rent,0001562401,Real Estate,,,,1996-01-02,1997-09-15
AMP,Ameriprise Financial,0000820027,Financials,Asset Management & Custody Banks,"Minneapolis, Minnesota",1894,1996-01-02,1999-04-05
AMT,American Tower,0001053507,Real Estate,Telecom Tower REITs,"Boston, Massachusetts",1995,2007-11-19,
AMTM,"Amentum Holdings, Inc.",0002011286,Industrials,,,,2024-09-30,2024-12-23
AMZN,Amazon,0001018724,Consumer Discretionary,Broadline Retail,"Seattle, Washington",1994,2005-11-21,
AN,"AUTONATION, INC.",0000350698,Consumer Discretionary,,,,1996-01-02,2017-08-08
ANDV,,0000050104,Energy,,,,2007-09-27,2018-10-01
ANDW,,0000317093,Materials,,,,1996-01-02,2006-10-02
ANET,Arista Networks,0001596532,Information Technology,Communications Equipment,"Santa Clara, California",2004,2018-08-28,
ANF,ABERCROMBIE & FITCH CO /DE/,0001018840,Consumer Discretionary,,,,2007-03-29,2013-12-23
ANRZQ,,0001301063,Energy,,,,2011-06-02,2012-10-02
ANSS,,0001013462,Information Technology,,,,2017-06-19,2025-07-18
ANTM,Elevance Health,0001156039,Health Care,Managed Health Care,"Indianapolis, Indiana",2014 (1946),2002-07-25,2022-06-28
AON,Aon plc,0000315293,Financials,Insurance Brokers,"London, United Kingdom",1982 (1919),1996-04-23,
AOS,A. O. Smith,0000091142,Industrials,Building Products,"Milwaukee, Wisconsin",1916,2017-07-26,
APA,APA Corporation,0001841666,Energy,Oil & Gas Exploration & Production,"Houston, Texas",1954,1997-07-28,
APC,ARKO Petroleum Corp.,0000773910,Energy,,,,1997-07-28,2019-08-09
APCC,,0000835910,Industrials,,,,2000-06-01,2007-02-15
APD,Air Products,0000002969,Materials,Industrial Gases,"Upper Macungie Township, Pennsylvania",1940,1996-01-02,
APH,Amphenol,0000820313,Information Technology,Electronic Components,"Wallingford, Connecticut",1932,2008-09-30,
APO,Apollo Global Management,0001858681,Financials,Asset Management & Custody Banks,"New York City, New York",1990,2024-12-23,
APOL,,0000929887,Consumer Discretionary,,,,2002-05-15,2013-07-01
APP,AppLovin,0001751008,Information Technology,Application Software,"Palo Alto, California",2012,2025-09-22,
APTV,Aptiv,0001521332,Consumer Discretionary,Automotive Parts & Equipment,"Schaffhausen, Switzerland",1994,2012-12-24,
AR,ANTERO RESOURCES Corp,0001433270,Energy,,,,1996-01-02,1999-10-27
ARE,Alexandria Real Estate Equities,0001035443,Real Estate,Office REITs,"Pasadena, California",1994,2017-03-20,
ARES,Ares Management,0001176948,Financials,Asset Management & Custody Banks,"Los Angeles, California",1977,2025-12-11,
ARG,,0000804212,Industrials,,,,2009-09-09,2016-05-23
ARNC,Howmet Aerospace,0000004281,Industrials,Aerospace & Defense,"Pittsburgh, Pennsylvania",1888,1996-01-02,2020-04-06
ASH,ASHLAND INC.,0001674862,Industrials,,,,1996-01-02,2008-11-14
ASN,,0001156826,Real Estate,,,,2004-12-20,2007-10-08
ASO,"Academy Sports & Outdoors, Inc.",0001817358,Consumer Discretionary,,,,1999-03-10,2006-11-06
AT,,0000065873,Communication Services,,,,1996-01-02,2007-11-19
ATGE,,0000730464,Consumer Discretionary,,,,2009-06-09,2012-10-01
ATI,ATI INC,0001018963,Materials,,,,1996-01-02,2015-07-02
ATO,Atmos Energy,0000731802,Utilities,Gas Utilities,"Dallas, Texas",1906,2019-02-15,
ATVI,,0000718877,Information Technology,,,,2015-08-31,2023-10-18
AV,,0001116521,Information Technology,,,,2000-10-02,2007-10-26
AVB,AvalonBay Communities,0000915912,Real Estate,Multi-Family Residential REITs,"Arlington, Virginia",1978,2007-01-10,
AVGO,Broadcom,0001730168,Information Technology,Semiconductors,"Palo Alto, California",1961,2014-05-08,
AVP,,0000008868,Consumer Staples,,,,1996-01-02,2015-03-23
AVY,Avery Dennison,0000008818,Materials,Paper & Plastic Packaging Products & Materials,"Mentor, Ohio",1935,1996-01-02,
AW,,0000848865,Industrials,,,,1999-08-02,2008-12-05
AWE,,0001138234,Communication Services,,,,2001-07-09,2004-10-27
AWK,American Water Works,0001410636,Utilities,Water Utilities,"Camden, New Jersey",1886,2016-03-04,
AXON,Axon Enterprise,0001069183,Industrials,Aerospace & Defense,"Scottsdale, Arizona",1993,2023-05-04,
AXP,American Express,0000004962,Financials,Consumer Finance,"New York City, New York",1850,1996-01-02,
AYE,,0000003673,Utilities,,,,2000-12-11,2011-02-28
AYI,ACUITY INC. (DE),0001144215,Information Technology,,,,2016-05-03,2018-06-18
AZA.A,,0000004310,Health Care,,,,1996-01-02,2001-06-25
AZO,AutoZone,0000866787,Consumer Discretionary,Automotive Retail,"Memphis, Tennessee",1979,1997-01-02,
BA,Boeing,0000012927,Industrials,Aerospace & Defense,"Arlington, Virginia",1916,1996-01-02,
BAC,Bank of America,0000070858,Financials,Diversified Banks,"Charlotte, North Carolina",1998 (1923 / 1874),1996-01-02,
BALL,Ball Corporation,0000009389,Materials,"Metal, Glass & Plastic Containers","Broomfield, Colorado",1880,1996-01-02,2022-05-10
BAX,Baxter International,0000010456,Health Care,Health Care Equipment,"Deerfield, Illinois",1931,1996-01-02,
BBBY,"BED BATH & BEYOND, INC.",0001130713,Consumer Discretionary,,,,1999-10-01,2017-07-26
BBT,Beacon Financial Corp,0001108134,Financials,,,,1997-12-04,2019-12-09
BBWI,"Bath & Body Works, Inc.",0000701985,Consumer Discretionary,,,,2021-08-03,2024-10-01
BBY,Best Buy,0000764478,Consumer Discretionary,Computer & Electronics Retail,"Richfield, Minnesota",1966,1999-06-30,
BC,BRUNSWICK CORP,0000014930,Industrials,,,,1996-01-02,2008-06-23
BCO,BRINKS CO,0000078890,Industrials,,,,1996-01-02,1996-01-22
BCR,,0000009892,Health Care,,,,1996-01-02,2017-12-29
BDK,,0000012355,Industrials,,,,1996-01-02,2010-03-15
BDX,Becton Dickinson,0000010795,Health Care,Health Care Equipment,"Franklin Lakes, New Jersey",1897,1996-01-02,
BEAM,Beam Therapeutics Inc.,0001745999,Health Care,,,,1996-01-02,2014-05-01
BEN,Franklin Resources,0000038777,Financials,Asset Management & Custody Banks,"San Mateo, California",1947,1998-04-29,
BF.B,Brown–Forman,0000014693,Consumer Staples,Distillers & Vintners,"Louisville, Kentucky",1870,1996-01-02,
BG,Bunge Global,0001996862,Consumer Staples,Agricultural Products & Services,"Chesterfield, Missouri",1818,2023-03-15,
BGEN,,0000714655,Health Care,,,,2000-01-31,2003-11-13
BGG,,0000014195,Industrials,,,,1996-01-02,2001-04-03
BHF,"Brighthouse Financial, Inc.",0001685040,Financials,,,,2017-08-07,2019-04-02
BHGE,,0000808362,Industrials,,,,1996-01-02,2019-10-18
BIG,,0000768835,Consumer Staples,,,,1998-01-20,2013-02-14
BIIB,Biogen,0000875045,Health Care,Biotechnology,"Cambridge, Massachusetts",1978,2003-11-13,
BIO,"BIO-RAD LABORATORIES, INC.",0000012208,Health Care,,,,2020-06-22,2024-09-23
BJS,,0000864328,Energy,,,,2002-05-15,2010-04-29
BK,,0000009626,Financials,,,,1996-01-02,2026-05-21
BKNG,Booking Holdings,0001075531,Consumer Discretionary,"Hotels, Resorts & Cruise Lines","Norwalk, Connecticut",1996,2009-11-06,
BKR,Baker Hughes,0001701605,Energy,Oil & Gas Equipment & Services,"Houston, Texas",2017,2019-10-18,
BLDR,Builders FirstSource,0001316835,Industrials,Building Products,"Irving, Texas",1998,2023-10-18,
BLK,BlackRock,0002012383,Financials,Asset Management & Custody Banks,"New York City, New York",1988,2011-04-04,
BLL,Ball Corporation,0000009389,Materials,"Metal, Glass & Plastic Containers","Broomfield, Colorado",1880,1996-01-02,2022-05-10
BLS,,0000732713,Communication Services,,,,1996-01-02,2007-01-03
BMC,,0000835729,Information Technology,,,,1998-10-01,2013-09-11
BMET,,0000351346,Health Care,,,,1996-01-02,2007-07-12
BMS,,0000011199,Materials,,,,1996-01-02,2014-12-05
BMY,Bristol Myers Squibb,0000014272,Health Care,Pharmaceuticals,"New York City, New York",1989 (1887),1996-01-02,
BNI,,0000934612,Industrials,,,,1996-01-02,2010-02-16
BNL,"Broadstone Net Lease, Inc.",0001424182,Real Estate,,,,1996-01-02,1998-07-01
BNY,BNY Mellon,0001390777,Financials,Asset Management & Custody Banks,"New York City, New York",1784,2026-05-21,
BOL,,0000010427,Health Care,,,,1996-01-02,2007-10-29
BR,Broadridge Financial Solutions,0001383312,Industrials,Data Processing & Outsourced Services,"Lake Success, New York",1962,1996-01-02,2006-04-03
BRCM,,0001054374,Information Technology,,,,2000-07-03,2016-02-01
BRK.B,Berkshire Hathaway,0001067983,Financials,Multi-Sector Holdings,"Omaha, Nebraska",1839,2010-02-16,
BRL,,0000010081,Health Care,,,,2006-02-27,2008-12-23
BRO,Brown & Brown,0000079282,Financials,Insurance Brokers,"Daytona Beach, Florida",1939,2021-09-20,
BSC,,0000777001,Financials,,,,1998-07-01,2008-06-02
BSX,Boston Scientific,0000885725,Health Care,Health Care Equipment,"Marlborough, Massachusetts",1979,1996-01-02,
BTUUQ,,0001064728,Energy,,,,2006-11-20,2014-09-22
BVSN,,0000920448,Information Technology,,,,2000-11-06,2001-09-04
BWA,BORGWARNER INC,0000908255,Consumer Discretionary,,,,2011-12-19,2025-03-24
BX,Blackstone Inc.,0001393818,Financials,Asset Management & Custody Banks,"New York City, New York",1985,2023-09-18,
BXLT,,0001620546,Health Care,,,,2015-07-01,2016-06-03
BXP,"BXP, Inc.",0001037540,Real Estate,Office REITs,"Boston, Massachusetts",1970,2006-04-03,
C,Citigroup,0000831001,Financials,Diversified Banks,"New York City, New York",1998,1996-01-02,
CA,,0000356028,Information Technology,,,,1996-01-02,2018-11-06
CAG,Conagra Brands,0000023217,Consumer Staples,Packaged Foods & Meats,"Chicago, Illinois",1919,1996-01-02,
CAH,Cardinal Health,0000721371,Health Care,Health Care Distributors,"Dublin, Ohio",1971,1997-05-27,
CAL,CALERES INC,0000014707,Consumer Discretionary,,,,1996-01-02,1996-07-22
CAM,,0000941548,Industrials,,,,2008-01-29,2016-04-04
CAR,"AVIS BUDGET GROUP, INC.",0000723612,Consumer Discretionary,,,,1996-01-02,2006-08-01
CARR,Carrier Global,0001783180,Industrials,Building Products,"Palm Beach Gardens, Florida","2020 (1915, United Technologies spinoff)",2020-04-03,
CASY,Casey's,0000726958,Consumer Staples,Food Retail,"Ankeny, Iowa",1967,2026-04-09,
CAT,Caterpillar Inc.,0000018230,Industrials,Construction Machinery & Heavy Transportation Equipment,"Irving, Texas",1925,1996-01-02,
CB,Chubb Limited,0000896159,Financials,Property & Casualty Insurance,"Zurich, Switzerland",1985,1996-01-02,
CBE,,0001141982,Information Technology,,,,1996-01-02,2012-12-03
CBH,,0000715096,Financials,,,,2006-06-06,2008-03-31
CBOE,Cboe Global Markets,0001374310,Financials,Financial Exchanges & Data,"Chicago, Illinois",1973,2017-03-01,
CBRE,CBRE Group,0001138118,Real Estate,Real Estate Services,"Dallas, Texas",1906,2006-11-10,
CBS,,0000813828,Communication Services,,,,1996-01-02,2025-08-08
CBSS,,0000018568,Financials,,,,2004-12-20,2007-09-07
CCB,COASTAL FINANCIAL CORP,0001437958,Financials,,,,1996-01-02,1996-02-12
CCE,,0001491675,Consumer Staples,,,,1998-10-08,2016-05-31
CCI,Crown Castle,0001051470,Real Estate,Telecom Tower REITs,"Houston, Texas",1994,1996-01-02,1998-10-08
CCK,"CROWN HOLDINGS, INC.",0001219601,Industrials,,,,1996-01-02,2000-12-11
CCL,Carnival Corporation,0000815097,Consumer Discretionary,"Hotels, Resorts & Cruise Lines","Miami, Florida",1972,1998-12-22,
CCTYQ,,0000104599,Consumer Discretionary,,,,1996-01-02,2008-03-31
CDAY,,0001725057,Information Technology,,,,2021-09-20,2026-02-09
CDNS,Cadence Design Systems,0000813672,Information Technology,Application Software,"San Jose, California",1988,2017-09-18,
CDW,CDW Corporation,0001402057,Information Technology,Technology Distributors,"Vernon Hills, Illinois",1984,2019-09-23,
CE,Celanese Corp,0001306830,Materials,,,,2001-04-02,2025-03-24
CEG,Constellation Energy,0001868275,Utilities,Electric Utilities,"Baltimore, Maryland",1999,1996-01-02,2012-03-13
CELG,,0000816284,Health Care,,,,2006-11-06,2019-11-21
CEN,,0000109758,Industrials,,,,1996-01-02,2001-04-02
CEPH,,0000873364,Health Care,,,,2008-11-17,2011-10-14
CERN,,0000804753,Information Technology,,,,2010-04-30,2022-06-08
CF,CF Industries,0001324404,Materials,Fertilizers & Agricultural Chemicals,"Deerfield, Illinois",1946,2000-06-19,2004-09-01
CFC,,0000025191,Financials,,,,1997-06-18,2008-07-01
CFG,Citizens Financial Group,0000759944,Financials,Regional Banks,"Providence, Rhode Island",1828,2016-02-01,
CFN,,0001457543,Health Care,,,,2009-09-01,2015-03-17
CG,Carlyle Group Inc.,0001527166,Financials,,,,1996-01-02,2000-11-02
CGP,,0000021267,Energy,,,,1996-01-02,2001-01-30
CHD,Church & Dwight,0000313927,Consumer Staples,Household Products,"Ewing, New Jersey",1847,2015-12-29,
CHIR,,0000706539,Health Care,,,,2000-11-24,2006-04-20
CHK,Expand Energy,0000895126,Energy,Oil & Gas Exploration & Production,"Oklahoma City, Oklahoma",1989,2006-03-03,2018-03-19
CHRS,"Coherus Oncology, Inc.",0001512762,Health Care,,,,1996-01-02,1998-04-08
CHRW,C.H. Robinson,0001043277,Industrials,Air Freight & Logistics,"Eden Prairie, Minnesota",1905,2007-03-02,
CHTR,Charter Communications,0001091667,Communication Services,Cable & Satellite,"Stamford, Connecticut",1993,2016-09-08,
CI,Cigna,0001739940,Health Care,Health Care Services,"Bloomfield, Connecticut",1982,1996-01-02,
CIEN,Ciena,0000936395,Information Technology,Communications Equipment,"Hanover, Maryland",1992,2001-08-30,2009-12-21
CIN,,0000899652,Utilities,,,,1996-01-02,2006-04-03
CINF,Cincinnati Financial,0000020286,Financials,Property & Casualty Insurance,"Fairfield, Ohio",1950,1997-12-18,
CIT.A,,0000020388,Financials,,,,2000-07-17,2001-06-04
CITGQ,,0001171825,Financials,,,,2004-10-27,2009-07-27
CL,Colgate-Palmolive,0000021665,Consumer Staples,Household Products,"New York City, New York",1806,1996-01-02,
CLF,CLEVELAND-CLIFFS INC.,0000764065,Materials,,,,2009-12-21,2014-04-02
CLX,Clorox,0000021076,Consumer Staples,Household Products,"Oakland, California",1913,1996-01-02,
CMA,,0000028412,Financials,,,,1996-01-02,2024-06-24
CMCSA,Comcast,0001166691,Communication Services,Cable & Satellite,"Philadelphia, Pennsylvania",1963,1996-01-02,2015-12-14
CME,CME Group,0001156375,Financials,Financial Exchanges & Data,"Chicago, Illinois",1848,2006-08-11,
CMG,Chipotle Mexican Grill,0001058090,Consumer Discretionary,Restaurants,"Newport Beach, California",1993,2011-04-28,
CMI,Cummins,0000026172,Industrials,Construction Machinery & Heavy Transportation Equipment,"Columbus, Indiana",1919,1996-01-02,
CMS,CMS Energy,0000811156,Utilities,Multi-Utilities,"Jackson, Michigan",1886,1999-05-03,
CMVT,,0000803014,Information Technology,,,,1999-10-27,2007-02-01
CMX,,0001000736,Consumer Staples,,,,2004-03-25,2007-03-23
CNC,Centene Corporation,0001071739,Health Care,Managed Health Care,"St. Louis, Missouri",1984,1997-01-15,2002-07-25
CNG,,0000023738,Energy,,,,1996-01-02,2000-01-31
CNP,CenterPoint Energy,0001130310,Utilities,Multi-Utilities,"Houston, Texas",1882,1996-01-02,
CNX,CNX Resources Corp,0001070412,Energy,,,,2006-06-28,2016-03-04
CNXT,,0001069353,Information Technology,,,,2000-01-31,2002-06-26
COC.B,,0001066806,Energy,,,,1999-08-09,2002-09-03
COF,Capital One,0000927628,Financials,Consumer Finance,"Tysons Corner, Virginia",1994,1998-07-01,
COG,,0000858470,Energy,,,,2008-06-23,2026-05-07
COHR,Coherent Corp.,0000820318,Information Technology,Electronic Components,"Saxonburg, Pennsylvania",1971,2026-03-23,
COIN,Coinbase,0001679788,Financials,Financial Exchanges & Data,"New York City, New York",2012,2025-05-19,
COL,,0001137411,Industrials,,,,2001-07-02,2018-11-27
COMS,,0000738076,Information Technology,,,,1996-01-02,2000-07-28
COO,Cooper Companies (The),0000711404,Health Care,Health Care Supplies,"San Ramon, California",1958,2016-09-23,
COP,ConocoPhillips,0001163165,Energy,Oil & Gas Exploration & Production,"Houston, Texas",2002,1996-01-02,
COR,Cencora,0001140859,Health Care,Health Care Distributors,"Conshohocken, Pennsylvania",1985,2001-08-30,2023-08-30
COST,Costco,0000909832,Consumer Staples,Consumer Staples Merchandise Retail,"Issaquah, Washington",1976,1996-01-02,
COTY,COTY INC.,0001024305,Consumer Staples,,,,2016-10-03,2020-09-21
COV,,0001385187,Health Care,,,,1996-01-02,2015-01-27
CPAY,Corpay,0001175454,Financials,Transaction & Payment Processing Services,"Atlanta, Georgia",2000,2018-06-20,2024-03-25
CPB,Campbell's Company (The),0000016732,Consumer Staples,Packaged Foods & Meats,"Camden, New Jersey",1869,1996-01-02,
CPGX,,0001629995,Energy,,,,2015-07-02,2016-07-01
CPNLQ,,0000916457,Utilities,,,,2000-12-01,2005-12-02
CPQ,,0000714154,Information Technology,,,,1996-01-02,2002-05-06
CPRI,Capri Holdings Ltd,0001530721,Consumer Discretionary,,,,2016-01-04,2020-05-12
CPRT,Copart,0000900075,Industrials,Diversified Support Services,"Dallas, Texas",1982,2018-07-02,
CPT,Camden Property Trust,0000906345,Real Estate,Multi-Family Residential REITs,"Houston, Texas",1981,2022-04-04,
CPWR,Ocean Thermal Energy Corp,0000859014,Information Technology,,,,1999-01-04,2012-01-03
CR,Crane Co,0001944013,Industrials,,,,1996-01-02,2004-12-20
CRH,CRH plc,0000849395,Materials,Construction Materials,"Dublin, Ireland",1970,2025-12-22,
CRL,Charles River Laboratories,0001100682,Health Care,Life Sciences Tools & Services,"Wilmington, Massachusetts",1947,2021-05-14,
CRM,Salesforce,0001108524,Information Technology,Application Software,"San Francisco, California",1999,2008-09-15,
CRWD,CrowdStrike,0001535527,Information Technology,Systems Software,"Austin, Texas",2011,2024-06-24,
CSCO,Cisco,0000858877,Information Technology,Communications Equipment,"San Jose, California",1984,1996-01-02,
CSGP,CoStar Group,0001057352,Real Estate,Real Estate Services,"Washington, D.C.",1987,2022-09-19,
CSR,CENTERSPACE,0000798359,Real Estate,,,,1996-01-02,2000-06-16
CSRA,,0001646383,Information Technology,,,,2015-11-30,2018-04-04
CSX,CSX Corporation,0000277948,Industrials,Rail Transportation,"Jacksonville, Florida",1980,1996-01-02,
CTAS,Cintas,0000723254,Industrials,Diversified Support Services,"Mason, Ohio",1929,2001-03-01,
CTB,,0000024491,Materials,,,,1996-01-02,2006-07-18
CTL,"Lumen Technologies, Inc.",0000018926,Communication Services,,,,1999-03-25,2023-03-20
CTLT,,0001596783,Health Care,,,,2020-09-21,2024-12-23
CTRA,,0000858470,Energy,,,,2008-06-23,2026-05-07
CTSH,Cognizant,0001058290,Information Technology,IT Consulting & Other Services,"Teaneck, New Jersey",1994,2006-11-17,
CTVA,Corteva,0001755672,Materials,Fertilizers & Agricultural Chemicals,"Indianapolis, Indiana",2019,2019-06-03,
CTX,,0000018532,Consumer Discretionary,,,,1996-01-02,2009-08-19
CTXS,,0000877890,Information Technology,,,,1999-12-01,2022-10-03
CVC,,0001053112,Communication Services,,,,2010-12-20,2016-06-21
CVG,,0001062047,Information Technology,,,,2000-06-13,2009-12-21
CVH,,0001054833,Health Care,,,,2005-08-30,2013-05-07
CVNA,Carvana,0001690820,Consumer Discretionary,Automotive Retail,"Tempe, Arizona",2012,2025-12-22,
CVS,CVS Health,0000064803,Health Care,Health Care Services,"Woonsocket, Rhode Island",1996,1996-01-02,
CVX,Chevron Corporation,0000093410,Energy,Integrated Oil & Gas,"Houston, Texas",1879,1996-01-02,
CXO,,0001358071,Energy,,,,2016-02-22,2021-01-21
CZR,"Caesars Entertainment, Inc.",0001590895,Consumer Discretionary,,,,2021-03-22,2025-09-22
D,Dominion Energy,0000715957,Utilities,Multi-Utilities,"Richmond, Virginia",1983,1996-01-02,
DAL,Delta Air Lines,0000027904,Industrials,Passenger Airlines,"Atlanta, Georgia",1929,1996-01-02,2005-08-19
DALRQ,Delta Air Lines,0000027904,Industrials,Passenger Airlines,"Atlanta, Georgia",1929,1996-01-02,2005-08-19
DASH,DoorDash,0001792789,Consumer Discretionary,Specialized Consumer Services,"San Francisco, California",2012,2025-03-24,
DCNAQ,,0000026780,Consumer Discretionary,,,,1996-01-02,2006-03-03
DD,DuPont,0001666700,Materials,Specialty Chemicals,"Wilmington, Delaware",2017 (1802),1996-01-02,2019-06-03
DDOG,Datadog,0001561550,Information Technology,Application Software,"New York City, New York",2010,2025-07-09,
DDR,,0000894315,Real Estate,,,,2007-03-23,2009-03-30
DDS,"DILLARD'S, INC.",0000028917,Consumer Discretionary,,,,1996-01-02,2008-10-22
DE,Deere & Company,0000315189,Industrials,Agricultural & Farm Machinery,"Moline, Illinois",1837,1996-01-02,
DEC,Diversified Energy Co,0001922446,Energy,,,,1996-01-02,1998-06-12
DECK,Deckers Brands,0000910521,Consumer Discretionary,Footwear,"Goleta, California",1973,2024-03-18,
DELL,Dell Technologies,0001571996,Information Technology,"Technology Hardware, Storage & Peripherals","Round Rock, Texas",2016,1996-09-06,2013-10-29
DF,,0000931336,Consumer Staples,,,,2006-04-03,2013-05-24
DFS,,0001393612,Financials,,,,2007-07-02,2025-05-19
DG,Dollar General,0000029534,Consumer Staples,Consumer Staples Merchandise Retail,"Goodlettsville, Tennessee",1939,1998-07-16,2007-07-09
DGX,Quest Diagnostics,0001022079,Health Care,Health Care Services,"Secaucus, New Jersey",1967,2002-12-12,
DHI,D. R. Horton,0000882184,Consumer Discretionary,Homebuilding,"Arlington, Texas",1978,2005-07-05,
DHR,Danaher Corporation,0000313616,Health Care,Life Sciences Tools & Services,"Washington, D.C.",1969,1998-11-18,
DIS,Walt Disney Company (The),0001744489,Communication Services,Movies & Entertainment,"Burbank, California",1923,1996-01-02,
DISH,,0001001082,Communication Services,,,,2017-03-13,2023-06-20
DJ,,0000029924,Communication Services,,,,1996-01-02,2007-12-14
DLR,Digital Realty,0001297996,Real Estate,Data Center REITs,"Austin, Texas",2004,2016-05-18,
DLTR,Dollar Tree,0000935703,Consumer Staples,Consumer Staples Merchandise Retail,"Chesapeake, Virginia",1986,2011-12-19,
DLX,DELUXE CORP,0000027996,Communication Services,,,,1996-01-02,2004-12-20
DNB,,0001115222,Financials,,,,2008-12-02,2017-04-05
DNR,,0000945764,Energy,,,,2009-04-02,2015-03-23
DO,,0000949039,Energy,,,,2009-02-26,2016-10-03
DOC,Healthpeak Properties,0000765880,Real Estate,Health Care REITs,"Denver, Colorado",1985,2008-03-31,2024-03-04
DOV,Dover Corporation,0000029905,Industrials,Industrial Machinery & Supplies & Components,"Downers Grove, Illinois",1955,1996-01-02,
DOW,Dow Inc.,0001751788,Materials,Commodity Chemicals,"Midland, Michigan",2019 (1897),1996-01-02,2017-09-01
DPHIQ,,0001072342,Consumer Discretionary,,,,1999-05-28,2005-10-11
DPZ,Domino's,0001286681,Consumer Discretionary,Restaurants,"Ann Arbor, Michigan",1960,2020-05-12,
DRE,,0000783280,Real Estate,,,,2017-07-26,2022-10-03
DRI,Darden Restaurants,0000940944,Consumer Discretionary,Restaurants,"Orlando, Florida",1938,1996-01-02,
DTE,DTE Energy,0000936340,Utilities,Multi-Utilities,"Detroit, Michigan",1995,1996-01-02,
DTV,,0000944868,Communication Services,,,,2006-12-04,2015-07-27
DUK,Duke Energy,0001326160,Utilities,Electric Utilities,"Charlotte, North Carolina",1904,1996-01-02,
DVA,DaVita,0000927066,Health Care,Health Care Services,"Denver, Colorado",1979,2008-07-31,
DVN,Devon Energy,0001090012,Energy,Oil & Gas Exploration & Production,"Oklahoma City, Oklahoma",1971,2000-08-30,
DXC,DXC Technology Co,0001688568,Information Technology,,,,1996-01-02,2023-10-02
DXCM,Dexcom,0001093557,Health Care,Health Care Equipment,"San Diego, California",1999,2020-05-12,
DYN,"Dyne Therapeutics, Inc.",0001818794,Health Care,,,,2000-10-03,2009-12-21
EA,Electronic Arts,0000712515,Communication Services,Interactive Home Entertainment,"Redwood City, California",1982,2002-07-22,
EBAY,eBay Inc.,0001065088,Consumer Discretionary,Broadline Retail,"San Jose, California",1995,2002-07-22,
ECL,Ecolab,0000031462,Materials,Specialty Chemicals,"Saint Paul, Minnesota",1923,1996-01-02,
ED,Consolidated Edison,0001047862,Utilities,Multi-Utilities,"New York City, New York",1823,1996-01-02,
EDS,,0001007456,Information Technology,,,,1998-08-11,2008-08-26
EFX,Equifax,0000033185,Industrials,Research & Consulting Services,"Atlanta, Georgia",1899,1997-06-19,
EG,Everest Group,0001095073,Financials,Reinsurance,"Hamilton, Bermuda",1973,2017-06-19,2023-07-10
EHC,Encompass Health Corp,0000785161,Health Care,,,,1997-01-08,2003-03-21
EIX,Edison International,0000827052,Utilities,Electric Utilities,"Rosemead, California",1886,1996-01-02,
EKDKQ,,0000031235,Health Care,,,,1996-01-02,2010-12-20
EL,Estée Lauder Companies (The),0001001250,Consumer Staples,Personal Care Products,"New York City, New York",1946,2006-01-05,
ELV,Elevance Health,0001156039,Health Care,Managed Health Care,"Indianapolis, Indiana",2014 (1946),2002-07-25,2022-06-28
EMC,,0000790070,Information Technology,,,,1996-03-28,2016-09-07
EME,Emcor,0000105634,Industrials,Construction & Engineering,"Norwalk, Connecticut",1994,2025-09-22,
EMN,EASTMAN CHEMICAL CO,0000915389,Materials,,,,1996-01-02,2025-11-04
EMR,Emerson Electric,0000032604,Industrials,Electrical Components & Equipment,"Ferguson, Missouri",1890,1996-01-02,
ENDP,,0001593034,Health Care,,,,2015-01-27,2017-03-02
ENPH,"Enphase Energy, Inc.",0001463101,Information Technology,,,,2021-01-07,2025-09-22
ENRNQ,,0001024401,Financials,,,,1996-01-02,2001-11-30
ENS,EnerSys,0001289308,Industrials,,,,1996-01-02,1997-08-06
EOG,EOG Resources,0000821189,Energy,Oil & Gas Exploration & Production,"Houston, Texas",1999,2000-11-02,
EOP,,0001038339,Real Estate,,,,2001-10-10,2007-02-12
EP,EMPIRE PETROLEUM CORP,0001066107,Energy,,,,1999-10-26,2012-05-25
EPAM,"EPAM Systems, Inc.",0001352010,Information Technology,,,,2021-12-14,2026-06-02
EQ,"Equillium, Inc.",0001746466,Health Care,,,,2006-05-18,2009-07-01
EQIX,Equinix,0001101239,Real Estate,Data Center REITs,"Redwood City, California",1998,2015-03-23,
EQR,Equity Residential,0000906107,Real Estate,Multi-Family Residential REITs,"Chicago, Illinois",1969,2001-12-03,
EQT,EQT Corporation,0000033213,Energy,Oil & Gas Exploration & Production,"Pittsburgh, Pennsylvania",1888,2008-12-19,2018-11-13
ERIE,Erie Indemnity,0000922621,Financials,Insurance Brokers,"Erie, Pennsylvania",1925,2024-09-23,
ES,Eversource Energy,0000072741,Utilities,Electric Utilities,"Hartford, Connecticut",1966,2009-03-17,
ESRX,,0000885721,Consumer Staples,,,,2003-09-26,2018-12-21
ESS,Essex Property Trust,0000920522,Real Estate,Multi-Family Residential REITs,"San Mateo, California",1971,2014-04-02,
ESV,,0000314808,Energy,,,,2007-01-04,2016-03-30
ETFC,,0001015780,Financials,,,,2004-04-01,2020-10-07
ETN,Eaton Corporation,0001551182,Industrials,Electrical Components & Equipment,"Dublin, Ireland",1911,1996-01-02,
ETR,Entergy,0000065984,Utilities,Electric Utilities,"New Orleans, Louisiana",1913,1996-01-02,
ETS,Elite Express Holding Inc.,0002053641,Industrials,,,,1996-01-02,2001-08-06
ETSY,ETSY INC,0001370637,Consumer Discretionary,,,,2020-09-21,2024-09-23
EVHC,,0001678531,Health Care,,,,2016-12-02,2018-10-11
EVRG,Evergy,0001711269,Utilities,Electric Utilities,"Kansas City, Missouri",1909,2018-06-05,
EW,Edwards Lifesciences,0001099800,Health Care,Health Care Equipment,"Irvine, California",1958,2011-04-01,
EXC,Exelon,0001109357,Utilities,Electric Utilities,"Chicago, Illinois",2000,1996-01-02,
EXE,Expand Energy,0000895126,Energy,Oil & Gas Exploration & Production,"Oklahoma City, Oklahoma",1989,2006-03-03,2018-03-19
EXPD,Expeditors International,0000746515,Industrials,Air Freight & Logistics,"Seattle, Washington",1979,2007-10-10,
EXPE,Expedia Group,0001324424,Consumer Discretionary,"Hotels, Resorts & Cruise Lines","Seattle, Washington",1996,2007-10-02,
EXR,Extra Space Storage,0001289490,Real Estate,Self-Storage REITs,"Salt Lake City, Utah",1977,2016-01-19,
F,Ford Motor Company,0000037996,Consumer Discretionary,Automobile Manufacturers,"Dearborn, Michigan",1903,1996-01-02,
FANG,Diamondback Energy,0001539838,Energy,Oil & Gas Exploration & Production,"Midland, Texas",2007,2018-12-03,
FAST,Fastenal,0000815556,Industrials,Trading Companies & Distributors,"Winona, Minnesota",1967,2008-09-15,
FBF,,0000050341,Financials,,,,1996-01-02,2004-04-01
FBHS,,0001519751,Industrials,,,,2016-06-24,2022-12-19
FCN,"FTI CONSULTING, INC",0000887936,Industrials,,,,1996-01-02,1998-10-02
FCPT,"Four Corners Property Trust, Inc.",0001650132,Real Estate,,,,2015-11-10,2015-11-17
FCX,Freeport-McMoRan,0000831259,Materials,Copper,"Phoenix, Arizona",1912,1996-01-02,
FD,"Macy's, Inc.",0000794367,Consumer Discretionary,,,,1996-01-02,2020-04-06
FDC,,0000883980,Industrials,,,,1996-01-02,2007-09-25
FDO,,0000034408,Consumer Staples,,,,2001-08-06,2015-07-07
FDS,FactSet,0001013237,Financials,Financial Exchanges & Data,"Norwalk, Connecticut",1978,2021-12-20,
FDX,FedEx,0001048911,Industrials,Air Freight & Logistics,"Memphis, Tennessee",1971,1996-01-02,
FE,FirstEnergy,0001031296,Utilities,Electric Utilities,"Akron, Ohio",1997,1996-01-02,
FFIV,"F5, Inc.",0001048695,Information Technology,Communications Equipment,"Seattle, Washington",1996,2010-12-20,
FG,"F&G Annuities & Life, Inc.",0001934850,Financials,,,,1996-01-02,1998-04-27
FHN,FIRST HORIZON CORP,0000036966,Financials,,,,2002-05-06,2013-06-24
FICO,Fair Isaac,0000814547,Information Technology,Application Software,"Bozeman, Montana",1956,2023-03-20,
FII,,0001056288,Financials,,,,2003-04-16,2013-01-02
FIS,Fidelity National Information Services,0001136893,Financials,Transaction & Payment Processing Services,"Jacksonville, Florida",1968,2006-11-10,
FISV,Fiserv,0000798354,Financials,Transaction & Payment Processing Services,"Brookfield, Wisconsin",1984,2001-04-02,2025-11-11
FITB,Fifth Third Bancorp,0000035527,Financials,Regional Banks,"Cincinnati, Ohio",1858,1996-03-08,
FIX,Comfort Systems USA,0001035983,Industrials,Construction & Engineering,"Houston, Texas",1997,2025-12-22,
FL,,0000850209,Consumer Discretionary,,,,1996-01-02,2019-08-09
FLIR,,0000354908,Industrials,,,,2009-01-02,2021-05-14
FLR,FLUOR CORP,0001124198,Industrials,,,,2000-12-22,2019-06-03
FLS,FLOWSERVE CORP,0000030625,Industrials,,,,2008-10-02,2021-03-22
FLTWQ,,0000771298,Consumer Discretionary,,,,1996-01-02,2000-01-31
FMC,FMC CORP,0000037785,Materials,,,,1996-01-02,2025-03-24
FMCC,FEDERAL HOME LOAN MORTGAGE CORP,0001026214,Financials,,,,1996-01-02,2008-09-11
FNMA,FEDERAL NATIONAL MORTGAGE ASSOCIATION FANNIE MAE,0000310522,Financials,,,,1996-01-02,2008-09-11
FOSL,"Fossil Group, Inc.",0000883569,Health Care,,,,2012-04-04,2016-01-05
FOXA,Fox Corporation (Class A),0001754301,Communication Services,Broadcasting,"New York City, New York",2019,2004-12-20,
FRT,Federal Realty Investment Trust,0000034903,Real Estate,Retail REITs,"Rockville, Maryland",1962,2016-02-01,
FRX,,0000038074,Health Care,,,,2000-11-22,2014-07-01
FSH,,0000880430,Industrials,,,,2004-08-03,2006-11-10
FSL,,0001272547,Information Technology,,,,2004-12-03,2006-12-04
FSLR,First Solar,0001274494,Information Technology,Semiconductors,"Tempe, Arizona",1999,2009-10-16,2017-03-20
FTI,TechnipFMC plc,0001681459,Industrials,,,,2009-06-05,2021-02-12
FTNT,Fortinet,0001262039,Information Technology,Systems Software,"Sunnyvale, California",2000,2018-10-11,
FTR,,0000020520,Communication Services,,,,2001-02-27,2017-03-20
FTV,Fortive,0001659166,Industrials,Industrial Machinery & Supplies & Components,"Everett, Washington",2016,2016-07-05,
FWLT,,0000038321,Industrials,,,,1996-01-02,2000-01-31
G,Genpact LTD,0001398659,Industrials,,,,1996-01-02,2005-10-03
GAPTQ,,0000043300,Consumer Staples,,,,1996-01-02,2000-08-30
GAS,,0001004155,Energy,,,,1996-01-02,2016-07-01
GD,General Dynamics,0000040533,Industrials,Aerospace & Defense,"Reston, Virginia",1899,1996-01-02,
GDDY,GoDaddy,0001609711,Information Technology,Internet Services & Infrastructure,"Tempe, Arizona",1997,2024-06-24,
GDT,,0000929987,Health Care,,,,1996-12-19,2006-04-24
GDW,,0000042293,Financials,,,,1996-01-02,2006-10-02
GE,GE Aerospace,0000040545,Industrials,Aerospace & Defense,"Evendale, Ohio",1892,1996-01-02,
GEHC,GE HealthCare,0001932393,Health Care,Health Care Equipment,"Chicago, Illinois",1994,2023-01-04,
GEN,Gen Digital,0000849399,Information Technology,Systems Software,"Tempe, Arizona",1982,2003-03-31,2022-11-08
GENZ,,0000732485,Health Care,,,,2001-12-14,2011-04-04
GEV,GE Vernova,0001996810,Industrials,Heavy Electrical Equipment,"Cambridge, Massachusetts",2024,2024-04-03,
GGP,,0001496048,Real Estate,,,,2007-07-02,2018-08-28
GHC,Graham Holdings Co,0000104889,Consumer Discretionary,,,,2007-12-31,2014-09-22
GILD,Gilead Sciences,0000882095,Health Care,Biotechnology,"Foster City, California",1987,2004-07-01,
GIS,General Mills,0000040704,Consumer Staples,Packaged Foods & Meats,"Golden Valley, Minnesota",1856,1996-01-02,
GL,Globe Life,0000320335,Financials,Life & Health Insurance,"McKinney, Texas",1900,1996-01-02,2019-08-08
GLD,SPDR GOLD TRUST,0001222333,Financials,,,,1996-01-02,1997-05-06
GLK,,0000043362,Materials,,,,1996-01-02,2005-07-05
GLW,Corning Inc.,0000024741,Information Technology,Electronic Components,"Corning, New York",1851,1996-01-02,
GM,General Motors,0001467858,Consumer Discretionary,Automobile Manufacturers,"Detroit, Michigan",1908,2013-06-07,
GMCR,,0000909954,Consumer Staples,,,,2014-03-24,2016-03-03
GME,GameStop Corp.,0001326380,Consumer Discretionary,,,,2007-12-14,2016-04-25
GNRC,Generac,0001474735,Industrials,Electrical Components & Equipment,"Waukesha, Wisconsin",1959,2021-03-22,
GNW,GENWORTH FINANCIAL INC,0001276520,Financials,,,,2005-12-02,2015-11-18
GOOG,Alphabet Inc. (Class A),0001652044,Communication Services,Interactive Media & Services,"Mountain View, California",1998,2006-04-03,
GPC,Genuine Parts Company,0000040987,Consumer Discretionary,Distributors,"Atlanta, Georgia",1925,1996-01-02,
GPN,Global Payments,0001123360,Financials,Transaction & Payment Processing Services,"Atlanta, Georgia",2000,2016-04-25,
GPS,,0000039911,Consumer Discretionary,,,,1996-01-02,2022-02-02
GPU,,0000040779,Utilities,,,,1996-01-02,2001-11-07
GR,,0000042542,Industrials,,,,1996-01-02,2012-07-27
GRA,,0001045309,Materials,,,,1996-01-02,2000-12-11
GRMN,Garmin,0001121788,Consumer Discretionary,Consumer Electronics,"Schaffhausen, Switzerland",1989,2012-12-12,
GS,Goldman Sachs,0000886982,Financials,Investment Banking & Brokerage,"New York City, New York",1869,2002-07-22,
GT,GOODYEAR TIRE & RUBBER CO /OH/,0000042582,Materials,,,,1996-01-02,2019-02-27
GTE,GRAN TIERRA ENERGY INC.,0001273441,Energy,,,,1996-01-02,2000-07-03
GTW,,0000895812,Information Technology,,,,1998-04-27,2006-08-01
GWW,W. W. Grainger,0000277135,Industrials,Industrial Machinery & Supplies & Components,"Lake Forest, Illinois",1927,1996-01-02,
GX,,0001061322,Communication Services,,,,1999-09-29,2001-10-10
H,Hyatt Hotels Corp,0001468174,Consumer Discretionary,,,,1996-01-02,2007-04-10
HAL,Halliburton,0000045012,Energy,Oil & Gas Equipment & Services,"Houston, Texas",1919,1996-01-02,
HAR,,0000800459,Consumer Discretionary,,,,2006-02-01,2017-03-13
HAS,Hasbro,0000046080,Consumer Discretionary,Leisure Products,"Pawtucket, Rhode Island",1923,1996-01-02,
HBAN,Huntington Bancshares,0000049196,Financials,Regional Banks,"Columbus, Ohio; Detroit, Michigan",1866,1997-08-06,
HBI,,0001359841,Consumer Discretionary,,,,2015-03-23,2021-12-20
HCA,HCA Healthcare,0000860730,Health Care,Health Care Facilities,"Nashville, Tennessee",1968,1996-01-02,2006-11-20
HCBK,,0000921847,Financials,,,,2007-02-15,2015-11-02
HCP,Healthpeak Properties,0000765880,Real Estate,Health Care REITs,"Denver, Colorado",1985,2008-03-31,2024-03-04
HCR,,0000878736,Health Care,,,,1998-09-28,2007-11-09
HD,Home Depot (The),0000354950,Consumer Discretionary,Home Improvement Retail,"Atlanta, Georgia",1978,1996-01-02,
HES,,0000004447,Energy,,,,1996-01-02,2025-07-23
HET,,0000858339,Consumer Discretionary,,,,1996-01-02,2008-01-29
HFC,,0000048039,Energy,,,,2018-06-18,2021-06-04
HI,,0000354964,Financials,,,,1996-01-02,2003-03-31
HIG,Hartford (The),0000874766,Financials,Property & Casualty Insurance,"Hartford, Connecticut",1810,1996-01-02,
HII,Huntington Ingalls Industries,0001501585,Industrials,Aerospace & Defense,"Newport News, Virginia",2011,2018-01-03,
HLT,Hilton Worldwide,0001585689,Consumer Discretionary,"Hotels, Resorts & Cruise Lines","Tysons Corner, Virginia",1919,1996-01-02,2007-10-25
HM,,0000743872,Materials,,,,1996-01-02,2001-12-17
HMA,,0000792985,Health Care,,,,2001-11-07,2007-03-02
HNZ,,0000046640,Consumer Staples,,,,1996-01-02,2013-06-07
HOG,"HARLEY-DAVIDSON, INC.",0000793952,Consumer Discretionary,,,,2000-01-31,2020-06-22
HOLX,,0000859737,Health Care,,,,2016-03-30,2026-04-09
HON,Honeywell,0000773840,Industrials,Industrial Conglomerates,"Charlotte, North Carolina",1906,1996-01-02,
HOOD,Robinhood Markets,0001783879,Financials,Investment Banking & Brokerage,"Menlo Park, California",2013,2025-09-22,
HOT,,0000316206,Consumer Discretionary,,,,2000-11-17,2016-09-23
HP,"Helmerich & Payne, Inc.",0000046765,Energy,,,,1996-01-02,2020-05-22
HPC,,0000046989,Materials,,,,1996-01-02,2008-11-14
HPE,Hewlett Packard Enterprise,0001645590,Information Technology,"Technology Hardware, Storage & Peripherals","Houston, Texas",2015,2015-11-02,
HPQ,HP Inc.,0000047217,Information Technology,"Technology Hardware, Storage & Peripherals","Palo Alto, California",1939 (2015),1996-01-02,
HRB,H&R BLOCK INC,0000012659,Consumer Discretionary,,,,1996-01-02,2020-09-21
HRL,Hormel Foods,0000048465,Consumer Staples,Packaged Foods & Meats,"Austin, Minnesota",1891,2009-03-04,
HRS,L3Harris,0000202058,Industrials,Aerospace & Defense,"Melbourne, Florida","2019 (L3 1997, Harris 1895)",1996-01-02,2019-06-01
HSH,,0000023666,Consumer Staples,,,,1996-01-02,2012-06-29
HSIC,Henry Schein,0001000228,Health Care,Health Care Distributors,"Melville, New York",1932,2015-03-18,
HSP,,0001274057,Health Care,,,,2004-05-03,2015-09-03
HST,Host Hotels & Resorts,0001070750,Real Estate,Hotel & Resort REITs,"Bethesda, Maryland",1993,2007-03-20,
HSY,Hershey Company (The),0000047111,Consumer Staples,Packaged Foods & Meats,"Hershey, Pennsylvania",1894,1996-01-02,
HUBB,Hubbell Incorporated,0000048898,Industrials,Industrial Machinery & Supplies & Components,"Shelton, Connecticut",1888,2023-10-18,
HUM,Humana,0000049071,Health Care,Managed Health Care,"Louisville, Kentucky",1961,1996-01-02,
HWM,Howmet Aerospace,0000004281,Industrials,Aerospace & Defense,"Pittsburgh, Pennsylvania",1888,1996-01-02,2020-04-06
IAC,People Inc,0001800227,Communication Services,,,,2006-12-01,2008-08-21
IBKR,Interactive Brokers,0001381197,Financials,Investment Banking & Brokerage,"Greenwich, Connecticut",1977,2025-08-28,
IBM,IBM,0000051143,Information Technology,IT Consulting & Other Services,"Armonk, New York",1911,1996-01-02,
ICE,Intercontinental Exchange,0001571949,Financials,Financial Exchanges & Data,"Atlanta, Georgia",2000,2007-09-26,
IDXX,Idexx Laboratories,0000874716,Health Care,Health Care Equipment,"Westbrook, Maine",1983,2017-01-05,
IEX,IDEX Corporation,0000832101,Industrials,Industrial Machinery & Supplies & Components,"Northbrook, Illinois",1988,2019-08-09,
IFF,International Flavors & Fragrances,0000051253,Materials,Specialty Chemicals,"New York City, New York",1958 (1889),1996-01-02,
IGT,,0000353944,Consumer Discretionary,,,,2001-09-04,2014-06-20
IKN,,0000003370,Industrials,,,,1996-01-02,2000-06-29
ILMN,"ILLUMINA, INC.",0001110803,Health Care,,,,2015-11-19,2024-06-24
IMNX,,0000719529,Health Care,,,,2001-09-21,2002-07-16
INCLF,,0000049996,Materials,,,,1996-01-02,2002-07-22
INCY,Incyte,0000879169,Health Care,Biotechnology,"Wilmington, Delaware",1991,2017-02-28,
INFO,,0001598014,Information Technology,,,,2017-06-02,2022-03-02
INGR,Ingredion Inc,0001046257,Consumer Staples,,,,1996-01-02,1997-07-28
INTC,Intel,0000050863,Information Technology,Semiconductors,"Santa Clara, California",1968,1996-01-02,
INTU,Intuit,0000896878,Information Technology,Application Software,"Mountain View, California",1983,2000-12-11,
INVH,Invitation Homes,0001687229,Real Estate,Single-Family Residential REITs,"Dallas, Texas",2012,2022-09-19,
IP,International Paper,0000051434,Materials,Paper & Plastic Packaging Products & Materials,"Memphis, Tennessee",1898,1996-01-02,
IPG,,0000051644,Communication Services,,,,1996-01-02,2025-11-28
IPGP,IPG PHOTONICS CORP,0001111928,Information Technology,,,,2018-03-07,2022-06-21
IQV,IQVIA,0001478242,Health Care,Life Sciences Tools & Services,"Durham, North Carolina",1982,2017-08-29,
IR,Ingersoll Rand,0001699150,Industrials,Industrial Machinery & Supplies & Components,"Davidson, North Carolina",1859,1996-01-02,2009-07-01
IRM,Iron Mountain,0001020569,Real Estate,Other Specialized REITs,"Portsmouth, New Hampshire",1951,2009-01-06,
ISRG,Intuitive Surgical,0001035267,Health Care,Health Care Equipment,"Sunnyvale, California",1995,2008-06-02,
IT,Gartner,0000749251,Information Technology,IT Consulting & Other Services,"Stamford, Connecticut",1979,2017-04-05,
ITT,ITT INC.,0000216228,Industrials,,,,1996-01-02,2011-11-01
ITW,Illinois Tool Works,0000049826,Industrials,Industrial Machinery & Supplies & Components,"Glenview, Illinois",1912,1996-01-02,
IVZ,Invesco,0000914208,Financials,Asset Management & Custody Banks,"Atlanta, Georgia",1935,2008-08-21,
J,Jacobs Solutions,0000052988,Industrials,Construction & Engineering,"Dallas, Texas",1947,2007-10-26,2019-12-10
JAVA,,0000709519,Information Technology,,,,1996-01-02,2010-01-27
JBHT,J.B. Hunt,0000728535,Industrials,Cargo Ground Transportation,"Lowell, Arkansas",1961,2015-07-01,
JBL,Jabil,0000898293,Information Technology,Electronic Manufacturing Services,"St. Petersburg, Florida",1966,2001-01-30,2014-11-05
JCI,Johnson Controls,0000833444,Industrials,Building Products,"Cork, Ireland",1885,1996-01-02,
JCP,,0001166126,Consumer Discretionary,,,,1996-01-02,2013-12-02
JEC,Jacobs Solutions,0000052988,Industrials,Construction & Engineering,"Dallas, Texas",1947,2007-10-26,2019-12-10
JEF,Jefferies Financial Group Inc.,0000096223,Financials,,,,2007-08-27,2019-09-26
JHF,,0000736260,Financials,,,,2001-06-29,2004-04-29
JKHY,Jack Henry & Associates,0000779152,Financials,Transaction & Payment Processing Services,"Monett, Missouri",1976,2018-11-13,
JNJ,Johnson & Johnson,0000200406,Health Care,Pharmaceuticals,"New Brunswick, New Jersey",1886,1996-01-02,
JNPR,,0001043604,Information Technology,,,,2006-06-02,2025-07-09
JNS,,0001065865,Financials,,,,2000-07-13,2011-11-23
JNY,,0000874016,Consumer Discretionary,,,,2001-12-17,2009-03-04
JOS,,0000054050,Consumer Discretionary,,,,1996-01-02,2000-05-10
JOY,,0000801898,Industrials,,,,2011-02-28,2015-10-08
JP,,0000053347,Financials,,,,1996-01-02,2006-04-03
JPM,JPMorgan Chase,0000019617,Financials,Diversified Banks,"New York City, New York",2000 (1799 / 1871),1996-01-02,
JWN,,0000072333,Consumer Discretionary,,,,1996-01-02,2020-06-22
K,,0000055067,Consumer Staples,,,,1996-01-02,2025-12-11
KATE,,0000352363,Consumer Discretionary,,,,1996-01-02,2008-12-02
KBH,KB HOME,0000795266,Consumer Discretionary,,,,1996-01-02,2009-12-21
KDP,Keurig Dr Pepper,0001418135,Consumer Staples,Soft Drinks & Non-alcoholic Beverages,"Burlington, Massachusetts",1981,2008-10-07,2018-07-02
KEY,KeyCorp,0000091576,Financials,Regional Banks,"Cleveland, Ohio",1825,1996-01-02,
KEYS,Keysight Technologies,0001601046,Information Technology,Electronic Equipment & Instruments,"Santa Rosa, California",2014 (1939),2018-11-06,
KG,Kestrel Group Ltd,0002055116,Financials,,,,2000-10-03,2010-12-20
KHC,Kraft Heinz,0001637459,Consumer Staples,Packaged Foods & Meats,"Chicago, Illinois; Pittsburgh, Pennsylvania",2015 (1869),2015-07-06,
KIM,Kimco Realty,0000879101,Real Estate,Retail REITs,"Jericho, New York",1958,2006-04-03,
KKR,KKR & Co.,0001404912,Financials,Asset Management & Custody Banks,"New York City, New York",1976,2024-06-24,
KLAC,KLA Corporation,0000319201,Information Technology,Semiconductor Materials & Equipment,"Milpitas, California",1975/1977 (1997),1997-09-15,
KM,,0000056824,Consumer Staples,,,,1996-01-02,2002-01-17
KMB,Kimberly-Clark,0000055785,Consumer Staples,Household Products,"Irving, Texas",1872,1996-01-02,
KMG,,0001141185,Energy,,,,1996-01-02,2006-08-11
KMG_B,,0001141185,Energy,,,,1996-01-02,2006-08-11
KMI,Kinder Morgan,0001506307,Energy,Oil & Gas Storage & Transportation,"Houston, Texas",1997,2000-12-12,2007-05-31
KMX,CARMAX INC,0001170010,Consumer Discretionary,,,,2010-06-28,2025-10-31
KO,Coca-Cola Company (The),0000021344,Consumer Staples,Soft Drinks & Non-alcoholic Beverages,"Atlanta, Georgia",1886,1996-01-02,
KR,Kroger,0000056873,Consumer Staples,Food Retail,"Cincinnati, Ohio",1883,1996-01-02,
KRB,,0000870517,Financials,,,,1996-01-02,2006-01-03
KRFT,,0001545158,Consumer Staples,,,,2012-10-02,2015-07-06
KRI,,0000205520,Communication Services,,,,1996-01-02,2006-06-28
KSE,,0001062379,Energy,,,,2000-08-21,2007-08-27
KSS,KOHLS Corp,0000885639,Consumer Discretionary,,,,1998-08-14,2020-09-21
KSU,,0000054480,Industrials,,,,1999-04-05,2021-12-14
KVUE,Kenvue,0001944048,Consumer Staples,Personal Care Products,"Skillman, New Jersey",2022 (Johnson & Johnson spinoff),2023-08-25,
L,Loews Corporation,0000060086,Financials,Multi-line Insurance,"New York City, New York",1959,1996-01-02,
LB,LandBridge Co LLC,0001995807,Energy,,,,1996-01-02,2021-08-03
LDG,,0000764762,Consumer Staples,,,,1996-01-02,2001-07-02
LDOS,Leidos,0001336920,Industrials,Diversified Support Services,"Reston, Virginia",1969,2009-12-21,2013-09-23
LEG,LEGGETT & PLATT INC,0000058492,Consumer Discretionary,,,,1999-10-18,2021-12-20
LEHMQ,,0000806085,Financials,,,,1998-01-12,2008-09-17
LEN,Lennar,0000920760,Consumer Discretionary,Homebuilding,"Miami, Florida",1954,2005-10-04,
LH,Labcorp,0000920148,Health Care,Health Care Services,"Burlington, North Carolina",1978,2004-11-01,
LHX,L3Harris,0000202058,Industrials,Aerospace & Defense,"Melbourne, Florida","2019 (L3 1997, Harris 1895)",1996-01-02,2019-06-01
LIFE,Ethos Technologies Inc.,0001788451,Financials,,,,2008-11-24,2014-01-24
LII,Lennox International,0001069202,Industrials,Building Products,"Richardson, Texas",1895,2024-12-23,
LIN,Linde plc,0001707925,Materials,Industrial Gases,"Guildford, United Kingdom",1879,2018-11-06,
LITE,Lumentum,0001633978,Information Technology,Communications Equipment,"San Jose, California",2015,2026-03-23,
LKQ,LKQ CORP,0001065696,Industrials,,,,2016-05-23,2025-12-22
LLL,,0001056239,Information Technology,,,,2004-12-01,2019-07-01
LLTC,,0000791907,Information Technology,,,,2000-04-03,2017-03-13
LLY,Lilly (Eli),0000059478,Health Care,Pharmaceuticals,"Indianapolis, Indiana",1876,1996-01-02,
LM,,0000704051,Financials,,,,2006-04-24,2016-12-02
LMT,Lockheed Martin,0000936468,Industrials,Aerospace & Defense,"Bethesda, Maryland",1995,1996-01-02,
LNC,LINCOLN NATIONAL CORP,0000059558,Financials,,,,1996-01-02,2023-09-18
LNT,Alliant Energy,0000352541,Utilities,Electric Utilities,"Madison, Wisconsin",1917,2016-07-01,
LO,,0001424847,Consumer Staples,,,,2008-06-11,2015-06-12
LOW,Lowe's,0000060667,Consumer Discretionary,Home Improvement Retail,"Mooresville, North Carolina",1904/1946/1959,1996-01-02,
LPX,LOUISIANA-PACIFIC CORP,0000060519,Industrials,,,,1996-01-02,2006-11-10
LRCX,Lam Research,0000707549,Information Technology,Semiconductor Materials & Equipment,"Fremont, California",1980,2012-06-05,
LSI,,0000703360,Information Technology,,,,1996-01-02,2014-05-07
LULU,Lululemon Athletica,0001397187,Consumer Discretionary,"Apparel, Accessories & Luxury Goods","Vancouver, Canada",1998,2023-10-18,
LUMN,"Lumen Technologies, Inc.",0000018926,Communication Services,,,,1999-03-25,2023-03-20
LUV,Southwest Airlines,0000092380,Industrials,Passenger Airlines,"Dallas, Texas",1967,1996-01-02,
LVLT,,0000794323,Communication Services,,,,2014-11-05,2017-10-13
LVS,Las Vegas Sands,0001300514,Consumer Discretionary,Casinos & Gaming,"Las Vegas, Nevada",1988,2019-10-03,
LW,"Lamb Weston Holdings, Inc.",0001679273,Consumer Staples,,,,2018-12-03,2026-03-23
LXK,,0001001288,Information Technology,,,,1999-08-13,2012-10-01
LYB,LyondellBasell,0001489393,Materials,Specialty Chemicals,"Rotterdam, Netherlands",2007,2012-09-05,
LYV,Live Nation Entertainment,0001335258,Communication Services,Movies & Entertainment,"Beverly Hills, California",2010,2019-12-23,
M,"Macy's, Inc.",0000794367,Consumer Discretionary,,,,1996-01-02,2020-04-06
MA,Mastercard,0001141391,Financials,Transaction & Payment Processing Services,"Harrison, New York",1966,2008-07-18,
MAA,Mid-America Apartment Communities,0000912595,Real Estate,Multi-Family Residential REITs,"Memphis, Tennessee",1977,2016-12-02,
MAC,MACERICH CO,0000912242,Real Estate,,,,2013-05-09,2019-12-23
MAR,Marriott International,0001048286,Consumer Discretionary,"Hotels, Resorts & Cruise Lines","Bethesda, Maryland",1927,1998-05-21,
MAS,Masco,0000062996,Industrials,Building Products,"Livonia, Michigan",1929,1996-01-02,
MAT,MATTEL INC /DE/,0000063276,Consumer Discretionary,,,,1996-01-02,2019-06-07
MAY,,0000063416,Consumer Discretionary,,,,1996-01-02,2005-08-29
MBI,MBIA INC,0000814585,Financials,,,,1996-12-03,2009-12-21
MCD,McDonald's,0000063908,Consumer Discretionary,Restaurants,"Chicago, Illinois",1940,1996-01-02,
MCHP,Microchip Technology,0000827054,Information Technology,Semiconductors,"Chandler, Arizona",1989,2007-09-07,
MCK,McKesson Corporation,0000927653,Health Care,Health Care Distributors,"Irving, Texas",1833,1999-01-13,
MCO,Moody's Corporation,0001059556,Financials,Financial Exchanges & Data,"New York City, New York",1909,1996-01-02,
MD,"Pediatrix Medical Group, Inc.",0000893949,Health Care,,,,1996-01-02,1997-08-01
MDLZ,Mondelez International,0001103982,Consumer Staples,Packaged Foods & Meats,"Chicago, Illinois",2012,2007-04-02,
MDP,,0000065011,Communication Services,,,,1996-01-02,2011-01-04
MDR,,0000708819,Industrials,,,,1996-01-02,2003-08-20
MDT,Medtronic,0001613103,Health Care,Health Care Equipment,"Galway, Ireland",1949,1996-01-02,
MEA,,0000064394,Materials,,,,1996-01-02,2002-01-30
MEDI,,0000873591,Health Care,,,,2000-06-16,2007-06-01
MEE,,0000037748,Energy,,,,1996-01-02,2011-06-02
MEL,,0000064782,Financials,,,,1996-01-02,2007-07-02
MER,,0000065100,Financials,,,,1996-01-02,2009-01-02
MERQ,,0000867058,Information Technology,,,,2000-06-29,2006-01-04
MET,MetLife,0001099219,Financials,Life & Health Insurance,"New York City, New York",1868,2000-12-11,
META,Meta Platforms,0001326801,Communication Services,Interactive Media & Services,"Menlo Park, California",2004,2013-12-23,2022-06-09
MFE,,0000890801,Information Technology,,,,2008-12-23,2011-03-01
MGM,MGM Resorts,0000789570,Consumer Discretionary,Casinos & Gaming,"Paradise, Nevada",1986,2017-07-26,
MHK,MOHAWK INDUSTRIES INC,0000851968,Consumer Discretionary,,,,2013-12-23,2025-12-22
MHS,,0001170650,Consumer Staples,,,,2003-08-20,2012-04-02
MI,NFT Ltd,0001399315,Financials,,,,2002-02-11,2011-07-06
MIL,,0000066479,Health Care,,,,1996-01-02,2010-07-15
MIR,"Mirion Technologies, Inc.",0001809987,Industrials,,,,1997-08-07,2003-07-17
MJN,,0001452575,Consumer Staples,,,,2009-12-21,2017-06-15
MKC,McCormick & Company,0000063754,Consumer Staples,Packaged Foods & Meats,"Hunt Valley, Maryland",1889,2003-03-21,
MKG,,0000051396,Health Care,,,,1996-01-02,2000-10-18
MKTX,MARKETAXESS HOLDINGS INC,0001278021,Financials,,,,2019-07-01,2025-09-22
MLM,Martin Marietta Materials,0000916076,Materials,Construction Materials,"Raleigh, North Carolina",1993,2014-07-02,
MMC,Marsh McLennan,0000062709,Financials,Insurance Brokers,"New York City, New York",1905,1996-01-02,2026-01-14
MMI,"Marcus & Millichap, Inc.",0001578732,Real Estate,,,,2011-01-04,2012-05-22
MMM,3M,0000066740,Industrials,Industrial Conglomerates,"Saint Paul, Minnesota",1902,1996-01-02,
MNK,,0001567892,Health Care,,,,2014-08-19,2017-07-26
MNR,MACH NATURAL RESOURCES LP,0001980088,Energy,,,,1996-01-02,1998-09-28
MNST,Monster Beverage,0000865752,Consumer Staples,Soft Drinks & Non-alcoholic Beverages,"Corona, California",2012 (1935),2012-06-29,
MO,Altria,0000764180,Consumer Staples,Tobacco,"Richmond, Virginia",1985,1996-01-02,
MOH,"MOLINA HEALTHCARE, INC.",0001179929,Health Care,,,,2022-03-02,2026-03-23
MOLX,,0000067472,Information Technology,,,,1999-12-01,2013-12-09
MON,,0001110783,Materials,,,,2002-08-14,2018-06-07
MOS,Mosaic Company (The),0001285785,Materials,Fertilizers & Agricultural Chemicals,"Tampa, Florida",2004 (1865 / 1909),2011-09-26,
MPC,Marathon Petroleum,0001510295,Energy,Oil & Gas Refining & Marketing,"Findlay, Ohio",2009 (1887),2011-07-01,
MPWR,Monolithic Power Systems,0001280452,Information Technology,Semiconductors,"Kirkland, Washington",1997,2021-02-12,
MRK,Merck & Co.,0000310158,Health Care,Pharmaceuticals,"Kenilworth, New Jersey",1891,1996-01-02,
MRNA,Moderna,0001682852,Health Care,Biotechnology,"Cambridge, Massachusetts",2010,2021-07-21,
MRO,,0000101778,Energy,,,,1996-01-02,2024-11-26
MRSH,Marsh McLennan,0000062709,Financials,Insurance Brokers,"New York City, New York",1905,1996-01-02,2026-01-14
MS,Morgan Stanley,0000895421,Financials,Investment Banking & Brokerage,"New York City, New York",1935,1996-01-02,
MSCI,MSCI Inc.,0001408198,Financials,Financial Exchanges & Data,"New York City, New York",1969,2018-04-04,
MSFT,Microsoft,0000789019,Information Technology,Systems Software,"Redmond, Washington",1975,1996-01-02,
MSI,Motorola Solutions,0000068505,Information Technology,Communications Equipment,"Chicago, Illinois",1928 (2011),1996-01-02,
MTB,M&T Bank,0000036270,Financials,Regional Banks,"Buffalo, New York",1856,2004-02-27,
MTCH,"Match Group, Inc.",0000891103,Information Technology,,,,2021-09-20,2026-03-23
MTD,Mettler Toledo,0001037646,Health Care,Life Sciences Tools & Services,"Columbus, Ohio",1945,2016-09-06,
MTG,MGIC INVESTMENT CORP,0000876437,Financials,,,,1996-07-19,2008-10-31
MTLQQ,,0000040730,Consumer Discretionary,,,,1996-01-02,2009-06-03
MTW,MANITOWOC CO INC,0000061986,Industrials,,,,2007-11-16,2009-09-01
MU,Micron Technology,0000723125,Information Technology,Semiconductors,"Boise, Idaho",1978,1996-01-02,
MUR,MURPHY OIL CORP,0000717423,Energy,,,,2005-08-15,2017-07-26
MWV,,0001159297,Materials,,,,1996-01-02,2015-07-02
MWW,,0001020416,Industrials,,,,2001-06-04,2011-12-19
MXIM,,0000743316,Information Technology,,,,2000-05-10,2021-08-30
MYG,,0000063541,Consumer Discretionary,,,,1996-01-02,2006-04-03
MYL,,0000069499,Health Care,,,,2004-04-23,2020-11-17
MZIAQ,,0000716823,Industrials,,,,1996-01-02,2000-06-29
NAV,,0000051303,Financials,,,,1996-01-02,2006-12-20
NAVI,NAVIENT CORP,0001593538,Financials,,,,2014-05-01,2018-06-05
NBL,,0000072207,Energy,,,,2007-10-08,2020-10-12
NBR,NABORS INDUSTRIES LTD,0001163739,Energy,,,,2000-10-18,2015-03-23
NC,NACCO INDUSTRIES INC,0000789933,Energy,,,,1996-01-02,2000-06-05
NCC,,0000069970,Financials,,,,1996-01-02,2009-01-02
NCLH,Norwegian Cruise Line Holdings,0001513761,Consumer Discretionary,"Hotels, Resorts & Cruise Lines","Miami-Dade County, Florida[4]",2011 (1966),2017-10-13,
NCR,,0000070866,Information Technology,,,,2000-01-04,2007-10-01
NDAQ,"Nasdaq, Inc.",0001120193,Financials,Financial Exchanges & Data,"New York City, New York",1971,2008-10-22,
NDSN,Nordson Corporation,0000072331,Industrials,Industrial Machinery & Supplies & Components,"Westlake, Ohio",1935,2022-02-15,
NE,Noble Corp plc,0001895262,Energy,,,,2001-01-16,2015-07-20
NEE,NextEra Energy,0000753308,Utilities,Multi-Utilities,"Juno Beach, Florida",1984 (1925),1996-01-02,
NEM,Newmont,0001164727,Materials,Gold,"Denver, Colorado",1921,1996-01-02,
NFB,,0000352510,Financials,,,,2002-07-17,2006-12-01
NFLX,Netflix,0001065280,Communication Services,Movies & Entertainment,"Los Gatos, California",1997,2010-12-20,
NFX,,0000912750,Energy,,,,2010-12-20,2019-02-15
NI,NiSource,0001111711,Utilities,Multi-Utilities,"Merrillville, Indiana",1912,2000-11-02,
NKE,"Nike, Inc.",0000320187,Consumer Discretionary,"Apparel, Accessories & Luxury Goods","Washington County, Oregon",1964,1996-01-02,
NKTR,NEKTAR THERAPEUTICS,0000906709,Health Care,,,,2018-03-19,2019-10-03
NLSN,,0001492633,Industrials,,,,2013-07-09,2022-10-12
NMK,,0000071932,Utilities,,,,1996-01-02,2002-02-01
NOC,Northrop Grumman,0001133421,Industrials,Aerospace & Defense,"West Falls Church, Virginia[3]","1994 (Northrop 1939, Grumman 1930)",1996-01-02,
NOV,NOV Inc.,0001021860,Industrials,,,,2005-03-14,2021-09-20
NOVL,,0000758004,Information Technology,,,,1996-01-02,2011-04-28
NOW,ServiceNow,0001373715,Information Technology,Systems Software,"Santa Clara, California",2003,2019-11-21,
NRG,NRG Energy,0001013871,Utilities,Independent Power Producers & Energy Traders,"Houston, Texas",1992,2010-01-29,
NRTLQ,,0000072911,Information Technology,,,,1996-01-02,2002-07-22
NSC,Norfolk Southern,0000702165,Industrials,Rail Transportation,"Atlanta, Georgia",1881/1894 (1980),1996-01-02,
NSI,,0000070538,Consumer Discretionary,,,,1996-01-02,2001-12-03
NSM,,0000070530,Information Technology,,,,1996-01-02,2011-09-26
NTAP,NetApp,0001002047,Information Technology,"Technology Hardware, Storage & Peripherals","San Jose, California",1992,1999-06-25,
NTRS,Northern Trust,0000073124,Financials,Asset Management & Custody Banks,"Chicago, Illinois",1889,1998-01-30,
NUE,Nucor,0000073309,Materials,Steel,"Charlotte, North Carolina",1940,1996-01-02,
NVDA,Nvidia,0001045810,Information Technology,Semiconductors,"Santa Clara, California",1993,2001-11-30,
NVLS,,0000836106,Industrials,,,,2000-06-19,2012-06-05
NVR,"NVR, Inc.",0000906163,Consumer Discretionary,Homebuilding,"Reston, Virginia",1980,2019-09-26,
NWL,NEWELL BRANDS INC.,0000814453,Materials,,,,1996-01-02,2023-09-18
NWSA,News Corp (Class B),0001564708,Communication Services,Publishing,"New York City, New York",2013 (News Corporation 1980),2013-07-01,
NXPI,NXP Semiconductors,0001413447,Information Technology,Semiconductors,"Eindhoven, Netherlands",1953,2021-03-22,
NXTL,,0000824169,Communication Services,,,,1998-04-01,2005-08-15
NYT,NEW YORK TIMES CO,0000071691,Communication Services,,,,1996-01-02,2010-12-20
NYX,,0001368007,Financials,,,,2007-10-25,2013-11-13
O,Realty Income,0000726728,Real Estate,Retail REITs,"San Diego, California",1969,2015-04-07,
ODFL,Old Dominion,0000878927,Industrials,Cargo Ground Transportation,"Thomasville, North Carolina",1934,2019-12-09,
ODP,,0000800240,Consumer Discretionary,,,,1999-06-24,2010-12-20
OGN,Organon & Co.,0001821825,Health Care,,,,2021-06-04,2023-10-18
OI,"O-I Glass, Inc. /DE/",0000812074,Materials,,,,1997-08-04,2016-12-02
OKE,Oneok,0001039684,Energy,Oil & Gas Storage & Transportation,"Tulsa, Oklahoma",1906,1996-01-02,2001-08-30
OM,"Outset Medical, Inc.",0001484612,Health Care,,,,1996-01-02,1996-10-01
OMC,Omnicom Group,0000029989,Communication Services,Advertising,"New York City, New York",1986,1997-12-24,
OMX,,0000012978,Industrials,,,,1996-01-02,2008-06-23
ON,ON Semiconductor,0001097864,Information Technology,Semiconductors,"Phoenix, Arizona",1999,2022-06-21,
ONE,,0001067092,Financials,,,,1996-01-02,2004-07-01
ORCL,Oracle Corporation,0001341439,Information Technology,Application Software,"Austin, Texas",1977,1996-01-02,
ORLY,O’Reilly Automotive,0000898173,Consumer Discretionary,Automotive Retail,"Springfield, Missouri",1957,2009-03-27,
OTIS,Otis Worldwide,0001781335,Industrials,Industrial Machinery & Supplies & Components,"Farmington, Connecticut","2020 (1853, United Technologies spinoff)",2020-04-03,
OWENQ,,0000075234,Materials,,,,1996-01-02,2000-10-02
OXY,Occidental Petroleum,0000797468,Energy,Oil & Gas Exploration & Production,"Houston, Texas",1920,1996-01-02,
PALM,,0001100389,Information Technology,,,,2000-07-28,2002-08-14
PANW,Palo Alto Networks,0001327567,Information Technology,Systems Software,"Santa Clara, California",2005,2023-06-20,
PARA,,0000813828,Communication Services,,,,1996-01-02,2025-08-08
PAYC,"Paycom Software, Inc.",0001590955,Information Technology,,,,2020-01-28,2026-03-23
PAYX,Paychex,0000723531,Industrials,Human Resource & Employment Services,"Penfield, New York",1971,1998-10-01,
PBCT,,0001378946,Financials,,,,2008-11-13,2022-04-04
PBG,,0001076405,Consumer Staples,,,,2001-05-14,2010-03-01
PBI,PITNEY BOWES INC /DE/,0000078814,Information Technology,,,,1996-01-02,2017-03-01
PBY,,0000077449,Consumer Discretionary,,,,1996-01-02,2000-04-03
PCAR,Paccar,0000075362,Industrials,Construction Machinery & Heavy Transportation Equipment,"Bellevue, Washington",1905,1996-01-02,
PCG,PG&E Corporation,0001004980,Utilities,Multi-Utilities,"Oakland, California",1905,1996-01-02,2019-01-18
PCH,,0000079716,Materials,,,,1996-01-02,2001-07-09
PCL,,0000849213,Real Estate,,,,2002-01-17,2016-02-22
PCP,,0000079958,Materials,,,,2007-06-01,2016-02-01
PCS,,0000101830,Communication Services,,,,1998-11-24,2004-04-23
PD,"PagerDuty, Inc.",0001568100,Information Technology,,,,1996-01-02,2007-03-20
PDCO,,0000891024,Industrials,,,,2005-10-11,2018-03-19
PEG,Public Service Enterprise Group,0000788784,Utilities,Electric Utilities,"Newark, New Jersey",1903,1996-01-02,
PENN,"PENN Entertainment, Inc.",0000921738,Consumer Discretionary,,,,2021-03-22,2022-09-19
PEP,PepsiCo,0000077476,Consumer Staples,Soft Drinks & Non-alcoholic Beverages,"Purchase, New York",1898,1996-01-02,
PETM,,0000863157,Consumer Discretionary,,,,2012-10-05,2015-03-12
PFE,Pfizer,0000078003,Health Care,Pharmaceuticals,"New York City, New York",1849,1996-01-02,
PFG,Principal Financial Group,0001126328,Financials,Life & Health Insurance,"Des Moines, Iowa",1879,2002-07-22,
PG,Procter & Gamble,0000080424,Consumer Staples,Personal Care Products,"Cincinnati, Ohio",1837,1996-01-02,
PGL,,0000077385,Energy,,,,1996-01-02,2007-02-22
PGN,,0001094093,Utilities,,,,1996-01-02,2012-07-02
PGR,Progressive Corporation,0000080661,Financials,Property & Casualty Insurance,"Mayfield Village, Ohio",1937,1997-08-04,
PH,Parker Hannifin,0000076334,Industrials,Industrial Machinery & Supplies & Components,"Cleveland, Ohio",1917,1996-01-02,
PHA,,0000067686,Materials,,,,1996-01-02,2003-04-16
PHM,PulteGroup,0000822416,Consumer Discretionary,Homebuilding,"Atlanta, Georgia",1956,1996-01-02,
PKG,Packaging Corporation of America,0000075677,Materials,Paper & Plastic Packaging Products & Materials,"Lake Forest, Illinois",1959,2017-07-26,
PKI,Revvity,0000031791,Health Care,Health Care Equipment,"Waltham, Massachusetts",1937,1996-01-02,2023-05-16
PLD,Prologis,0001045609,Real Estate,Industrial REITs,"San Francisco, California",1983,2003-07-17,
PLL,,0000075829,Industrials,,,,1996-01-02,2015-08-31
PLTR,Palantir Technologies,0001321655,Information Technology,Application Software,"Aventura, Florida",2003,2024-09-23,
PM,Philip Morris International,0001413329,Consumer Staples,Tobacco,"New York City, New York",2008 (1847),2008-03-31,
PMCS,,0000767920,Information Technology,,,,2001-08-03,2007-07-02
PMI,"Picard Medical, Inc.",0002030617,Health Care,,,,1996-01-02,1996-05-31
PNC,PNC Financial Services,0000713676,Financials,Diversified Banks,"Pittsburgh, Pennsylvania",1845,1996-01-02,
PNR,Pentair,0000077360,Industrials,Industrial Machinery & Supplies & Components,"Worsley, United Kingdom",1966,2012-10-01,
PNW,Pinnacle West Capital,0000764622,Utilities,Multi-Utilities,"Phoenix, Arizona",1985,1999-10-04,
PODD,Insulet Corporation,0001145197,Health Care,Health Care Equipment,"Acton, Massachusetts",2000,2023-03-15,
POM,POMDOCTOR Ltd,0001135971,Utilities,,,,2007-11-09,2016-03-24
POOL,Pool Corporation,0000945841,Consumer Discretionary,Distributors,"Covington, Louisiana",1993,2020-10-07,
PPG,PPG Industries,0000079879,Materials,Specialty Chemicals,"Pittsburgh, Pennsylvania",1883,1996-01-02,
PPL,PPL Corporation,0000922224,Utilities,Electric Utilities,"Allentown, Pennsylvania",1920,1996-01-02,
PRD,,0000079326,Health Care,,,,1996-01-02,2000-12-12
PRGO,PERRIGO Co plc,0001585364,Health Care,,,,2011-12-19,2021-09-20
PRU,Prudential Financial,0001137774,Financials,Life & Health Insurance,"Newark, New Jersey",1875,2002-07-22,
PSA,Public Storage,0001393311,Real Estate,Self-Storage REITs,"Glendale, California",1972,2005-08-19,
PSFT,,0000875570,Information Technology,,,,1998-10-02,2004-12-29
PSKY,Paramount Skydance Corporation,0002041610,Communication Services,Movies & Entertainment,"Los Angeles, California",2025 (Paramount Pictures 1912),2025-08-08,
PSX,Phillips 66,0001534701,Energy,Oil & Gas Refining & Marketing,"Houston, Texas",2012 (1917),2012-05-01,
PTC,PTC Inc.,0000857005,Information Technology,Application Software,"Boston, Massachusetts",1985,1997-04-03,2007-01-03
PTV,,0001089976,Materials,,,,1999-11-05,2010-11-17
PVH,PVH CORP. /DE/,0000078239,Consumer Discretionary,,,,2013-02-14,2022-09-19
PVN,,0001035713,Financials,,,,1996-01-02,2005-10-03
PWER,,0001042825,Information Technology,,,,2000-10-23,2005-03-14
PWR,Quanta Services,0001050915,Industrials,Construction & Engineering,"Houston, Texas",1997,2009-07-01,
PX,,0000884905,Materials,,,,1996-01-02,2018-10-31
PXD,,0001038357,Energy,,,,2008-09-24,2024-05-08
PYPL,PayPal,0001633917,Financials,Transaction & Payment Processing Services,"San Jose, California",1998,2015-07-20,
Q,Qnity Electronics,0002058873,Information Technology,Semiconductor Materials & Equipment,"Wilmington, Delaware",2025,2000-07-06,2011-04-01
QCOM,Qualcomm,0000804328,Information Technology,Semiconductors,"San Diego, California",1985,1999-07-22,
QEP,,0001108827,Energy,,,,2010-07-01,2015-07-01
QLGC,,0000918386,Information Technology,,,,2000-12-12,2011-01-18
QRVO,"Qorvo, Inc.",0001604778,Information Technology,,,,2015-06-12,2024-12-23
QTRN,,0000919623,Health Care,,,,1999-11-16,2003-09-26
R,RYDER SYSTEM INC,0000085961,Consumer Discretionary,,,,1996-01-02,2017-06-19
RAD,,0000084129,Consumer Staples,,,,1996-01-02,2000-07-27
RAI,,0001275283,Consumer Staples,,,,2002-09-04,2017-07-25
RAI_B,,0001275283,Consumer Staples,,,,2002-09-04,2017-07-25
RAL,Ralliant Corp,0002041385,Industrials,,,,1996-01-02,2001-12-13
RATL,,0000722056,Information Technology,,,,2002-02-01,2003-02-21
RBK,,0000770949,Consumer Discretionary,,,,1996-01-02,2006-02-01
RCL,Royal Caribbean Group,0000884887,Consumer Discretionary,"Hotels, Resorts & Cruise Lines","Miami, Florida",1997,2014-12-05,
RDC,,0000085408,Energy,,,,1996-01-02,2014-08-19
REG,Regency Centers,0000910606,Real Estate,Retail REITs,"Jacksonville, Florida",1963,2017-03-02,
REGN,Regeneron Pharmaceuticals,0000872589,Health Care,Biotechnology,"Tarrytown, New York",1988,2013-05-01,
RF,Regions Financial Corporation,0001281761,Financials,Regional Banks,"Birmingham, Alabama",1971,1998-08-28,
RHI,ROBERT HALF INC.,0000315213,Industrials,,,,2000-12-05,2024-06-24
RHT,,0001087423,Information Technology,,,,2009-07-27,2019-07-15
RIG,Transocean Ltd.,0001451505,Energy,,,,1999-12-31,2017-07-26
RJF,Raymond James Financial,0000720005,Financials,Investment Banking & Brokerage,"St. Petersburg, Florida",1962,2017-03-20,
RL,Ralph Lauren Corporation,0001037038,Consumer Discretionary,"Apparel, Accessories & Luxury Goods","New York City, New York",1967,2007-02-02,
RMD,ResMed,0000943819,Health Care,Health Care Equipment,"San Diego, California",1989,2017-07-26,
RML,,0000085812,Consumer Discretionary,,,,1996-01-02,2000-12-12
ROH,,0000084792,Materials,,,,1996-01-02,2009-04-02
ROK,Rockwell Automation,0001024478,Industrials,Electrical Components & Equipment,"Milwaukee, Wisconsin",1903,1996-01-02,
ROL,"Rollins, Inc.",0000084839,Industrials,Environmental & Facilities Services,"Atlanta, Georgia",1948,2018-10-01,
ROP,Roper Technologies,0000882835,Information Technology,Electronic Equipment & Instruments,"Sarasota, Florida",1981,2009-12-23,
ROST,Ross Stores,0000745732,Consumer Discretionary,Apparel Retail,"Dublin, California",1982,2009-12-21,
RRC,RANGE RESOURCES CORP,0000315852,Energy,,,,2007-12-21,2018-06-18
RRD,,0000029669,Communication Services,,,,1996-01-02,2012-12-12
RSG,Republic Services,0001060391,Industrials,Environmental & Facilities Services,"Phoenix, Arizona",1998 (1981),2008-12-05,
RSHCQ,,0000096289,Consumer Discretionary,,,,1996-01-02,2011-07-01
RTN,,0001047122,Industrials,,,,1996-01-02,2020-04-06
RTX,RTX Corporation,0000101829,Industrials,Aerospace & Defense,"Waltham, Massachusetts",1922,1996-01-02,2020-04-03
RVTY,Revvity,0000031791,Health Care,Health Care Equipment,"Waltham, Massachusetts",1937,1996-01-02,2023-05-16
RX,,0001058083,Information Technology,,,,1996-11-04,2010-02-26
RYAN,"RYAN SPECIALTY HOLDINGS, INC.",0001849253,Financials,,,,1996-01-02,1997-01-02
S,"SentinelOne, Inc.",0001583708,Information Technology,,,,1996-01-02,2013-07-09
SAF,,0000086104,Financials,,,,1996-01-02,2008-09-23
SANM,SANMINA CORP,0000897723,Information Technology,,,,2000-06-21,2007-07-02
SAPE,,0001008817,Information Technology,,,,2000-05-05,2002-05-13
SATS,EchoStar,0001415404,Communication Services,Wireless Telecommunication Services,"Englewood, Colorado",2008,2026-03-23,
SBAC,SBA Communications,0001034054,Real Estate,Telecom Tower REITs,"Boca Raton, Florida",1989,2017-09-01,
SBL,,0000278352,Information Technology,,,,2000-12-11,2007-01-10
SBUX,Starbucks,0000829224,Consumer Discretionary,Restaurants,"Seattle, Washington",1971,2000-06-08,
SCG,,0000754737,Utilities,,,,2009-01-02,2019-01-02
SCHW,Charles Schwab Corporation,0000316709,Financials,Investment Banking & Brokerage,"Westlake, Texas",1971,1997-06-02,
SCI,SERVICE CORP INTERNATIONAL,0000089089,Consumer Discretionary,,,,1996-01-02,2000-03-16
SDS,,0000789388,Information Technology,,,,2002-07-22,2005-08-12
SE,Sea Ltd,0001373835,Energy,,,,2007-01-03,2017-02-27
SEDG,"SOLAREDGE TECHNOLOGIES, INC.",0001419612,Information Technology,,,,2021-12-20,2023-10-18
SEE,,0001012100,Materials,,,,1998-04-01,2023-10-18
SEG,Seaport Entertainment Group Inc.,0002009684,Communication Services,,,,1996-08-16,2000-11-22
SFA,,0000087777,Information Technology,,,,1996-01-02,2006-02-27
SGID,,0000802301,Information Technology,,,,1996-01-02,2000-06-21
SGP,"SpyGlass Pharma, Inc.",0001778922,Health Care,,,,1996-01-02,2009-11-04
SHLD,,0001310067,Consumer Discretionary,,,,2005-03-28,2012-09-05
SHW,Sherwin-Williams,0000089800,Materials,Specialty Chemicals,"Cleveland, Ohio",1866,1996-01-02,
SIAL,,0000090185,Industrials,,,,1996-01-02,2015-11-18
SIG,SIGNET JEWELERS LTD,0000832988,Consumer Discretionary,,,,2015-07-29,2018-03-19
SII,SPROTT INC.,0000721083,Industrials,,,,2006-10-02,2010-08-27
SIVB,,0000719739,Financials,,,,2018-03-19,2023-03-15
SJM,J.M. Smucker Company (The),0000091419,Consumer Staples,Packaged Foods & Meats,"Orrville, Ohio",1897,2008-11-06,
SLB,Schlumberger,0000087347,Energy,Oil & Gas Equipment & Services,"Houston, Texas",1926,1996-01-02,
SLG,SL GREEN REALTY CORP,0001040971,Real Estate,,,,2015-03-23,2021-03-22
SLM,SLM Corp,0001032033,Financials,,,,1998-07-01,2014-05-01
SLR,,0000835541,Information Technology,,,,1998-12-31,2007-10-02
SMCI,Supermicro,0001375365,Information Technology,"Technology Hardware, Storage & Peripherals","San Jose, California",1993,2024-03-18,
SMI,,0000093102,Consumer Discretionary,,,,1996-01-02,2000-12-12
SNA,Snap-on,0000091440,Industrials,Industrial Machinery & Supplies & Components,"Kenosha, Wisconsin",1920,1996-01-02,
SNDK,Sandisk,0002023554,Information Technology,"Technology Hardware, Storage & Peripherals","Milpitas, California",1988,2006-04-20,2016-05-12
SNI,,0001430602,Communication Services,,,,2008-07-01,2018-03-07
SNPS,Synopsys,0000883241,Information Technology,Application Software,"Sunnyvale, California",1986,2017-03-16,
SNV,,0000018349,Financials,,,,1997-12-01,2008-01-02
SO,Southern Company,0000092122,Utilities,Electric Utilities,"Atlanta, Georgia",1945,1996-01-02,
SOLS,Solstice Advanced Materials Inc.,0002064953,Materials,,,,2025-10-30,2025-12-22
SOLV,Solventum,0001964738,Health Care,Health Care Technology,"Saint Paul, Minnesota",2023,2024-04-03,
SOV,,0000811830,Financials,,,,2004-07-01,2009-01-30
SPG,Simon Property Group,0001063761,Real Estate,Retail REITs,"Indianapolis, Indiana",2003,2002-06-26,
SPGI,S&P Global,0000064040,Financials,Financial Exchanges & Data,"New York City, New York",1917,1996-01-02,
SPLS,,0000791519,Consumer Discretionary,,,,1998-10-07,2017-09-13
SRCL,,0000861878,Utilities,,,,2008-11-19,2018-12-03
SRE,Sempra,0001032208,Utilities,Multi-Utilities,"San Diego, California",1998,1998-06-29,
SSP,E.W. SCRIPPS Co,0000832428,Communication Services,,,,2005-12-20,2008-07-01
STE,Steris,0001757898,Health Care,Health Care Equipment,"Dublin, Ireland",1985,2019-12-23,
STI,Solidion Technology Inc.,0001881551,Industrials,,,,1996-01-02,2019-12-09
STJ,,0000203077,Health Care,,,,1996-01-02,2017-01-05
STLD,Steel Dynamics,0001022671,Materials,Steel,"Fort Wayne, Indiana",1993,2022-12-22,
STR,,0000751652,Energy,,,,2006-12-01,2010-07-01
STT,State Street Corporation,0000093751,Financials,Asset Management & Custody Banks,"Boston, Massachusetts",1792,1997-08-18,
STX,Seagate Technology,0001137789,Information Technology,"Technology Hardware, Storage & Peripherals","Dublin, Ireland",1979,2012-07-02,
STZ,Constellation Brands,0000016918,Consumer Staples,Distillers & Vintners,"Rochester, New York",1945,2005-07-05,
SUN,Sunoco LP,0001552275,Energy,,,,1996-01-02,2012-10-05
SUNEQ,,0000945436,Information Technology,,,,2007-05-31,2011-12-19
SVU,,0000095521,Consumer Staples,,,,1996-01-02,2012-05-01
SW,Smurfit Westrock,0002005951,Materials,Paper & Plastic Packaging Products & Materials,"Dublin, Ireland",1934,2024-07-08,
SWK,Stanley Black & Decker,0000093556,Industrials,Industrial Machinery & Supplies & Components,"New Britain, Connecticut",1843,1996-01-02,
SWKS,Skyworks Solutions,0000004127,Information Technology,Semiconductors,"Irvine, California",2002,2015-03-12,
SWN,,0000007332,Energy,,,,2008-06-06,2017-04-04
SWY,,0000086144,Consumer Staples,,,,1998-11-13,2015-01-27
SXCL,,0000709804,Energy,,,,1999-10-01,2001-05-14
SYF,Synchrony Financial,0001601712,Financials,Consumer Finance,"Stamford, Connecticut",2003,2015-11-18,
SYK,Stryker Corporation,0000310764,Health Care,Health Care Equipment,"Kalamazoo, Michigan",1941,2000-12-12,
SYMC,Gen Digital,0000849399,Information Technology,Systems Software,"Tempe, Arizona",1982,2003-03-31,2022-11-08
SYY,Sysco,0000096021,Consumer Staples,Food Distributors,"Houston, Texas",1969,1996-01-02,
T,AT&T,0000732717,Communication Services,Integrated Telecommunication Services,"Dallas, Texas",1983 (1885),1996-01-02,
TAP,Molson Coors Beverage Company,0000024545,Consumer Staples,Brewers,"Chicago, Illinois","2005 (Molson 1786, Coors 1873)",1996-01-02,
TDC,TERADATA CORP /DE/,0000816761,Information Technology,,,,2007-10-01,2017-06-19
TDG,TransDigm Group,0001260221,Industrials,Aerospace & Defense,"Cleveland, Ohio",1993,2016-06-03,
TDY,Teledyne Technologies,0001094285,Information Technology,Electronic Equipment & Instruments,"Thousand Oaks, California",1960,2020-06-22,
TE,T1 Energy Inc.,0001992243,Information Technology,,,,2001-10-10,2016-07-01
TECH,Bio-Techne,0000842023,Health Care,Life Sciences Tools & Services,"Minneapolis, Minnesota",1976,2021-08-30,
TEG,,0000916863,Utilities,,,,2007-02-22,2015-06-30
TEK,,0000096879,Information Technology,,,,1996-01-02,2007-11-16
TEL,TE Connectivity,0001385157,Information Technology,Electronic Manufacturing Services,"Galway, Ireland",2007,2007-07-02,2009-06-26
TER,Teradyne,0000097210,Information Technology,Semiconductor Materials & Equipment,"North Reading, Massachusetts",1960,1999-11-15,2013-12-23
TEX,TEREX CORP,0000097216,Industrials,,,,2006-12-20,2008-11-06
TFC,Truist Financial,0000092230,Financials,Diversified Banks,"Charlotte, North Carolina",1872,2019-12-09,
TFX,TELEFLEX INC,0000096943,Health Care,,,,2019-01-18,2025-03-24
TGNA,,0000039899,Communication Services,,,,1996-01-02,2017-06-02
TGT,Target Corporation,0000027419,Consumer Staples,Consumer Staples Merchandise Retail,"Minneapolis, Minnesota",1902,1996-01-02,
THC,TENET HEALTHCARE CORP,0000070318,Health Care,,,,1996-01-02,2016-04-18
TIE,,0001011657,Materials,,,,2007-10-29,2012-12-24
TIF,,0000098246,Consumer Discretionary,,,,2000-06-21,2021-01-07
TIN,,0000731939,Materials,,,,1996-01-02,2007-12-31
TJX,TJX Companies,0000109198,Consumer Discretionary,Apparel Retail,"Framingham, Massachusetts",1987,1996-01-02,
TKO,TKO Group Holdings,0001973266,Communication Services,Movies & Entertainment,"New York City, New York",2023,2025-03-24,
TKR,TIMKEN CO,0000098362,Industrials,,,,1996-01-02,2001-08-07
TLAB,,0000317771,Information Technology,,,,1996-01-02,2011-12-21
TMC,TMC the metals Co Inc.,0001798562,Materials,,,,1996-01-02,2000-06-13
TMK,Globe Life,0000320335,Financials,Life & Health Insurance,"McKinney, Texas",1900,1996-01-02,2019-08-08
TMO,Thermo Fisher Scientific,0000097745,Health Care,Life Sciences Tools & Services,"Waltham, Massachusetts",2006 (1902),1997-01-02,
TMUS,T-Mobile US,0001283699,Communication Services,Wireless Telecommunication Services,"Bellevue, Washington",1994,2009-06-30,2013-05-01
TNB,,0000097854,Information Technology,,,,1996-01-02,2004-08-03
TOS,,0000074091,Energy,,,,1999-09-20,2001-09-17
TOY,,0001005414,Consumer Discretionary,,,,1996-01-02,2005-07-22
TPL,Texas Pacific Land Corporation,0001811074,Energy,Oil & Gas Exploration & Production,"Dallas, Texas",1888,2024-11-26,
TPR,"Tapestry, Inc.",0001116132,Consumer Discretionary,"Apparel, Accessories & Luxury Goods","New York City, New York",2017,2004-09-01,
TRB,,0000726513,Communication Services,,,,1996-01-02,2007-12-21
TRGP,Targa Resources,0001389170,Energy,Oil & Gas Storage & Transportation,"Houston, Texas",2005,2022-10-12,
TRIP,"TripAdvisor, Inc.",0001526520,Consumer Discretionary,,,,2011-12-21,2019-12-23
TRMB,Trimble Inc.,0000864749,Information Technology,Application Software,"Westminster, Colorado",1978,2021-01-21,
TROW,T. Rowe Price,0001113169,Financials,Asset Management & Custody Banks,"Baltimore, Maryland",1937,1999-10-13,
TRV,Travelers Companies (The),0000086312,Financials,Property & Casualty Insurance,"New York City, New York",1853,1996-01-02,
TRW,,0000100030,Consumer Discretionary,,,,1996-01-02,2002-12-12
TSCO,Tractor Supply,0000916365,Consumer Discretionary,Other Specialty Retail,"Brentwood, Tennessee",1938,2014-01-24,
TSG,,0001020265,Industrials,,,,2000-03-16,2007-04-02
TSLA,"Tesla, Inc.",0001318605,Consumer Discretionary,Automobile Manufacturers,"Austin, Texas",2003,2020-12-21,
TSN,Tyson Foods,0000100493,Consumer Staples,Packaged Foods & Meats,"Springdale, Arkansas",1935,2005-08-11,
TSS,,0000721683,Industrials,,,,2008-01-02,2019-09-23
TT,Trane Technologies,0001466258,Industrials,Building Products,"Dublin, Ireland",1871,2002-05-13,2008-06-06
TTD,Trade Desk (The),0001671933,Communication Services,Advertising,"Ventura, California",2009,2025-07-18,
TTWO,Take-Two Interactive,0000946581,Communication Services,Interactive Home Entertainment,"New York City, New York",1993,2018-03-19,
TUP,,0001008654,Materials,,,,1996-05-31,2004-03-25
TWC,,0001377013,Communication Services,,,,2009-03-30,2016-05-18
TWTR,,0001418091,Communication Services,,,,2018-06-07,2022-11-01
TWX,,0001105705,Communication Services,,,,1996-01-02,2018-06-15
TXN,Texas Instruments,0000097476,Information Technology,Semiconductors,"Dallas, Texas",1930,1996-01-02,
TXT,Textron,0000217346,Industrials,Aerospace & Defense,"Providence, Rhode Island",1923,1996-01-02,
TXU,,0001023291,Utilities,,,,1996-01-02,2007-10-10
TYL,Tyler Technologies,0000860731,Information Technology,Application Software,"Plano, Texas",1966,2020-06-22,
UAA,"Under Armour, Inc.",0001336917,Consumer Discretionary,,,,2014-05-01,2022-06-21
UAL,United Airlines Holdings,0000100517,Industrials,Passenger Airlines,"Chicago, Illinois",1967,1996-01-02,2002-05-15
UAWGQ,United Airlines Holdings,0000100517,Industrials,Passenger Airlines,"Chicago, Illinois",1967,1996-01-02,2002-05-15
UBER,Uber,0001543151,Industrials,Passenger Ground Transportation,"San Francisco, California",2009,2023-10-18,
UDR,"UDR, Inc.",0000074208,Real Estate,Multi-Family Residential REITs,"Highlands Ranch, Colorado",1972,2016-03-07,
UHS,Universal Health Services,0000352915,Health Care,Health Care Facilities,"King of Prussia, Pennsylvania",1979,2014-09-22,
UIS,UNISYS CORP,0000746838,Information Technology,,,,1996-01-02,2008-11-11
ULTA,Ulta Beauty,0001403568,Consumer Discretionary,Other Specialty Retail,"Bolingbrook, Illinois",1990,2016-04-18,
UNH,UnitedHealth Group,0000731766,Health Care,Managed Health Care,"Eden Prairie, Minnesota",1977,1996-01-02,
UNM,Unum Group,0000005513,Financials,,,,1996-01-02,2021-09-20
UNP,Union Pacific Corporation,0000100885,Industrials,Rail Transportation,"Omaha, Nebraska",1862,1996-01-02,
UPS,United Parcel Service,0001090727,Industrials,Air Freight & Logistics,"Sandy Springs, Georgia",1907,2002-07-22,
URBN,URBAN OUTFITTERS INC,0000912615,Consumer Discretionary,,,,2010-02-08,2017-03-20
URI,United Rentals,0001067701,Industrials,Trading Companies & Distributors,"Stamford, Connecticut",1997,2014-09-22,
USB,U.S. Bancorp,0000036104,Financials,Diversified Banks,"Minneapolis, Minnesota",1968,1996-01-02,
USBC,"USBC, Inc.",0001074828,Financials,,,,1996-01-02,1997-08-04
UST,,0000811669,Consumer Staples,,,,1996-01-02,2009-01-06
USW,,0000068622,Communication Services,,,,1996-01-02,2000-07-03
UTX,RTX Corporation,0000101829,Industrials,Aerospace & Defense,"Waltham, Massachusetts",1922,1996-01-02,2020-04-03
UVN,,0001017008,Communication Services,,,,2001-02-07,2007-03-29
V,Visa Inc.,0001403161,Financials,Transaction & Payment Processing Services,"San Francisco, California",1958,2009-12-21,
VAR,,0000203527,Health Care,,,,2007-02-12,2021-04-20
VEEV,Veeva Systems,0001393052,Health Care,Health Care Technology,"Pleasanton, California",2007,2026-05-07,
VFC,V F CORP,0000103379,Consumer Discretionary,,,,1996-01-02,2024-04-03
VIAB,,0001339947,Communication Services,,,,2006-01-03,2019-12-05
VIAC,,0000813828,Communication Services,,,,1996-01-02,2025-08-08
VIAV,VIAVI SOLUTIONS INC.,0000912093,Information Technology,,,,2000-07-27,2013-12-23
VICI,Vici Properties,0001705696,Real Estate,Hotel & Resort REITs,"New York City, New York",2017,2022-06-08,
VLO,Valero Energy,0001035002,Energy,Oil & Gas Refining & Marketing,"San Antonio, Texas",1980,2004-04-29,
VLTO,Veralto,0001967680,Industrials,Environmental & Facilities Services,"Waltham, Massachusetts",2023,2023-10-02,
VMC,Vulcan Materials Company,0001396009,Materials,Construction Materials,"Birmingham, Alabama",1909,1999-07-01,
VNO,VORNADO REALTY TRUST,0000899689,Real Estate,,,,2005-08-12,2023-01-04
VNT,Vontier Corp,0001786842,Industrials,,,,2020-10-12,2021-03-22
VRSK,Verisk Analytics,0001442145,Industrials,Research & Consulting Services,"Jersey City, New Jersey",1971,2015-10-08,
VRSN,Verisign,0001014473,Information Technology,Internet Services & Infrastructure,"Reston, Virginia",1995,2006-02-01,
VRT,Vertiv,0001674101,Industrials,Electrical Components & Equipment,"Westerville, Ohio",2016,2026-03-23,
VRTS,"VIRTUS INVESTMENT PARTNERS, INC.",0000883237,Financials,,,,2000-04-03,2005-07-05
VRTX,Vertex Pharmaceuticals,0000875320,Health Care,Biotechnology,"Boston, Massachusetts",1989,2013-09-23,
VST,Vistra Corp.,0001692819,Utilities,Electric Utilities,"Irving, Texas",2016,2024-05-08,
VSTNQ,,0001111335,Consumer Discretionary,,,,2000-06-29,2006-01-03
VTR,Ventas,0000740260,Real Estate,Health Care REITs,"Chicago, Illinois",1998,2009-03-04,
VTRS,Viatris,0001792044,Health Care,Pharmaceuticals,"Pittsburgh, Pennsylvania",1961,2020-11-17,
VTSS,,0000880446,Information Technology,,,,2000-12-12,2002-08-21
VZ,Verizon,0000732712,Communication Services,Integrated Telecommunication Services,"New York City, New York",1983 (1877),1996-01-02,
WAB,Wabtec,0000943452,Industrials,Construction Machinery & Heavy Transportation Equipment,"Pittsburgh, Pennsylvania",1999 (1869),2019-02-27,
WAMUQ,,0000933136,Financials,,,,1997-07-02,2008-09-30
WAT,Waters Corporation,0001000697,Health Care,Life Sciences Tools & Services,"Milford, Massachusetts",1958,2002-01-02,
WBA,,0000104207,Consumer Staples,,,,1996-01-02,2025-08-28
WBD,Warner Bros. Discovery,0001437107,Communication Services,Broadcasting,"New York City, New York",2022 (Warner Bros. 1923),2022-04-11,
WCG,,0001279363,Health Care,,,,2018-09-17,2020-01-28
WCOEQ,,0000723527,Communication Services,,,,1996-04-01,2002-05-15
WDAY,"Workday, Inc.",0001327811,Information Technology,Application Software,"Pleasanton, California",2005,2024-12-23,
WDC,Western Digital,0000106040,Information Technology,"Technology Hardware, Storage & Peripherals","San Jose, California",1970,2009-07-01,
WEC,WEC Energy Group,0000783325,Utilities,Electric Utilities,"Milwaukee, Wisconsin",1896,2008-10-31,
WELL,Welltower,0000766704,Real Estate,Health Care REITs,"Toledo, Ohio",1970,2009-01-30,
WEN,Wendy's Co,0000030697,Consumer Discretionary,,,,1996-01-02,2008-09-30
WFC,Wells Fargo,0000072971,Financials,Diversified Banks,"San Francisco, California",1852,1996-01-02,
WFM,,0000865436,Consumer Staples,,,,2006-01-03,2017-08-28
WFT,,0001170565,Energy,,,,2005-07-22,2009-02-26
WHR,WHIRLPOOL CORP /DE/,0000106640,Consumer Discretionary,,,,1996-01-02,2024-03-18
WIN,,0001282266,Communication Services,,,,2006-07-18,2015-04-07
WLL,,0000107189,Materials,,,,1996-01-02,2002-02-11
WLP,,0001013220,Health Care,,,,1999-06-09,2004-12-01
WM,Waste Management,0000823768,Industrials,Environmental & Facilities Services,"Houston, Texas",1968,1998-07-17,
WMB,Williams Companies,0000107263,Energy,Oil & Gas Storage & Transportation,"Tulsa, Oklahoma",1908,1996-01-02,
WMT,Walmart,0000104169,Consumer Staples,Consumer Staples Merchandise Retail,"Bentonville, Arkansas",1962,1996-01-02,
WNDXQ,,0000107681,Consumer Staples,,,,1996-01-02,2004-12-03
WOR,"WORTHINGTON ENTERPRISES, INC.",0000108516,Materials,,,,1996-01-02,2004-12-20
WPX,,0001518832,Energy,,,,2012-01-03,2014-03-24
WRB,W. R. Berkley Corporation,0000011544,Financials,Property & Casualty Insurance,"Greenwich, Connecticut",1967,2019-12-05,
WRK,,0001732845,Materials,,,,2015-07-02,2024-07-08
WSM,"Williams-Sonoma, Inc.",0000719955,Consumer Discretionary,Homefurnishing Retail,"San Francisco, California",1956,2025-03-24,
WST,West Pharmaceutical Services,0000105770,Health Care,Health Care Supplies,"Exton, Pennsylvania",1923,2020-05-22,
WTW,Willis Towers Watson,0001140536,Financials,Insurance Brokers,"London, United Kingdom",2016,2016-01-05,2022-01-10
WU,Western Union CO,0001365135,Industrials,,,,2006-10-02,2021-12-20
WWY,,0000108601,Consumer Staples,,,,1996-01-02,2008-10-07
WY,Weyerhaeuser,0000106535,Real Estate,Timber REITs,"Seattle, Washington",1900,1996-01-02,
WYE,,0000005187,Health Care,,,,1996-01-02,2009-10-16
WYND,,0001361658,Consumer Discretionary,,,,2006-08-01,2018-05-31
WYNN,Wynn Resorts,0001174922,Consumer Discretionary,Casinos & Gaming,"Paradise, Nevada",2002,2008-11-14,
X,,0001163302,Materials,,,,1996-01-02,2014-07-02
XEC,,0001168054,Energy,,,,2014-06-20,2020-03-03
XEL,Xcel Energy,0000072903,Utilities,Multi-Utilities,"Minneapolis, Minnesota",1909,1996-01-02,
XL,,0000875159,Financials,,,,2001-09-04,2018-09-12
XLNX,,0000743988,Information Technology,,,,1999-11-08,2022-02-15
XOM,ExxonMobil,0000034088,Energy,Integrated Oil & Gas,"Irving, Texas",1999,1996-01-02,
XRAY,DENTSPLY SIRONA Inc.,0000818479,Health Care,,,,2008-11-14,2024-04-03
XRX,Xerox Holdings Corp,0001770450,Information Technology,,,,1996-01-02,2021-03-22
XTO,,0000868809,Energy,,,,2004-12-29,2010-06-28
XYL,Xylem Inc.,0001524472,Industrials,Industrial Machinery & Supplies & Components,"White Plains, New York",2011,2011-11-01,
XYZ,"Block, Inc.",0001512673,Financials,Transaction & Payment Processing Services,none,2009,2025-07-23,
YUM,Yum! Brands,0001041061,Consumer Discretionary,Restaurants,"Louisville, Kentucky",1997,1997-10-07,
ZBH,Zimmer Biomet,0001136869,Health Care,Health Care Equipment,"Warsaw, Indiana",1927,2001-08-07,
ZBRA,Zebra Technologies,0000877212,Information Technology,Electronic Equipment & Instruments,"Lincolnshire, Illinois",1969,2019-12-23,
ZION,"ZIONS BANCORPORATION, NATIONAL ASSOCIATION /UT/",0000109380,Financials,,,,2001-06-25,2024-03-18
ZTS,Zoetis,0001555280,Health Care,Pharmaceuticals,"Parsippany, New Jersey",1952,2013-06-24,
