index,id,company_name,entry_date,entry_year,incorp_year,age_at_entry,episodes,re_entry,has_former_names,holdco,inv_trust,wrapper_suspect,sector,ch_match_status,company_category,sic_1,former_names,provisional_class,adjudicated_class,adjudication_source_url,final_class,coarse_class
FTSE100,00012901,Foreign & Col Inv Trust,1995-12-18,1995,1879.0,116.0,3,True,True,False,True,False,Financials,ok,Public Limited Company,64999 - Financial intermediation not elsewhere classified,Foreign & Col Inv Trust; Foreign & Colonial Invest Trust; Foreign & Colonial Investment Trust,re_entry,,,re_entry,re_entry
FTSE100,00014504,Greenalls Group plc,1996-01-31,1996,1880.0,116.0,1,False,False,False,False,False,,ok,,,,established,,,established,established
FTSE100,00023307,Diageo,1997-12-17,1997,1886.0,111.0,1,False,False,True,False,False,Consumer Staples,ok,Public Limited Company,70100 - Activities of head offices,,established,,,established,established
FTSE100,00029846,Wolseley,1993-06-21,1993,1889.0,104.0,4,True,False,True,False,False,Industrials,ok,Private Limited Company,70100 - Activities of head offices,,re_entry,,,re_entry,re_entry
FTSE100,00030470,Cobham,2008-03-26,2008,1889.0,119.0,1,False,False,True,False,False,Industrials,ok,Private Limited Company,70100 - Activities of head offices,,established,,,established,established
FTSE100,00033774,Johnson Matthey,1984-01-03,1984,1891.0,93.0,3,True,False,False,False,False,Materials,ok,Public Limited Company,20590 - Manufacture of other chemical products n.e.c.,,founding_member,,,founding_member,founding_member
FTSE100,00040932,Halma,2017-12-18,2017,1894.0,123.0,1,False,False,True,False,False,Information Technology,ok,Public Limited Company,70100 - Activities of head offices,,established,,,established,established
FTSE100,00041424,Unilever,1984-01-03,1984,1894.0,90.0,1,False,False,True,False,False,Consumer Staples,ok,Public Limited Company,70100 - Activities of head offices,,founding_member,,,founding_member,founding_member
FTSE100,00041495,Pilkington,1984-01-03,1984,1894.0,90.0,2,True,True,False,False,False,Industrials,ok,Private Limited Company,23110 - Manufacture of flat glass,Pilkington,founding_member,,,founding_member,founding_member
FTSE100,00044687,Fisons,1984-01-03,1984,1895.0,89.0,2,True,False,False,False,False,Health Care,ok,Private Limited Company,82990 - Other business support service activities n.e.c.,,founding_member,,,founding_member,founding_member
FTSE100,00048839,Barclays,1984-01-03,1984,1896.0,88.0,1,False,False,False,False,False,Financials,ok,Public Limited Company,64191 - Banks,,founding_member,,,founding_member,founding_member
FTSE100,00049855,BET,1984-01-03,1984,1896.0,88.0,1,False,False,False,False,False,,ok,,,,founding_member,,,founding_member,founding_member
FTSE100,00051491,Rowntree,1984-01-03,1984,1897.0,87.0,1,False,False,False,False,False,,ok,,,,founding_member,,,founding_member,founding_member
FTSE100,00053723,Pearson,1984-01-03,1984,1897.0,87.0,1,False,False,False,False,False,Communication Services,ok,Public Limited Company,58190 - Other publishing activities,,founding_member,,,founding_member,founding_member
FTSE100,00054485,Shell Transport & Trading Co,1984-01-03,1984,1897.0,87.0,1,False,False,True,False,False,Energy,ok,Private Limited Company,70100 - Activities of head offices,,founding_member,,,founding_member,founding_member
FTSE100,00057379,Securicor,1998-09-21,1998,1898.0,100.0,1,False,False,True,False,False,Industrials,ok,Private Limited Company,64209 - Activities of other holding companies n.e.c.,,established,,,established,established
FTSE100,00057410,BTR,1984-01-03,1984,1898.0,86.0,1,False,False,False,False,False,,ok,,,,founding_member,,,founding_member,founding_member
FTSE100,00066558,Blue Circle Industries,1984-01-03,1984,1900.0,84.0,3,True,False,False,False,False,,ok,,,,founding_member,,,founding_member,founding_member
FTSE100,00068237,Hawker Siddeley,1984-01-03,1984,1900.0,84.0,1,False,False,False,False,False,Industrials,ok,Private Limited Company,7499 - Non-trading company,,founding_member,,,founding_member,founding_member
FTSE100,00073800,Imperial Tobacco Group,1996-09-30,1996,1902.0,94.0,2,True,False,False,False,False,Consumer Staples,ok,Private Limited Company,74990 - Non-trading company,,re_entry,,,re_entry,re_entry
FTSE100,00073975,Ocean Group (now Exel),2000-06-19,2000,1902.0,98.0,2,True,True,True,False,False,Industrials,ok,Private Limited Company,70100 - Activities of head offices,Ocean Group (now Exel),re_entry,,,re_entry,re_entry
FTSE100,00077536,RELX,1984-01-03,1984,1903.0,81.0,1,False,True,False,False,False,Industrials,ok,Public Limited Company,58110 - Book publishing,Reed Elsevier Plc,founding_member,,,founding_member,founding_member
FTSE100,00083718,Ferranti International,1984-01-03,1984,1905.0,79.0,1,False,False,False,False,False,,ok,,,,founding_member,,,founding_member,founding_member
FTSE100,00100097,Royal & Sun Alliance Insurance,1984-01-03,1984,1908.0,76.0,1,False,False,False,False,False,,ok,Private Limited Company,65120 - Non-life insurance,,founding_member,,,founding_member,founding_member
FTSE100,00102498,BP,1984-01-03,1984,1909.0,75.0,1,False,True,True,False,False,Energy,ok,Public Limited Company,70100 - Activities of head offices,British Petroleum,founding_member,,,founding_member,founding_member
FTSE100,00103002,Lonmin,2006-06-19,2006,1909.0,97.0,2,True,False,False,False,False,,ok,,,,re_entry,,,re_entry,re_entry
FTSE100,00120271,Sears plc,1984-01-03,1984,1912.0,72.0,1,False,False,True,False,False,Consumer Discretionary,ok,Private Limited Company,64209 - Activities of other holding companies n.e.c.,,founding_member,,,founding_member,founding_member
FTSE100,00137013,Smiths Group,2000-12-18,2000,1914.0,86.0,2,True,False,True,False,False,Industrials,ok,Public Limited Company,70100 - Activities of head offices,,re_entry,,,re_entry,re_entry
FTSE100,00137294,Redland,1984-01-03,1984,1914.0,70.0,1,False,False,False,False,False,Materials,ok,Private Limited Company,"08110 - Quarrying of ornamental and building stone, limestone, gypsum, chalk and slate",,founding_member,,,founding_member,founding_member
FTSE100,00146575,GUS,1984-01-03,1984,1917.0,67.0,1,False,False,False,False,False,,ok,,,,founding_member,,,founding_member,founding_member
FTSE100,00147271,BPB Industries,1984-01-03,1984,1917.0,67.0,2,True,False,True,False,False,Materials,ok,Private Limited Company,70100 - Activities of head offices,,founding_member,,,founding_member,founding_member
FTSE100,00152298,United News & Media,1996-06-24,1996,1918.0,78.0,1,False,False,False,False,False,,ok,,,,established,,,established,established
FTSE100,00154236,English China Clays,1984-01-03,1984,1919.0,65.0,1,False,True,True,False,False,Materials,ok,Private Unlimited Company,70100 - Activities of head offices,ECC Group; English China Clays,founding_member,,,founding_member,founding_member
FTSE100,00166023,Siebe,1989-09-11,1989,1920.0,69.0,4,True,True,True,False,False,Industrials,ok,Private Limited Company,64209 - Activities of other holding companies n.e.c.,BTR Siebe,re_entry,,,re_entry,re_entry
FTSE100,00184594,Daily Mail & General Trust,1999-02-04,1999,1922.0,77.0,2,True,False,True,False,False,Communication Services,ok,Public Limited Company,70100 - Activities of head offices,,re_entry,,,re_entry,re_entry
FTSE100,00185647,Sainsbury's,1984-01-03,1984,1922.0,62.0,1,False,False,False,False,False,Consumer Staples,ok,Public Limited Company,"47110 - Retail sale in non-specialised stores with food, beverages or tobacco predominating",,founding_member,,,founding_member,founding_member
FTSE100,00191285,REXAM (formerly Bowater Group),1984-01-03,1984,1923.0,61.0,4,True,True,True,False,False,Materials,ok,Private Limited Company,70100 - Activities of head offices,Bowater,founding_member,,,founding_member,founding_member
FTSE100,00203848,Plessey Co,1984-01-03,1984,1925.0,59.0,1,False,False,False,False,False,,ok,,,,founding_member,,,founding_member,founding_member
FTSE100,00206132,Croda International,2012-03-19,2012,1925.0,87.0,1,False,False,True,False,False,Materials,ok,Public Limited Company,70100 - Activities of head offices,,established,,,established,established
FTSE100,00218019,Imperial Chemical Industries,1984-01-03,1984,1926.0,58.0,1,False,False,False,False,False,Materials,ok,Private Limited Company,"20301 - Manufacture of paints, varnishes and similar coatings, mastics and sealants",,founding_member,,,founding_member,founding_member
FTSE100,00218107,Rentokil,1991-07-01,1991,1926.0,65.0,1,False,False,False,False,False,,ok,Private Limited Company,82990 - Other business support service activities n.e.c.,,established,,,established,established
FTSE100,00227531,Beecham Group,1984-01-03,1984,1928.0,56.0,1,False,False,False,False,False,Health Care,ok,Public Limited Company,82990 - Other business support service activities n.e.c.,,founding_member,,,founding_member,founding_member
FTSE100,00229231,EMI Group plc,1996-08-17,1996,1928.0,68.0,1,False,False,True,False,False,,ok,Private Limited Company,70100 - Activities of head offices,,established,,,established,established
FTSE100,00229606,British Home Stores,1984-01-03,1984,1928.0,56.0,1,False,False,False,False,False,,ok,,,,founding_member,,,founding_member,founding_member
FTSE100,00231824,Saatchi & Saatchi,1986-07-01,1986,1928.0,58.0,1,False,False,False,False,False,Communication Services,ok,Private Limited Company,73110 - Advertising agencies,,established,,,established,established
FTSE100,00233112,B.A.T. Industries Plc,1984-01-03,1984,1928.0,56.0,1,False,False,True,False,False,,ok,Public Limited Company,70100 - Activities of head offices,,founding_member,,,founding_member,founding_member
FTSE100,00237511,Burton Group,1984-01-03,1984,1929.0,55.0,2,True,False,False,False,False,,ok,,,,founding_member,,,founding_member,founding_member
FTSE100,00290076,Granada Group,1984-10-01,1984,1934.0,50.0,2,True,False,False,False,False,Communication Services,ok,Private Limited Company,74990 - Non-trading company,,founding_member,,,founding_member,founding_member
FTSE100,00291848,Grand Metropolitan,1984-01-03,1984,1934.0,50.0,1,False,False,True,False,False,Consumer Staples,ok,Private Limited Company,70100 - Activities of head offices,,founding_member,,,founding_member,founding_member
FTSE100,00293262,Associated British Foods,1984-01-03,1984,1934.0,50.0,3,True,False,True,False,False,Consumer Staples,ok,Public Limited Company,70100 - Activities of head offices,,founding_member,,,founding_member,founding_member
FTSE100,00296805,Taylor Woodrow,1989-04-03,1989,1935.0,54.0,3,True,False,True,False,False,Consumer Discretionary,ok,Public Limited Company,70100 - Activities of head offices,,re_entry,,,re_entry,re_entry
FTSE100,00306718,Vistry Group,2024-06-24,2024,1935.0,89.0,1,False,False,False,False,False,,ok,,,,established,,,established,established
FTSE100,00308372,Invesco Plc,1984-01-03,1984,1935.0,49.0,2,True,False,False,True,False,Financials,ok,Private Limited Company,64999 - Financial intermediation not elsewhere classified,,founding_member,,,founding_member,founding_member
FTSE100,00324357,Smith & Nephew,1984-01-03,1984,1937.0,47.0,2,True,True,False,False,False,Health Care,ok,Public Limited Company,20590 - Manufacture of other chemical products n.e.c.,Smith & Nephew Associated Companies,founding_member,,,founding_member,founding_member
FTSE100,00337663,BOC,1984-01-03,1984,1938.0,46.0,1,False,False,False,False,False,Materials,ok,Private Limited Company,20110 - Manufacture of industrial gases,,founding_member,,,founding_member,founding_member
FTSE100,00348312,Carlton Communications,1989-04-03,1989,1939.0,50.0,2,True,True,True,False,False,Communication Services,ok,Private Limited Company,70100 - Activities of head offices,Carlton Communication,re_entry,,,re_entry,re_entry
FTSE100,00358948,Bunzl,1986-10-01,1986,1940.0,46.0,4,True,False,True,False,False,Industrials,ok,Public Limited Company,70100 - Activities of head offices,,re_entry,,,re_entry,re_entry
FTSE100,00358949,Morrison (Wm.),2001-04-10,2001,1940.0,61.0,3,True,True,False,False,False,Consumer Staples,ok,Private Limited Company,"47110 - Retail sale in non-specialised stores with food, beverages or tobacco predominating",Morrison,re_entry,,,re_entry,re_entry
FTSE100,00360632,Hammerson Property,1984-01-03,1984,1940.0,44.0,3,True,True,False,False,False,Real Estate,ok,Public Limited Company,41100 - Development of building projects,Hammerson Properties; Hammerson Property,founding_member,,,founding_member,founding_member
FTSE100,00391027,Smiths Industries plc,1995-12-18,1995,1944.0,51.0,1,False,False,False,False,False,,ok,,,,established,,,established,established
FTSE100,00395826,Balfour Beatty,1984-01-03,1984,1945.0,39.0,1,False,False,False,False,False,,ok,,,,founding_member,,,founding_member,founding_member
FTSE100,00432989,Meggitt,2011-10-07,2011,1947.0,64.0,3,True,False,True,False,False,Industrials,ok,Private Limited Company,70100 - Activities of head offices,,re_entry,,,re_entry,re_entry
FTSE100,00445790,Tesco,1984-01-03,1984,1947.0,37.0,1,False,False,False,False,False,Consumer Staples,ok,Public Limited Company,"47110 - Retail sale in non-specialised stores with food, beverages or tobacco predominating",,founding_member,,,founding_member,founding_member
FTSE100,00471864,Northern Foods,1984-01-03,1984,1949.0,35.0,2,True,False,True,False,False,Consumer Staples,ok,Private Limited Company,70100 - Activities of head offices,,founding_member,,,founding_member,founding_member
FTSE100,00480080,Glaxo Wellcome,1984-01-03,1984,1950.0,34.0,1,False,False,False,False,False,Health Care,ok,Private Limited Company,46460 - Wholesale of pharmaceutical goods,,founding_member,,,founding_member,founding_member
FTSE100,00488067,Hanson,1984-01-03,1984,1950.0,34.0,4,True,False,False,False,False,,ok,,,,founding_member,,,founding_member,founding_member
FTSE100,00510607,Guinness (Arthur) & Son,1985-04-01,1985,1952.0,33.0,1,False,True,False,False,False,Consumer Staples,ok,Private Limited Company,11060 - Manufacture of malt,Guinness,established,,,established,established
FTSE100,00511276,Imperial Group,1984-01-03,1984,1952.0,32.0,1,False,False,True,False,False,Consumer Staples,ok,Private Limited Company,70100 - Activities of head offices,,founding_member,,,founding_member,founding_member
FTSE100,00556729,British & Commonwealth,1984-01-03,1984,1955.0,29.0,2,True,False,False,False,False,,ok,,,,founding_member,,,founding_member,founding_member
FTSE100,00566221,Ladbrokes,1984-01-03,1984,1956.0,28.0,1,False,False,False,False,False,,ok,,,,founding_member,,,founding_member,founding_member
FTSE100,00609782,Inchcape,1991-07-01,1991,1958.0,33.0,1,False,False,True,False,False,Consumer Discretionary,ok,Public Limited Company,70100 - Activities of head offices,,established,,,established,established
FTSE100,00617987,HSBC Holdings,1992-07-13,1992,1959.0,33.0,1,False,False,True,False,False,Financials,ok,Public Limited Company,70100 - Activities of head offices,,established,,,established,established
FTSE100,00621920,British Land,1997-03-24,1997,1959.0,38.0,4,True,False,False,False,False,Real Estate,ok,Public Limited Company,41100 - Development of building projects,,re_entry,,,re_entry,re_entry
FTSE100,00647788,Electrocomponents,2000-09-18,2000,1960.0,40.0,2,True,False,True,False,False,Industrials,ok,Public Limited Company,70100 - Activities of head offices,,re_entry,,,re_entry,re_entry
FTSE100,00668987,Provident Financial,2003-03-24,2003,1960.0,43.0,2,True,False,False,False,False,,ok,,,,re_entry,,,re_entry,re_entry
FTSE100,00710383,Abbey Life,1985-07-01,1985,1961.0,24.0,2,True,False,False,False,False,Financials,ok,Private Limited Company,65110 - Life insurance,,re_entry,,,re_entry,re_entry
FTSE100,00714275,IMI,2010-12-20,2010,1962.0,48.0,2,True,False,True,False,False,Industrials,ok,Public Limited Company,70100 - Activities of head offices,,re_entry,,,re_entry,re_entry
FTSE100,00719885,Rio Tinto,1984-01-03,1984,1962.0,22.0,1,False,True,True,False,False,Materials,ok,Public Limited Company,70100 - Activities of head offices,Rio Tinto-Zinc Corporation | The RTZ Corporation PLC,founding_member,,,founding_member,founding_member
FTSE100,00720989,Spirent,2000-09-18,2000,1962.0,38.0,1,False,False,False,False,False,Information Technology,ok,Private Limited Company,99999 - Dormant Company,,established,,,established,established
FTSE100,00776273,Sun Life Assurance Society,1984-01-03,1984,1963.0,21.0,1,False,False,False,False,False,Financials,ok,Private Limited Company,99999 - Dormant Company,,founding_member,,,founding_member,founding_member
FTSE100,00824821,Travis Perkins,2013-06-24,2013,1964.0,49.0,1,False,False,False,False,False,Industrials,ok,Public Limited Company,46900 - Non-specialised wholesale trade,,established,,,established,established
FTSE100,00865292,Hambro Life,1984-01-03,1984,1965.0,19.0,1,False,False,False,False,False,,ok,,,,founding_member,,,founding_member,founding_member
FTSE100,00930965,CMG,1999-12-20,1999,1968.0,31.0,1,False,False,False,False,False,Information Technology,ok,Private Limited Company,99999 - Dormant Company,,established,,,established,established
FTSE100,00961440,Arjo Wiggins Appleton plc,1984-01-03,1984,1969.0,15.0,1,False,False,False,False,False,Materials,ok,Private Limited Company,17120 - Manufacture of paper and paperboard,,founding_member,,,founding_member,founding_member
FTSE100,00966425,Standard Chartered,1984-01-03,1984,1969.0,15.0,3,True,True,False,True,False,Financials,ok,Public Limited Company,64999 - Financial intermediation not elsewhere classified,Standard & Chartered; Standard Chartered Bank,founding_member,,,founding_member,founding_member
FTSE100,00968654,Wiggins Teape Appleton,1990-07-13,1990,1969.0,21.0,1,False,False,False,False,False,,ok,Private Limited Company,74990 - Non-trading company,,established,,,established,established
FTSE100,01002610,Nycomed Amersham,1997-12-17,1997,1971.0,26.0,1,False,False,False,False,False,,ok,,,,established,,,established,established
FTSE100,01003142,Rolls Royce,1987-07-01,1987,1971.0,16.0,4,True,False,False,False,False,Industrials,ok,Public Limited Company,"25300 - Manufacture of steam generators, except central heating hot water boilers",,re_entry,,,re_entry,re_entry
FTSE100,01008965,London and Scottish Marine,1988-10-03,1988,1971.0,17.0,2,True,False,False,False,False,Energy,ok,Public Limited Company,06100 - Extraction of crude petroleum,,re_entry,,,re_entry,re_entry
FTSE100,01081551,Argos plc,1995-12-18,1995,1972.0,23.0,1,False,False,False,False,False,,ok,Private Limited Company,47190 - Other retail sale in non-specialised stores,,established,,,established,established
FTSE100,01106260,Reinshaw,2021-03-22,2021,1973.0,48.0,1,False,False,False,False,False,,ok,,,,established,,,established,established
FTSE100,01142830,3i Group,1994-09-19,1994,1973.0,21.0,3,True,False,False,True,False,Financials,ok,Public Limited Company,64999 - Financial intermediation not elsewhere classified,,re_entry,,,re_entry,re_entry
FTSE100,01299733,Safeway,1985-01-02,1985,1977.0,8.0,2,True,True,False,False,False,Consumer Staples,ok,Private Limited Company,"47110 - Retail sale in non-specialised stores with food, beverages or tobacco predominating",Argyll Group,re_entry,,,re_entry,re_entry
FTSE100,01360027,Misys,1998-05-21,1998,1978.0,20.0,2,True,False,False,False,False,,ok,,,,re_entry,,,re_entry,re_entry
FTSE100,01377658,Smith (DS),2017-12-18,2017,1978.0,39.0,1,False,False,True,False,False,Materials,ok,Private Limited Company,70100 - Activities of head offices,,established,,,established,established
FTSE100,01386469,Willis Faber,1984-10-01,1984,1978.0,6.0,2,True,False,False,False,False,Financials,ok,Private Limited Company,82990 - Other business support service activities n.e.c.,,founding_member,,,founding_member,founding_member
FTSE100,01396513,ASDA Group (formerly Associated,1984-01-03,1984,1978.0,6.0,2,True,True,True,False,False,Consumer Staples,ok,Private Limited Company,70100 - Activities of head offices,ASDA Group (formerly Associated Dairies Group),founding_member,,,founding_member,founding_member
FTSE100,01397169,Prudential,1984-01-03,1984,1978.0,6.0,1,False,False,True,False,False,Financials,ok,Public Limited Company,70100 - Activities of head offices,,founding_member,,,founding_member,founding_member
FTSE100,01397926,Wimpey (George) & Co,1984-01-03,1984,1978.0,6.0,1,False,False,False,False,False,,ok,,,,founding_member,,,founding_member,founding_member
FTSE100,01417162,Legal & General,1984-01-03,1984,1979.0,5.0,1,False,False,True,False,True,Financials,ok,Public Limited Company,64205 - Activities of financial services holding companies,,founding_member,,,founding_member,founding_member
FTSE100,01455051,Rothschild (J) Holdings,1984-01-03,1984,1979.0,5.0,1,False,False,False,False,False,,ok,,,,founding_member,,,founding_member,founding_member
FTSE100,01470151,British Aerospace,1984-01-03,1984,1979.0,5.0,2,True,True,False,False,True,Industrials,ok,Public Limited Company,25400 - Manufacture of weapons and ammunition,British Aerospace,founding_member,,,founding_member,founding_member
FTSE100,01516396,Royal Insurance,1984-01-03,1984,1980.0,4.0,3,True,False,False,False,False,Financials,ok,Private Limited Company,74990 - Non-trading company,,founding_member,,,founding_member,founding_member
FTSE100,01627889,Antofagasta,2004-03-08,2004,1982.0,22.0,1,False,False,False,False,False,Materials,ok,Public Limited Company,07290 - Mining of other non-ferrous metal ores,,established,,,established,established
FTSE100,01631639,Logica Plc,1999-11-11,1999,1982.0,17.0,1,False,False,True,False,False,Information Technology,ok,Private Limited Company,64209 - Activities of other holding companies n.e.c.,,established,,,established,established
FTSE100,01664812,Kingfisher,1984-07-02,1984,1982.0,2.0,2,True,True,True,False,True,Consumer Discretionary,ok,Public Limited Company,70100 - Activities of head offices,Woolworths,founding_member,,,founding_member,founding_member
FTSE100,01682048,Enterprise Oil,1984-07-19,1984,1982.0,2.0,3,True,False,False,False,False,Energy,ok,Private Limited Company,06100 - Extraction of crude petroleum,,founding_member,,,founding_member,founding_member
FTSE100,01777777,British Airways,1987-04-01,1987,1983.0,4.0,3,True,False,False,False,False,Industrials,ok,Public Limited Company,51101 - Scheduled passenger air transport,,re_entry,,,re_entry,re_entry
FTSE100,01800000,British Telecom,1984-12-04,1984,1984.0,0.0,1,False,True,False,False,True,,ok,Public Limited Company,61900 - Other telecommunications activities,British Telecom,founding_member,,,founding_member,founding_member
FTSE100,01807982,Ashtead Group,2013-12-23,2013,1984.0,29.0,1,False,False,True,False,False,Industrials,ok,Private Limited Company,64209 - Activities of other holding companies n.e.c.,,established,,,established,established
FTSE100,01833679,Vodafone Group,1991-09-16,1991,1984.0,7.0,1,False,False,False,False,False,Communication Services,ok,Public Limited Company,61900 - Other telecommunications activities,,genuinely_new_provisional,spin_off,https://en.wikipedia.org/wiki/Vodafone,spin_off,corporate_action
FTSE100,01860181,Imperial Tobacco,2000-07-27,2000,1984.0,16.0,1,False,False,False,False,False,,ok,,,,established,,,established,established
FTSE100,01888425,JD Sports Fashion,2019-06-24,2019,1985.0,34.0,1,False,False,False,False,False,Consumer Discretionary,ok,Public Limited Company,47710 - Retail sale of clothing in specialised stores,,established,,,established,established
FTSE100,01955498,Wellcome,1986-04-01,1986,1985.0,1.0,1,False,False,True,False,True,Health Care,ok,Private Limited Company,70100 - Activities of head offices,,wrapper_reincorp,demutualisation_ipo,https://en.wikipedia.org/wiki/Wellcome_(pharmaceutical_company),demutualisation_ipo,corporate_action
FTSE100,02031674,Shire Pharmaceuticals,2000-10-26,2000,1986.0,14.0,1,False,False,False,False,False,,ok,,,,established,,,established,established
FTSE100,02048608,Serco Group,2008-12-22,2008,1986.0,22.0,1,False,False,True,False,False,Industrials,ok,Public Limited Company,70100 - Activities of head offices,,established,,,established,established
FTSE100,02075721,London Stock Exchange,2013-03-18,2013,1986.0,27.0,1,False,False,False,False,False,,ok,,,,established,,,established,established
FTSE100,02081330,Capita Group,2000-03-20,2000,1986.0,14.0,2,True,False,False,False,False,Industrials,ok,Public Limited Company,58290 - Other software publishing,,re_entry,,,re_entry,re_entry
FTSE100,02122142,Hargreaves Lansdown,2011-03-21,2011,1987.0,24.0,2,True,False,True,False,False,Financials,ok,Private Limited Company,64205 - Activities of financial services holding companies,,re_entry,,,re_entry,re_entry
FTSE100,02128710,Howden Joinery Group,2022-03-21,2022,1987.0,35.0,2,True,False,True,False,False,Industrials,ok,Public Limited Company,70100 - Activities of head offices,,re_entry,,,re_entry,re_entry
FTSE100,02150950,Hays,1996-12-23,1996,1987.0,9.0,2,True,False,True,False,False,Industrials,ok,Public Limited Company,70100 - Activities of head offices,,re_entry,,,re_entry,re_entry
FTSE100,02159282,Celltech Group,2000-03-20,2000,1987.0,13.0,1,False,False,True,False,False,Health Care,ok,Private Limited Company,70100 - Activities of head offices,,established,,,established,established
FTSE100,02231246,Sage Group,1999-09-20,1999,1988.0,11.0,1,False,False,True,False,False,Information Technology,ok,Public Limited Company,70100 - Activities of head offices,,genuinely_new_provisional,genuinely_new,https://en.wikipedia.org/wiki/Sage_Group,genuinely_new,genuinely_new_verified
FTSE100,02234775,Intermediate Capital Grup,1984-01-03,1984,1988.0,-4.0,1,False,False,False,False,False,,ok,,,,founding_member,,,founding_member,founding_member
FTSE100,02280426,Direct Line Insurance Group,2014-09-22,2014,1988.0,26.0,1,False,False,True,False,False,,ok,Private Limited Company,70100 - Activities of head offices,,established,,,established,established
FTSE100,02294747,Abbey National,1989-07-17,1989,1988.0,1.0,1,False,False,False,False,False,Financials,ok,Public Limited Company,64191 - Banks,,very_new_adjudicate,demutualisation_ipo,https://en.wikipedia.org/wiki/Abbey_National,demutualisation_ipo,corporate_action
FTSE100,02337959,SmithKline Beecham,1989-07-27,1989,1989.0,0.0,1,False,False,False,False,False,Health Care,ok,Private Limited Company,21100 - Manufacture of basic pharmaceutical products,,very_new_adjudicate,merger,https://en.wikipedia.org/wiki/SmithKline_Beecham,merger,corporate_action
FTSE100,02339826,Royal & Sun Alliance,2003-06-23,2003,1989.0,14.0,1,False,True,True,False,False,Financials,ok,Private Limited Company,70100 - Activities of head offices,Royal & Sun Alliance,established,,,established,established
FTSE100,02342138,Babcock International Group,2012-06-18,2012,1989.0,23.0,1,False,False,False,False,False,Industrials,ok,Public Limited Company,71129 - Other engineering activities,,established,,,established,established
FTSE100,02366619,Severn Trent,1990-10-01,1990,1989.0,1.0,2,True,False,True,False,True,Utilities,ok,Public Limited Company,70100 - Activities of head offices,,re_entry,,,re_entry,re_entry
FTSE100,02366623,Thames Water,1990-01-02,1990,1989.0,1.0,1,False,False,True,False,True,Utilities,ok,Private Limited Company,70100 - Activities of head offices,,wrapper_reincorp,demutualisation_ipo,https://en.wikipedia.org/wiki/Thames_Water,demutualisation_ipo,corporate_action
FTSE100,02366627,Kelda Group,2003-03-24,2003,1989.0,14.0,3,True,False,True,False,False,Utilities,ok,Private Limited Company,64209 - Activities of other holding companies n.e.c.,,re_entry,,,re_entry,re_entry
FTSE100,02366640,Pennon Group,1984-01-03,1984,1989.0,-5.0,3,True,False,False,False,False,Utilities,ok,,,,founding_member,,,founding_member,founding_member
FTSE100,02366928,Midlands Electricity,1995-09-19,1995,1989.0,6.0,1,False,False,False,False,False,,ok,,,,genuinely_new_provisional,,,genuinely_new_provisional,genuinely_new_provisional
FTSE100,02468686,Aviva,1984-01-03,1984,1990.0,-6.0,2,True,True,False,False,True,Financials,ok,,,CGU International Insurance PLC,founding_member,,,founding_member,founding_member
FTSE100,02517178,Alliance Unichem,2002-09-23,2002,1990.0,12.0,1,False,False,False,False,False,,ok,,,,genuinely_new_provisional,,,genuinely_new_provisional,genuinely_new_provisional
FTSE100,02648297,Homeserve,2020-06-22,2020,1991.0,29.0,2,True,False,True,False,False,Industrials,ok,Private Limited Company,64209 - Activities of other holding companies n.e.c.,,re_entry,,,re_entry,re_entry
FTSE100,02670617,WPP Group,1998-06-22,1998,1991.0,7.0,1,False,False,False,False,False,Communication Services,ok,Private Limited Company,74990 - Non-trading company,,genuinely_new_provisional,genuinely_new,https://en.wikipedia.org/wiki/WPP_plc,genuinely_new,genuinely_new_verified
FTSE100,02670969,Games Workshop Group,2024-12-23,2024,1991.0,33.0,1,False,False,True,False,False,Consumer Discretionary,ok,Public Limited Company,64209 - Activities of other holding companies n.e.c.,,established,,,established,established
FTSE100,02707046,Berisford (S & W),1984-01-03,1984,1992.0,-8.0,1,False,False,False,False,False,Consumer Staples,ok,,,,founding_member,,,founding_member,founding_member
FTSE100,02723534,Zeneca Group,1993-06-01,1993,1992.0,1.0,2,True,False,False,False,False,Health Care,ok,Public Limited Company,21100 - Manufacture of basic pharmaceutical products,,re_entry,,,re_entry,re_entry
FTSE100,02805337,Lonrho,1984-04-02,1984,1993.0,-9.0,3,True,False,False,False,False,Industrials,ok,,,,founding_member,,,founding_member,founding_member
FTSE100,02837811,Hiscox,2018-12-24,2018,1993.0,25.0,3,True,False,False,False,False,Financials,ok,Public Limited Company,65120 - Non-life insurance,,re_entry,,,re_entry,re_entry
FTSE100,02854310,Amlin,2008-12-22,2008,1993.0,15.0,1,False,False,False,False,False,,ok,,,,established,,,established,established
FTSE100,02921462,Man Group,2001-09-24,2001,1994.0,7.0,1,False,False,False,False,False,,ok,,,,genuinely_new_provisional,,,genuinely_new_provisional,genuinely_new_provisional
FTSE100,02937296,Aveva Group,2019-06-24,2019,1994.0,25.0,1,False,False,False,False,False,Information Technology,ok,Private Limited Company,"26309 - Manufacture of communication equipment other than telegraph, and telephone apparatus and equipment",,established,,,established,established
FTSE100,02953047,Magnet & Southerns,1984-01-03,1984,1994.0,-10.0,1,False,False,False,False,False,Consumer Discretionary,ok,,,,founding_member,,,founding_member,founding_member
FTSE100,02983774,Cable & Wireless,2000-03-20,2000,1994.0,6.0,3,True,False,False,False,False,,ok,,,,re_entry,,,re_entry,re_entry
FTSE100,03033654,Centrica,1997-02-14,1997,1995.0,2.0,2,True,False,False,False,False,Utilities,ok,Public Limited Company,35110 - Production of electricity,,re_entry,,,re_entry,re_entry
FTSE100,03045251,Rothmans International,1987-10-01,1987,,,1,False,False,False,False,False,Consumer Staples,historical_no_reliable_ch_number,,,,historical_unmatched,,,historical_unmatched,historical_no_ch_number
FTSE100,03106798,Granada Media,2000-09-18,2000,1995.0,5.0,1,False,False,False,False,False,,ok,Private Limited Company,74990 - Non-trading company,,genuinely_new_provisional,spin_off,https://en.wikipedia.org/wiki/Granada_plc,spin_off,corporate_action
FTSE100,03110569,Computacenter,1984-01-03,1984,1995.0,-11.0,1,False,False,False,False,False,,ok,,,,founding_member,,,founding_member,founding_member
FTSE100,03158105,Thorn EMI plc,1984-01-03,1984,1996.0,-12.0,1,False,False,False,False,False,Communication Services,ok,,,,founding_member,,,founding_member,founding_member
FTSE100,03175909,Autonomy Corporation,2000-12-18,2000,1996.0,4.0,2,True,False,False,False,False,,ok,,,,re_entry,,,re_entry,re_entry
FTSE100,03182775,Thorn plc,1996-08-17,1996,1996.0,0.0,1,False,False,False,False,False,,ok,,,,very_new_adjudicate,,,very_new_adjudicate,very_new_adjudicate
FTSE100,03183415,St. James's Place,2014-03-24,2014,1996.0,18.0,2,True,False,True,False,False,Financials,ok,Public Limited Company,70100 - Activities of head offices,,re_entry,,,re_entry,re_entry
FTSE100,03196209,BHP Group Plc,1997-09-22,1997,1996.0,1.0,1,False,True,True,False,True,Materials,ok,Private Limited Company,64209 - Activities of other holding companies n.e.c.,Billiton | BHP Billiton,wrapper_reincorp,,,wrapper_reincorp,corporate_action
FTSE100,03199160,Unite Group,2022-06-20,2022,1996.0,26.0,1,False,False,True,False,False,Real Estate,ok,Public Limited Company,64209 - Activities of other holding companies n.e.c.,,established,,,established,established
FTSE100,03207774,LucasVarity,1996-09-23,1996,1996.0,0.0,1,False,False,True,False,True,Consumer Discretionary,ok,Private Unlimited Company,64202 - Activities of production holding companies,,wrapper_reincorp,merger,https://en.wikipedia.org/wiki/LucasVarity,merger,corporate_action
FTSE100,03224867,Polar Capital Technology Trust,2025-02-03,2025,1996.0,29.0,1,False,False,False,True,False,,ok,Public Limited Company,64301 - Activities of investment trusts,,established,,,established,established
FTSE100,03232904,Colt Telecom Group,1998-09-21,1998,1996.0,2.0,1,False,False,False,False,False,,ok,,,,very_new_adjudicate,,,very_new_adjudicate,very_new_adjudicate
FTSE100,03263713,Alliance & Leicester,1997-06-23,1997,1996.0,1.0,1,False,False,False,False,False,Financials,ok,Private Limited Company,99999 - Dormant Company,,very_new_adjudicate,demutualisation_ipo,https://en.wikipedia.org/wiki/Alliance_%26_Leicester,demutualisation_ipo,corporate_action
FTSE100,03299793,Gallaher Group,1998-12-21,1998,1997.0,1.0,2,True,False,False,False,False,Consumer Staples,ok,,,,re_entry,,,re_entry,re_entry
FTSE100,03369634,Dechra Pharmaceuticals,2021-12-20,2021,1997.0,24.0,2,True,False,True,False,False,Health Care,ok,Private Limited Company,70100 - Activities of head offices,,re_entry,,,re_entry,re_entry
FTSE100,03407696,British American Tobacco,1998-09-08,1998,1997.0,1.0,1,False,False,True,False,True,Consumer Staples,ok,Public Limited Company,70100 - Activities of head offices,,wrapper_reincorp,reincorporation_redomicile,https://en.wikipedia.org/wiki/British_American_Tobacco,reincorporation_redomicile,corporate_action
FTSE100,03438871,Energis,1999-03-22,1999,1997.0,2.0,1,False,False,False,False,False,Communication Services,ok,Public Limited Company,6420 - Telecommunications,,very_new_adjudicate,genuinely_new,https://en.wikipedia.org/wiki/Energis,genuinely_new,genuinely_new_verified
FTSE100,03458224,Burberry Group,2009-09-10,2009,1997.0,12.0,2,True,False,True,False,False,Consumer Discretionary,ok,Public Limited Company,70100 - Activities of head offices,,re_entry,,,re_entry,re_entry
FTSE100,03477402,Reuters,1984-07-02,1984,1997.0,-13.0,1,False,False,False,False,False,Communication Services,ok,,,,founding_member,,,founding_member,founding_member
FTSE100,03525388,Allied Zurich,1998-09-08,1998,1998.0,0.0,1,False,False,True,False,True,Financials,ok,Private Limited Company,70100 - Activities of head offices,,wrapper_reincorp,merger,https://en.wikipedia.org/wiki/Zurich_Insurance_Group,merger,corporate_action
FTSE100,03528416,South African Breweries,1999-03-22,1999,1998.0,1.0,1,False,False,False,False,False,,ok,,,,very_new_adjudicate,,,very_new_adjudicate,very_new_adjudicate
FTSE100,03528619,North West Water,1990-04-02,1990,,,1,False,False,False,False,False,Utilities,historical_no_reliable_ch_number,,,,historical_unmatched,,,historical_unmatched,historical_no_ch_number
FTSE100,03564138,Anglo American,1999-06-21,1999,1998.0,1.0,1,False,False,False,False,False,Materials,ok,Public Limited Company,08990 - Other mining and quarrying n.e.c.,,very_new_adjudicate,reincorporation_redomicile,https://en.wikipedia.org/wiki/Anglo_American_plc,reincorporation_redomicile,corporate_action
FTSE100,03583610,Eurotunnel,1991-01-02,1991,,,1,False,False,False,False,False,Industrials,historical_no_reliable_ch_number,,,,historical_unmatched,,,historical_unmatched,historical_no_ch_number
FTSE100,03586615,PowerGen,1991-04-02,1991,,,2,True,False,False,False,False,Utilities,historical_no_reliable_ch_number,,,,historical_unmatched,,,historical_unmatched,historical_no_ch_number
FTSE100,03591559,Old Mutual,1999-09-20,1999,1998.0,1.0,1,False,False,False,False,False,,ok,,,,very_new_adjudicate,,,very_new_adjudicate,very_new_adjudicate
FTSE100,03611426,ICAP,2006-06-30,2006,1998.0,8.0,1,False,False,False,False,False,,ok,,,,genuinely_new_provisional,,,genuinely_new_provisional,genuinely_new_provisional
FTSE100,03613919,The Energy Group,1984-01-03,1984,1998.0,-14.0,2,True,False,False,False,False,Utilities,ok,,,,founding_member,,,founding_member,founding_member
FTSE100,03633621,Investec,2010-03-22,2010,1998.0,12.0,1,False,False,True,False,False,Financials,ok,Public Limited Company,64205 - Activities of financial services holding companies,,genuinely_new_provisional,,,genuinely_new_provisional,genuinely_new_provisional
FTSE100,03675683,Ashmore Group,2011-09-19,2011,1998.0,13.0,1,False,False,True,False,False,Financials,ok,Public Limited Company,64205 - Activities of financial services holding companies,,established,,,established,established
FTSE100,03680472,SLPH,1984-01-03,1984,1998.0,-14.0,1,False,False,False,False,False,,ok,,,,founding_member,,,founding_member,founding_member
FTSE100,03685527,Intu Properties,2002-12-23,2002,1998.0,4.0,2,True,True,False,True,True,Real Estate,ok,Public Limited Company,64306 - Activities of real estate investment trusts,Capital Shopping Centres Group,re_entry,,,re_entry,re_entry
FTSE100,03690065,BG Group,1984-01-03,1984,1998.0,-14.0,1,False,False,False,False,False,Energy,ok,,,,founding_member,,,founding_member,founding_member
FTSE100,03704278,Dimension Data Holdings,2000-09-18,2000,1999.0,1.0,1,False,False,True,False,True,Information Technology,ok,Private Limited Company,64209 - Activities of other holding companies n.e.c.,,wrapper_reincorp,reincorporation_redomicile,https://www.fundinguniverse.com/company-histories/dimension-data-holdings-plc-history/,reincorporation_redomicile,corporate_action
FTSE100,03720393,Experian Group,2006-10-11,2006,1999.0,7.0,1,False,False,True,False,False,Industrials,ok,Private Limited Company,64209 - Activities of other holding companies n.e.c.,,genuinely_new_provisional,spin_off,https://en.wikipedia.org/wiki/Experian,spin_off,corporate_action
FTSE100,03752645,Punch Taverns,2007-04-17,2007,1999.0,8.0,1,False,False,False,False,False,,ok,,,,genuinely_new_provisional,,,genuinely_new_provisional,genuinely_new_provisional
FTSE100,03771147,Allied Domecq,1984-01-03,1984,1999.0,-15.0,2,True,False,False,False,False,Consumer Staples,ok,,,,founding_member,,,founding_member,founding_member
FTSE100,03811373,Corus Group,1999-10-06,1999,1999.0,0.0,4,True,False,True,False,True,Materials,ok,Private Limited Company,70100 - Activities of head offices,,re_entry,,,re_entry,re_entry
FTSE100,03834125,De La Rue,1992-09-21,1992,,,2,True,False,False,False,False,Industrials,historical_no_reliable_ch_number,,,,historical_unmatched,,,historical_unmatched,historical_no_ch_number
FTSE100,03847921,DSG International,1984-01-03,1984,1999.0,-15.0,1,False,False,False,False,False,,ok,,,,founding_member,,,founding_member,founding_member
FTSE100,03849958,Admiral Group,2007-12-24,2007,1999.0,8.0,1,False,False,False,False,False,Financials,ok,Public Limited Company,65120 - Non-life insurance,,genuinely_new_provisional,genuinely_new,https://en.wikipedia.org/wiki/Admiral_Group,genuinely_new,genuinely_new_verified
FTSE100,03892782,Innogy Holdings,2001-09-24,2001,1999.0,2.0,1,False,False,False,False,False,,ok,,,,very_new_adjudicate,,,very_new_adjudicate,very_new_adjudicate
FTSE100,03899848,Diploma,2023-09-18,2023,1999.0,24.0,1,False,False,True,False,False,Industrials,ok,Public Limited Company,70100 - Activities of head offices,,established,,,established,established
FTSE100,03900804,Lattice Group PLC,2000-10-23,2000,1999.0,1.0,1,False,False,True,False,True,Utilities,ok,Private Limited Company,70100 - Activities of head offices,,wrapper_reincorp,spin_off,https://en.wikipedia.org/wiki/Lattice_Group,spin_off,corporate_action
FTSE100,03902746,P & O Princess Cruises PLC,2000-10-23,2000,2000.0,0.0,2,True,False,False,False,False,Industrials,ok,Private Limited Company,99999 - Dormant Company,,re_entry,,,re_entry,re_entry
FTSE100,03909886,Schroders,1993-09-20,1993,,,3,True,False,False,False,False,Financials,historical_no_reliable_ch_number,,,,historical_unmatched,,,historical_unmatched,historical_no_ch_number
FTSE100,03919249,Tullow Oil,2007-09-24,2007,2000.0,7.0,1,False,False,False,False,False,Energy,ok,Public Limited Company,06100 - Extraction of crude petroleum,,genuinely_new_provisional,genuinely_new,https://en.wikipedia.org/wiki/Tullow_Oil,genuinely_new,genuinely_new_verified
FTSE100,03938288,Bradford & Bingley,2002-07-02,2002,2000.0,2.0,2,True,False,False,True,False,Financials,ok,Private Limited Company,64922 - Activities of mortgage finance companies,,re_entry,,,re_entry,re_entry
FTSE100,03959649,Easyjet,2013-03-18,2013,2000.0,13.0,3,True,False,True,False,False,Industrials,ok,Public Limited Company,70100 - Activities of head offices,,re_entry,,,re_entry,re_entry
FTSE100,03962410,Granada,2001-02-02,2001,2000.0,1.0,1,False,False,False,False,False,,ok,Private Limited Company,74990 - Non-trading company,,very_new_adjudicate,spin_off,https://en.wikipedia.org/wiki/Granada_plc,spin_off,corporate_action
FTSE100,04031152,National Grid Group plc,1995-12-11,1995,,,1,False,False,False,False,False,Utilities,historical_no_reliable_ch_number,,,,historical_unmatched,,,historical_unmatched,historical_no_ch_number
FTSE100,04083914,Granada Compass,2000-07-27,2000,2000.0,0.0,2,True,False,True,False,True,Consumer Discretionary,ok,Public Limited Company,70100 - Activities of head offices,,re_entry,,,re_entry,re_entry
FTSE100,04113107,Friends Provident,2001-09-24,2001,2000.0,1.0,1,False,False,False,False,False,,ok,,,,very_new_adjudicate,,,very_new_adjudicate,very_new_adjudicate
FTSE100,04120344,Whitbread,2002-12-23,2002,2000.0,2.0,3,True,False,True,False,True,,ok,Public Limited Company,70100 - Activities of head offices,,re_entry,,,re_entry,re_entry
FTSE100,04134697,Brambles Industries,2001-08-07,2001,2001.0,0.0,2,True,False,False,False,False,,ok,,,,re_entry,,,re_entry,re_entry
FTSE100,04190816,BT Group,2001-11-19,2001,2001.0,0.0,1,False,False,False,False,False,Communication Services,ok,Public Limited Company,61900 - Other telecommunications activities,,very_new_adjudicate,reincorporation_redomicile,https://en.wikipedia.org/wiki/BT_Group,reincorporation_redomicile,corporate_action
FTSE100,04190833,mmO2,2001-11-19,2001,2001.0,0.0,1,False,True,False,False,True,Communication Services,ok,Private Limited Company,61900 - Other telecommunications activities,mmO2,wrapper_reincorp,spin_off,https://en.wikipedia.org/wiki/O2_(UK),spin_off,corporate_action
FTSE100,04191106,GKN,1984-01-03,1984,2001.0,-17.0,4,True,False,False,False,False,Industrials,ok,,,,founding_member,,,founding_member,founding_member
FTSE100,04191122,Canary Wharf Group,2000-10-17,2000,,,1,False,False,False,False,False,Real Estate,historical_no_reliable_ch_number,,,,historical_unmatched,,,historical_unmatched,historical_no_ch_number
FTSE100,04212563,William Hill,2004-04-08,2004,2001.0,3.0,1,False,False,False,False,False,Consumer Discretionary,ok,Private Limited Company,92000 - Gambling and betting activities,,very_new_adjudicate,,,very_new_adjudicate,very_new_adjudicate
FTSE100,04256886,Marks and Spencer Group,1984-01-03,1984,2001.0,-17.0,2,True,False,False,False,False,Consumer Staples,ok,,,,founding_member,,,founding_member,founding_member
FTSE100,04267576,Intertek Group,2009-03-23,2009,2001.0,8.0,1,False,False,True,False,False,Industrials,ok,Public Limited Company,70100 - Activities of head offices,,genuinely_new_provisional,established_organic_riser,https://en.wikipedia.org/wiki/Intertek,established_organic_riser,established
FTSE100,04345939,Xstrata,2002-06-24,2002,2001.0,1.0,1,False,False,False,False,False,Materials,ok,Private Limited Company,82990 - Other business support service activities n.e.c.,,very_new_adjudicate,ipo_established,https://en.wikipedia.org/wiki/Xstrata,ipo_established,corporate_action
FTSE100,04366849,Royal Dutch Shell A&B,2005-07-20,2005,2002.0,3.0,1,False,False,False,False,False,,ok,,,,very_new_adjudicate,,,very_new_adjudicate,very_new_adjudicate
FTSE100,04369054,Land Securities,1984-01-03,1984,2002.0,-18.0,1,False,False,False,False,False,Real Estate,ok,,,,founding_member,,,founding_member,founding_member
FTSE100,04412362,Next,1987-04-27,1987,,,4,True,False,False,False,False,,historical_no_reliable_ch_number,,,,historical_unmatched,,,historical_unmatched,historical_no_ch_number
FTSE100,04452715,Alliance Boots,1984-01-03,1984,2002.0,-18.0,1,False,False,False,False,False,Consumer Staples,ok,,,,founding_member,,,founding_member,founding_member
FTSE100,04551498,Mitchells & Butlers,1984-01-03,1984,2002.0,-18.0,2,True,False,False,False,False,,ok,,,,founding_member,,,founding_member,founding_member
FTSE100,04677092,IG Group Holdings,2026-03-23,2026,2003.0,23.0,1,False,False,True,False,False,,ok,Public Limited Company,64205 - Activities of financial services holding companies,,established,,,established,established
FTSE100,04709270,DCC,2015-12-21,2015,2003.0,12.0,1,False,False,True,False,False,Industrials,ok,Private Limited Company,64209 - Activities of other holding companies n.e.c.,,genuinely_new_provisional,established_organic_riser,https://en.wikipedia.org/wiki/DCC_plc,established_organic_riser,established
FTSE100,04740415,Vedanta Resources,2006-06-19,2006,2003.0,3.0,1,False,False,False,False,False,Materials,ok,Private Limited Company,08990 - Other mining and quarrying n.e.c.,,very_new_adjudicate,reincorporation_redomicile,https://en.wikipedia.org/wiki/Vedanta_Resources,reincorporation_redomicile,corporate_action
FTSE100,04763064,Melrose,2012-09-24,2012,2003.0,9.0,1,False,False,False,False,False,,ok,,,,genuinely_new_provisional,,,genuinely_new_provisional,genuinely_new_provisional
FTSE100,04886115,Inmarsat,2008-09-22,2008,2003.0,5.0,2,True,False,True,False,True,Communication Services,ok,Private Limited Company,70100 - Activities of head offices,,re_entry,,,re_entry,re_entry
FTSE100,04967001,ITV,1984-01-03,1984,2003.0,-19.0,3,True,False,False,False,False,Communication Services,ok,,,,founding_member,,,founding_member,founding_member
FTSE100,04992207,G4S,2007-12-24,2007,2003.0,4.0,2,True,False,False,False,False,Industrials,ok,Private Limited Company,80100 - Private security activities,,re_entry,,,re_entry,re_entry
FTSE100,05134420,IHG Hotels & Resorts,1984-01-03,1984,2004.0,-20.0,1,False,False,False,False,False,Consumer Discretionary,ok,,,,founding_member,,,founding_member,founding_member
FTSE100,05134647,Micro Focus International,2016-09-05,2016,2004.0,12.0,1,False,False,False,False,False,Information Technology,ok,Private Limited Company,62090 - Other information technology service activities,,genuinely_new_provisional,established_organic_riser,https://en.wikipedia.org/wiki/Micro_Focus,established_organic_riser,established
FTSE100,05172586,Berkeley Group Holdings,2015-09-21,2015,2004.0,11.0,2,True,False,True,False,False,Consumer Discretionary,ok,Public Limited Company,70100 - Activities of head offices,,re_entry,,,re_entry,re_entry
FTSE100,05186841,International Power,1984-01-03,1984,2004.0,-20.0,2,True,False,False,False,False,Utilities,ok,,,,founding_member,,,founding_member,founding_member
FTSE100,05202036,Smith (W.H.),1991-12-04,1991,,,1,False,False,False,False,False,Consumer Discretionary,historical_no_reliable_ch_number,,,,historical_unmatched,,,historical_unmatched,historical_no_ch_number
FTSE100,05224547,Sema,2001-03-19,2001,,,1,False,False,False,False,False,,historical_no_reliable_ch_number,,,,historical_unmatched,,,historical_unmatched,historical_no_ch_number
FTSE100,05369106,London Stock Exchange Group,2007-12-04,2007,2005.0,2.0,1,False,False,True,False,True,Financials,ok,Public Limited Company,70100 - Activities of head offices,,wrapper_reincorp,,,wrapper_reincorp,corporate_action
FTSE100,05393279,Rentokil Initial,2007-08-22,2007,2005.0,2.0,3,True,False,False,False,False,Industrials,ok,Public Limited Company,82990 - Other business support service activities n.e.c.,,re_entry,,,re_entry,re_entry
FTSE100,05432915,Ferrexpo,2008-06-23,2008,2005.0,3.0,1,False,False,False,False,False,,ok,,,,very_new_adjudicate,,,very_new_adjudicate,very_new_adjudicate
FTSE100,05514581,MEPC,1984-01-03,1984,2005.0,-21.0,2,True,False,False,False,False,Real Estate,ok,,,,founding_member,,,founding_member,founding_member
FTSE100,05525338,Persimmon,2005-12-19,2005,2005.0,0.0,3,True,False,False,False,False,Consumer Discretionary,ok,Private Limited Company,74990 - Non-trading company,,re_entry,,,re_entry,re_entry
FTSE100,05557934,Hikma Pharmaceuticals,2015-03-20,2015,2005.0,10.0,5,True,False,False,False,False,,ok,,,,re_entry,,,re_entry,re_entry
FTSE100,05562053,Drax Group,2006-06-19,2006,2005.0,1.0,2,True,False,True,False,True,Utilities,ok,Public Limited Company,70100 - Activities of head offices,,re_entry,,,re_entry,re_entry
FTSE100,05757208,BAA,1987-10-01,1987,,,1,False,False,False,False,False,Industrials,historical_no_reliable_ch_number,,,,historical_unmatched,,,historical_unmatched,historical_no_ch_number
FTSE100,05863533,Home Retail Group,2006-10-11,2006,2006.0,0.0,2,True,False,True,False,True,Consumer Discretionary,ok,Private Limited Company,70100 - Activities of head offices,,re_entry,,,re_entry,re_entry
FTSE100,05998739,Harrisons & Crosfield,1984-01-03,1984,2006.0,-22.0,3,True,False,False,False,False,Materials,ok,,,,founding_member,,,founding_member,founding_member
FTSE100,06023510,Eurasian Natural Resources,2008-03-26,2008,2006.0,2.0,1,False,False,False,False,False,Materials,ok,Private Limited Company,07100 - Mining of iron ores,,very_new_adjudicate,,,very_new_adjudicate,very_new_adjudicate
FTSE100,06035106,Frasers Group,2022-09-13,2022,2006.0,16.0,1,False,False,True,False,False,,ok,Public Limited Company,70100 - Activities of head offices,,established,,,established,established
FTSE100,06072876,TUI Travel,2007-12-24,2007,2007.0,0.0,2,True,False,True,False,True,Consumer Discretionary,ok,Private Limited Company,70100 - Activities of head offices,,re_entry,,,re_entry,re_entry
FTSE100,06091951,Thomas Cook Group,2007-12-24,2007,2007.0,0.0,1,False,False,True,False,True,Consumer Discretionary,ok,Public Limited Company,70100 - Activities of head offices,,wrapper_reincorp,merger,https://en.wikipedia.org/wiki/Thomas_Cook_Group,merger,corporate_action
FTSE100,06208775,Burmah Oil,1986-07-01,1986,,,2,True,False,False,False,False,Energy,historical_no_reliable_ch_number,,,,historical_unmatched,,,historical_unmatched,historical_no_ch_number
FTSE100,06209386,Mondi,2013-09-23,2013,2007.0,6.0,1,False,False,True,False,False,Materials,ok,Public Limited Company,70100 - Activities of head offices,,genuinely_new_provisional,spin_off,https://en.wikipedia.org/wiki/Mondi,spin_off,corporate_action
FTSE100,06270876,Reckitt,1984-01-03,1984,2007.0,-23.0,1,False,False,False,False,False,Consumer Staples,ok,,,,founding_member,,,founding_member,founding_member
FTSE100,06344120,Fresnillo,2008-09-22,2008,2007.0,1.0,3,True,False,False,False,False,Materials,ok,Public Limited Company,07290 - Mining of other non-ferrous metal ores,,re_entry,,,re_entry,re_entry
FTSE100,06426485,Rightmove,2018-06-28,2018,2007.0,11.0,1,False,False,False,False,False,Communication Services,ok,Public Limited Company,62090 - Other information technology service activities,,genuinely_new_provisional,genuinely_new,https://en.wikipedia.org/wiki/Rightmove,genuinely_new,genuinely_new_verified
FTSE100,06489716,Paddy Power Betfair,2016-03-21,2016,2008.0,8.0,1,False,False,False,False,False,,ok,,,,genuinely_new_provisional,,,genuinely_new_provisional,genuinely_new_provisional
FTSE100,06534088,Carphone Warehouse,2007-09-24,2007,,,1,False,False,False,False,False,Consumer Discretionary,historical_no_reliable_ch_number,,,,historical_unmatched,,,historical_unmatched,historical_no_ch_number
FTSE100,06559020,United Utilities,1984-01-03,1984,2008.0,-24.0,1,False,False,False,False,False,,ok,,,,founding_member,,,founding_member,founding_member
FTSE100,06732228,Woolworths,1984-07-02,1984,2008.0,-24.0,1,False,False,False,False,False,Consumer Discretionary,ok,,,,founding_member,,,founding_member,founding_member
FTSE100,06798969,Thus,2000-03-20,2000,,,1,False,False,False,False,False,,historical_no_reliable_ch_number,,,,historical_unmatched,,,historical_unmatched,historical_no_ch_number
FTSE100,06947854,Just Eat,2017-12-18,2017,2009.0,8.0,3,True,False,False,False,False,Consumer Discretionary,ok,Private Limited Company,63120 - Web portals,,re_entry,,,re_entry,re_entry
FTSE100,07034919,Habitat Mothercare,1985-10-01,1985,,,1,False,False,False,False,False,Consumer Discretionary,historical_no_reliable_ch_number,,,,historical_unmatched,,,historical_unmatched,historical_no_ch_number
FTSE100,07098618,Ocado Group,2018-06-18,2018,2009.0,9.0,1,False,False,False,False,False,Consumer Staples,ok,Public Limited Company,"47110 - Retail sale in non-specialised stores with food, beverages or tobacco predominating",,genuinely_new_provisional,genuinely_new,https://en.wikipedia.org/wiki/Ocado,genuinely_new,genuinely_new_verified
FTSE100,07105905,Dixons Carphone,2014-09-22,2014,2009.0,5.0,1,False,False,False,False,False,,ok,,,,genuinely_new_provisional,,,genuinely_new_provisional,genuinely_new_provisional
FTSE100,07108619,Essar energy,2010-06-21,2010,2009.0,1.0,1,False,False,True,False,True,Energy,ok,Private Limited Company,70100 - Activities of head offices,,wrapper_reincorp,reincorporation_redomicile,https://en.wikipedia.org/wiki/Essar_Energy,reincorporation_redomicile,corporate_action
FTSE100,07118170,Avast,2020-06-22,2020,2010.0,10.0,1,False,False,False,False,False,Information Technology,ok,Private Limited Company,62090 - Other information technology service activities,,genuinely_new_provisional,ipo_established,https://en.wikipedia.org/wiki/Avast,ipo_established,corporate_action
FTSE100,07123187,African Barrick Gold,2010-06-21,2010,2010.0,0.0,1,False,False,False,False,False,,ok,,,,very_new_adjudicate,,,very_new_adjudicate,very_new_adjudicate
FTSE100,07124797,LondonMetric Property,2024-06-24,2024,2010.0,14.0,1,False,False,False,False,False,Real Estate,ok,Public Limited Company,68100 - Buying and selling of own real estate,,established,,,established,established
FTSE100,07476767,Anglian Water,1990-10-01,1990,,,1,False,False,False,False,False,Utilities,historical_no_reliable_ch_number,,,,historical_unmatched,,,historical_unmatched,historical_no_ch_number
FTSE100,07712220,NMC Health,2017-09-18,2017,2011.0,6.0,1,False,False,False,False,False,Health Care,ok,Public Limited Company,86101 - Hospital activities,,genuinely_new_provisional,,,genuinely_new_provisional,genuinely_new_provisional
FTSE100,07767799,Blue Arrow,1987-10-01,1987,,,2,True,False,False,False,False,Industrials,historical_no_reliable_ch_number,,,,historical_unmatched,,,historical_unmatched,historical_no_ch_number
FTSE100,07784342,Evraz,2011-12-19,2011,2011.0,0.0,2,True,False,False,False,False,Materials,ok,Public Limited Company,24100 - Manufacture of basic iron and steel and of ferro-alloys,,re_entry,,,re_entry,re_entry
FTSE100,08169000,United Biscuits,1984-01-03,1984,2012.0,-28.0,1,False,False,False,False,False,Consumer Staples,ok,,,,founding_member,,,founding_member,founding_member
FTSE100,08215888,Tritax Big Box REIT,2026-03-02,2026,2012.0,14.0,1,False,False,False,False,False,,ok,Public Limited Company,68209 - Other letting and operating of own or leased real estate,,established,,,established,established
FTSE100,08338604,Mediclinic International plc,2016-03-21,2016,2012.0,4.0,1,False,False,False,False,False,Health Care,ok,Private Limited Company,86101 - Hospital activities,,genuinely_new_provisional,merger,https://en.wikipedia.org/wiki/Al_Noor_Hospitals,merger,corporate_action
FTSE100,08577185,Slough Estates,2006-07-31,2006,,,1,False,False,False,False,False,Real Estate,historical_no_reliable_ch_number,,,,historical_unmatched,,,historical_unmatched,historical_no_ch_number
FTSE100,08700412,Merlin Entertainments,2015-04-13,2015,2013.0,2.0,1,False,False,True,False,True,Consumer Discretionary,ok,Private Limited Company,70100 - Activities of head offices,,wrapper_reincorp,established_organic_riser,https://en.wikipedia.org/wiki/Merlin_Entertainments,established_organic_riser,established
FTSE100,08762327,Worldpay Group,2015-12-21,2015,2013.0,2.0,1,False,False,False,False,False,Financials,ok,Private Limited Company,82990 - Other business support service activities n.e.c.,,very_new_adjudicate,,,very_new_adjudicate,very_new_adjudicate
FTSE100,08811254,British Gas,1986-12-09,1986,,,1,False,False,False,False,False,Utilities,historical_no_reliable_ch_number,,,,historical_unmatched,,,historical_unmatched,historical_no_ch_number
FTSE100,08815102,Yell Group,2003-09-22,2003,,,1,False,False,False,False,False,Communication Services,historical_no_reliable_ch_number,,,,historical_unmatched,,,historical_unmatched,historical_no_ch_number
FTSE100,08860726,Informa,2016-03-21,2016,2014.0,2.0,1,False,False,True,False,True,Communication Services,ok,Public Limited Company,70100 - Activities of head offices,,wrapper_reincorp,established_organic_riser,https://en.wikipedia.org/wiki/Informa,established_organic_riser,established
FTSE100,09132358,Kazakhmys,2005-12-19,2005,,,1,False,False,False,False,False,Materials,historical_no_reliable_ch_number,,,,historical_unmatched,,,historical_unmatched,historical_no_ch_number
FTSE100,09220362,Racal Electronics,1984-01-03,1984,2014.0,-30.0,1,False,False,False,False,False,Industrials,ok,,,,founding_member,,,founding_member,founding_member
FTSE100,09399778,British Sky Broadcasting,1995-09-18,1995,,,1,False,False,False,False,False,,historical_no_reliable_ch_number,,,,historical_unmatched,,,historical_unmatched,historical_no_ch_number
FTSE100,09406669,Nycomed Amersham,2000-03-20,2000,,,1,False,False,False,False,False,Health Care,historical_no_reliable_ch_number,,,,historical_unmatched,,,historical_unmatched,historical_no_ch_number
FTSE100,09439967,Auto Trader Group,2018-12-31,2018,2015.0,3.0,1,False,False,True,False,True,Communication Services,ok,Public Limited Company,70100 - Activities of head offices,,wrapper_reincorp,established_organic_riser,https://en.wikipedia.org/wiki/Auto_Trader_Group,established_organic_riser,established
FTSE100,09496208,AMEC,2007-12-20,2007,,,1,False,False,False,False,False,Industrials,historical_no_reliable_ch_number,,,,historical_unmatched,,,historical_unmatched,historical_no_ch_number
FTSE100,09717350,Coca-Cola Europacific,2025-03-24,2025,2015.0,10.0,1,False,False,False,False,False,,ok,Public Limited Company,11070 - Manufacture of soft drinks; production of mineral waters and other bottled waters,,genuinely_new_provisional,merger,https://en.wikipedia.org/wiki/Coca-Cola_Europacific_Partners,merger,corporate_action
FTSE100,09763575,Beazley,2022-12-19,2022,2015.0,7.0,1,False,False,True,False,False,Financials,ok,Public Limited Company,64205 - Activities of financial services holding companies,,genuinely_new_provisional,established_organic_riser,https://en.wikipedia.org/wiki/Beazley_plc,established_organic_riser,established
FTSE100,09800044,Melrose Industries,2012-09-24,2012,,,2,True,False,False,False,False,Industrials,historical_no_reliable_ch_number,,,,historical_unmatched,,,historical_unmatched,historical_no_ch_number
FTSE100,09876996,Bowater,1992-04-01,1992,,,1,False,False,False,False,False,Materials,historical_no_reliable_ch_number,,,,historical_unmatched,,,historical_unmatched,historical_no_ch_number
FTSE100,09909380,RMC Group,1984-01-03,1984,2015.0,-31.0,5,True,False,False,False,False,Materials,ok,,,,founding_member,,,founding_member,founding_member
FTSE100,09909999,Cable & Wireless Communications,1984-01-03,1984,2015.0,-31.0,1,False,False,False,False,False,,ok,,,,founding_member,,,founding_member,founding_member
FTSE100,10215539,Freeserve,2000-03-20,2000,,,1,False,False,False,False,False,,historical_no_reliable_ch_number,,,,historical_unmatched,,,historical_unmatched,historical_no_ch_number
FTSE100,10274117,Dalgety,1984-01-03,1984,2016.0,-32.0,2,True,False,False,False,False,Financials,ok,,,,founding_member,,,founding_member,founding_member
FTSE100,10361298,ConvaTec Group,2016-12-19,2016,2016.0,0.0,2,True,False,False,False,False,Health Care,ok,Public Limited Company,96090 - Other service activities n.e.c.,,re_entry,,,re_entry,re_entry
FTSE100,10517727,Enterprise Inns,2004-03-22,2004,,,1,False,False,False,False,False,Consumer Discretionary,historical_no_reliable_ch_number,,,,historical_unmatched,,,historical_unmatched,historical_no_ch_number
FTSE100,10681760,London Electricity,1995-10-23,1995,,,1,False,False,False,False,False,,historical_no_reliable_ch_number,,,,historical_unmatched,,,historical_unmatched,historical_no_ch_number
FTSE100,10686681,House of Fraser,1984-01-03,1984,2017.0,-33.0,1,False,False,False,False,False,Consumer Discretionary,ok,,,,founding_member,,,founding_member,founding_member
FTSE100,10691596,Phoenix Group Holdings,2019-03-18,2019,2017.0,2.0,1,False,False,False,False,False,Financials,ok,Private Limited Company,99999 - Dormant Company,,very_new_adjudicate,established_organic_riser,https://dailybusinessgroup.co.uk/2019/02/wood-demoted-phoenix-promoted-in-ftse-100-reshuffle/,established_organic_riser,established
FTSE100,10917019,Lion Finance Group,2026-03-23,2026,2017.0,9.0,1,False,False,False,False,False,,ok,Public Limited Company,64191 - Banks,,genuinely_new_provisional,established_organic_riser,https://en.wikipedia.org/wiki/Lion_Finance_Group,established_organic_riser,established
FTSE100,11299879,ARM Holdings,1999-12-20,1999,,,1,False,False,False,False,False,Information Technology,historical_no_reliable_ch_number,,,,historical_unmatched,,,historical_unmatched,historical_no_ch_number
FTSE100,11353526,Psion,2000-03-20,2000,,,1,False,False,False,False,False,,historical_no_reliable_ch_number,,,,historical_unmatched,,,historical_unmatched,historical_no_ch_number
FTSE100,11408139,Hillsdown Holdings,1987-01-02,1987,,,1,False,False,False,False,False,Consumer Staples,historical_no_reliable_ch_number,,,,historical_unmatched,,,historical_unmatched,historical_no_ch_number
FTSE100,11444019,M&G,1984-01-03,1984,2018.0,-34.0,1,False,False,False,False,False,Financials,ok,,,,founding_member,,,founding_member,founding_member
FTSE100,11462215,Airtel Africa,2022-01-31,2022,2018.0,4.0,1,False,False,True,False,True,Communication Services,ok,Public Limited Company,64209 - Activities of other holding companies n.e.c.,,genuinely_new_provisional,spin_off,https://en.wikipedia.org/wiki/Airtel_Africa,spin_off,corporate_action
FTSE100,11466170,Compass,1998-03-23,1998,,,1,False,False,False,False,False,,historical_no_reliable_ch_number,,,,historical_unmatched,,,historical_unmatched,historical_no_ch_number
FTSE100,11606773,Standard Life,2006-09-18,2006,,,1,False,False,False,False,False,Financials,historical_no_reliable_ch_number,,,,historical_unmatched,,,historical_unmatched,historical_no_ch_number
FTSE100,11775757,Sports Direct International,2013-09-23,2013,,,1,False,False,False,False,False,Consumer Discretionary,historical_no_reliable_ch_number,,,,historical_unmatched,,,historical_unmatched,historical_no_ch_number
FTSE100,11785532,NatWest,1984-01-03,1984,2019.0,-35.0,1,False,False,False,False,False,,ok,,,,founding_member,,,founding_member,founding_member
FTSE100,12181667,Polly Peck,1984-01-03,1984,2019.0,-35.0,1,False,False,False,False,False,,ok,,,,founding_member,,,founding_member,founding_member
FTSE100,12215835,GlaxoSmithKline,2000-12-27,2000,,,1,False,False,False,False,False,,historical_no_reliable_ch_number,,,,historical_unmatched,,,historical_unmatched,historical_no_ch_number
FTSE100,12283210,Tate & Lyle,1991-01-23,1991,,,6,True,False,False,False,False,,historical_no_reliable_ch_number,,,,historical_unmatched,,,historical_unmatched,historical_no_ch_number
FTSE100,12303256,British Steel,1988-12-21,1988,,,2,True,False,False,False,False,Materials,historical_no_reliable_ch_number,,,,historical_unmatched,,,historical_unmatched,historical_no_ch_number
FTSE100,12620781,Dixons Group,1985-01-02,1985,,,3,True,False,False,False,False,Consumer Discretionary,historical_no_reliable_ch_number,,,,historical_unmatched,,,historical_unmatched,historical_no_ch_number
FTSE100,12657712,General Electric Company,1984-01-03,1984,2020.0,-36.0,1,False,False,False,False,False,Industrials,ok,,,,founding_member,,,founding_member,founding_member
FTSE100,12664251,Tomkins,1992-01-02,1992,,,3,True,False,False,False,False,Industrials,historical_no_reliable_ch_number,,,,historical_unmatched,,,historical_unmatched,historical_no_ch_number
FTSE100,12670975,Orange,1996-06-24,1996,,,1,False,False,False,False,False,Communication Services,historical_no_reliable_ch_number,,,,historical_unmatched,,,historical_unmatched,historical_no_ch_number
FTSE100,12818602,National Power,1991-04-02,1991,,,1,False,False,False,False,False,Utilities,historical_no_reliable_ch_number,,,,historical_unmatched,,,historical_unmatched,historical_no_ch_number
FTSE100,12966997,Caradon PLC,1993-11-05,1993,,,1,False,False,False,False,False,Industrials,historical_no_reliable_ch_number,,,,historical_unmatched,,,historical_unmatched,historical_no_ch_number
FTSE100,13246881,Segro,2006-07-31,2006,,,3,True,False,False,False,False,Real Estate,historical_no_reliable_ch_number,,,,historical_unmatched,,,historical_unmatched,historical_no_ch_number
FTSE100,13264637,Darktrace,2021-10-27,2021,2013.0,8.0,2,True,False,False,False,False,,ok,,,,re_entry,,,re_entry,re_entry
FTSE100,13280545,Endeavour Mining,2022-03-21,2022,2021.0,1.0,2,True,False,False,False,False,Materials,ok,Public Limited Company,07290 - Mining of other non-ferrous metal ores,,re_entry,,,re_entry,re_entry
FTSE100,13595866,Sedgwick,1984-01-03,1984,2021.0,-37.0,1,False,False,False,False,False,,ok,,,,founding_member,,,founding_member,founding_member
FTSE100,13691224,Haleon,2022-07-18,2022,2021.0,1.0,1,False,False,True,False,True,Consumer Staples,ok,Public Limited Company,70100 - Activities of head offices,,wrapper_reincorp,spin_off,https://en.wikipedia.org/wiki/Haleon,spin_off,corporate_action
FTSE100,14236527,Liberty International,2002-12-23,2002,,,1,False,False,False,False,False,Real Estate,historical_no_reliable_ch_number,,,,historical_unmatched,,,historical_unmatched,historical_no_ch_number
FTSE100,14240638,Royal Mail,2013-12-23,2013,,,3,True,False,False,False,False,Industrials,historical_no_reliable_ch_number,,,,historical_unmatched,,,historical_unmatched,historical_no_ch_number
FTSE100,14591224,Dowlais Group,2023-04-25,2023,2023.0,0.0,1,False,False,False,False,False,,ok,,,,very_new_adjudicate,,,very_new_adjudicate,very_new_adjudicate
FTSE100,14696069,EMAP,1999-03-22,1999,,,3,True,False,False,False,False,Communication Services,historical_no_reliable_ch_number,,,,historical_unmatched,,,historical_unmatched,historical_no_ch_number
FTSE100,14840880,Intermediate Capital Group,2023-12-18,2023,2023.0,0.0,1,False,False,False,False,False,Financials,ok,Private Limited Company,64192 - Building societies,,very_new_adjudicate,established_organic_riser,https://www.cityam.com/intermediate-capital-to-join-londons-ftse-100-after-share-price-surged-a-third-this-year/,established_organic_riser,established
FTSE100,15049410,Jaguar,1985-02-01,1985,,,1,False,False,False,False,False,Consumer Discretionary,historical_no_reliable_ch_number,,,,historical_unmatched,,,historical_unmatched,historical_no_ch_number
FTSE100,15213063,ECC Group,1984-01-03,1984,2023.0,-39.0,2,True,False,False,False,False,,ok,,,,founding_member,,,founding_member,founding_member
FTSE100,15436803,Spirax-Sarco Engineering,2018-12-24,2018,,,1,False,False,False,False,False,Industrials,historical_no_reliable_ch_number,,,,historical_unmatched,,,historical_unmatched,historical_no_ch_number
FTSE100,15698920,Amstrad,1984-01-03,1984,2024.0,-40.0,1,False,False,False,False,False,Information Technology,ok,,,,founding_member,,,founding_member,founding_member
FTSE100,15712439,Woolwich,1997-09-22,1997,,,1,False,False,False,False,False,Financials,historical_no_reliable_ch_number,,,,historical_unmatched,,,historical_unmatched,historical_no_ch_number
FTSE100,15944520,Metlen Energy & Metals,2025-09-22,2025,2024.0,1.0,1,False,False,True,False,True,,ok,Public Limited Company,64209 - Activities of other holding companies n.e.c.,,wrapper_reincorp,reincorporation_redomicile,https://en.wikipedia.org/wiki/Metlen_Energy_%26_Metals,reincorporation_redomicile,corporate_action
FTSE100,15998687,Barratt Development,1984-01-03,1984,2024.0,-40.0,4,True,False,False,False,False,Consumer Discretionary,ok,,,,founding_member,,,founding_member,founding_member
FTSE100,16051356,Petrofac,2008-06-23,2008,,,2,True,False,False,False,False,Energy,historical_no_reliable_ch_number,,,,historical_unmatched,,,historical_unmatched,historical_no_ch_number
FTSE100,16133984,Aberdeen Asset Management,2012-03-19,2012,,,1,False,False,False,False,False,Financials,historical_no_reliable_ch_number,,,,historical_unmatched,,,historical_unmatched,historical_no_ch_number
FTSE100,16237399,BICC,1984-01-03,1984,2025.0,-41.0,2,True,False,False,False,False,Industrials,ok,,,,founding_member,,,founding_member,founding_member
FTSE100,16271657,NFC,1991-11-26,1991,,,2,True,False,False,False,False,Industrials,historical_no_reliable_ch_number,,,,historical_unmatched,,,historical_unmatched,historical_no_ch_number
FTSE100,16351760,Northern Rock,2001-09-24,2001,,,1,False,False,False,False,False,Financials,historical_no_reliable_ch_number,,,,historical_unmatched,,,historical_unmatched,historical_no_ch_number
FTSE100,16570860,Trafalgar House,1984-01-03,1984,2025.0,-41.0,1,False,False,False,False,False,Industrials,ok,,,,founding_member,,,founding_member,founding_member
FTSE100,16640835,Sema Group,1998-09-21,1998,,,3,True,False,False,False,False,Information Technology,historical_no_reliable_ch_number,,,,historical_unmatched,,,historical_unmatched,historical_no_ch_number
FTSE100,16793203,Cookson Group,1986-04-01,1986,,,2,True,False,False,False,False,Industrials,historical_no_reliable_ch_number,,,,historical_unmatched,,,historical_unmatched,historical_no_ch_number
FTSE100,17136683,Smith Industries,1985-04-01,1985,,,1,False,False,False,False,False,,historical_no_reliable_ch_number,,,,historical_unmatched,,,historical_unmatched,historical_no_ch_number
FTSE100,17225057,Railtrack,1996-07-18,1996,,,1,False,False,False,False,False,,historical_no_reliable_ch_number,,,,historical_unmatched,,,historical_unmatched,historical_no_ch_number
FTSE100,FC029884,International Airlines Group,1984-01-03,1984,2010.0,-26.0,1,False,False,False,False,False,Industrials,ok,,,,founding_member,,,founding_member,founding_member
FTSE100,FC037925,GVC Holdings,2018-06-18,2018,,,2,True,False,False,False,False,Consumer Discretionary,historical_no_reliable_ch_number,,,,historical_unmatched,,,historical_unmatched,historical_no_ch_number
FTSE100,RC000404,P & O,1984-01-03,1984,1981.0,3.0,2,True,False,False,False,False,,ok,Royal Charter Company,None Supplied,,founding_member,,,founding_member,founding_member
FTSE100,SC001731,Alliance Trust,2008-02-07,2008,1888.0,120.0,2,True,False,False,True,False,Financials,ok,Public Limited Company,64301 - Activities of investment trusts,,re_entry,,,re_entry,re_entry
FTSE100,SC002934,Weir Group,2010-09-20,2010,1895.0,115.0,3,True,False,True,False,False,Industrials,ok,Public Limited Company,70100 - Activities of head offices,,re_entry,,,re_entry,re_entry
FTSE100,SC003388,Coutaulds,1984-01-03,1984,1897.0,87.0,1,False,False,False,False,False,Materials,ok,Private Unlimited Company,7499 - Non-trading company,,founding_member,,,founding_member,founding_member
FTSE100,SC005098,Burmah Castrol,1984-01-03,1984,1902.0,82.0,2,True,False,False,False,False,,ok,,,,founding_member,,,founding_member,founding_member
FTSE100,SC007058,Scottish Mortgage Investment,2017-03-20,2017,1909.0,108.0,1,False,False,False,True,False,Financials,ok,Public Limited Company,64301 - Activities of investment trusts,,established,,,established,established
FTSE100,SC016288,Scottish & Newcastle Breweries,1984-01-03,1984,1931.0,53.0,5,True,False,False,False,False,,ok,,,,founding_member,,,founding_member,founding_member
FTSE100,SC034993,Edinburgh Investment Trust,1984-01-03,1984,1960.0,24.0,1,False,False,True,True,False,Financials,ok,Private Limited Company,70100 - Activities of head offices,,founding_member,,,founding_member,founding_member
FTSE100,SC077750,Britoil,1984-01-03,1984,1982.0,2.0,1,False,False,False,False,False,Energy,ok,Private Limited Company,06100 - Extraction of crude petroleum,,founding_member,,,founding_member,founding_member
FTSE100,SC080891,Telewest Communications,1998-09-21,1998,1982.0,16.0,1,False,False,False,False,False,Communication Services,ok,Private Limited Company,82990 - Other business support service activities n.e.c.,,established,,,established,established
FTSE100,SC082015,Abrdn,1984-01-03,1984,1983.0,1.0,2,True,False,False,False,False,,ok,,,,founding_member,,,founding_member,founding_member
FTSE100,SC095000,Lloyds Banking Group,1984-01-03,1984,1985.0,-1.0,2,True,False,False,False,False,Financials,ok,,,,founding_member,,,founding_member,founding_member
FTSE100,SC100764,Stagecoach Group,2008-09-22,2008,1986.0,22.0,1,False,False,False,False,False,,ok,,,,established,,,established,established
FTSE100,SC117119,Southern Electric,1992-09-21,1992,1989.0,3.0,4,True,True,True,False,True,Utilities,ok,Public Limited Company,70100 - Activities of head offices,Scottish & Southern Energy; Scottish Hydro,re_entry,,,re_entry,re_entry
FTSE100,SC119505,General Accident,1984-01-03,1984,1989.0,-5.0,1,False,False,False,False,False,Financials,ok,,,,founding_member,,,founding_member,founding_member
FTSE100,SC157176,First Group,2007-12-24,2007,1995.0,12.0,1,False,False,False,False,False,,ok,,,,genuinely_new_provisional,,,genuinely_new_provisional,genuinely_new_provisional
FTSE100,SC177553,Aggreko,2009-12-21,2009,1997.0,12.0,1,False,False,False,False,False,Industrials,ok,Private Limited Company,77320 - Renting and leasing of construction and civil engineering machinery and equipment,,genuinely_new_provisional,established_organic_riser,https://en.wikipedia.org/wiki/Aggreko,established_organic_riser,established
FTSE100,SC193794,Scottish Power,1991-07-01,1991,,,1,False,False,False,False,False,,historical_no_reliable_ch_number,,,,historical_unmatched,,,historical_unmatched,historical_no_ch_number
FTSE100,SC212093,Stagecoach Holdings,1998-06-22,1998,,,1,False,False,False,False,False,Industrials,historical_no_reliable_ch_number,,,,historical_unmatched,,,historical_unmatched,historical_no_ch_number
FTSE100,SC218813,HBOS,2001-09-10,2001,2001.0,0.0,1,False,False,True,False,True,Financials,ok,Public Limited Company,64205 - Activities of financial services holding companies,,wrapper_reincorp,merger,https://en.wikipedia.org/wiki/HBOS,merger,corporate_action
FTSE100,SC234781,Harbour Energy,2022-05-12,2022,2002.0,20.0,2,True,False,False,False,False,,ok,,,,re_entry,,,re_entry,re_entry
FTSE100,SC246627,Ferguson,1993-06-21,1993,,,1,False,True,False,False,False,Industrials,historical_no_reliable_ch_number,,,Wolseley,historical_unmatched,,,historical_unmatched,historical_no_ch_number
FTSE100,SC270184,British Energy,1997-12-22,1997,,,3,True,False,False,False,False,Utilities,historical_no_reliable_ch_number,,,,historical_unmatched,,,historical_unmatched,historical_no_ch_number
FTSE100,SC278251,Wood Group (John),2008-04-28,2008,2005.0,3.0,3,True,False,False,False,False,Energy,ok,Private Limited Company,"74909 - Other professional, scientific and technical activities n.e.c.",,re_entry,,,re_entry,re_entry
FTSE100,SC327000,Bank of Scotland,1985-08-06,1985,,,2,True,False,False,False,False,Financials,historical_no_reliable_ch_number,,,,historical_unmatched,,,historical_unmatched,historical_no_ch_number
FTSE100,SC544125,Argyll Group,1985-01-02,1985,,,2,True,False,False,False,False,Consumer Staples,historical_no_reliable_ch_number,,,,historical_unmatched,,,historical_unmatched,historical_no_ch_number
FTSE100,SC585480,Scottish Hydro,1992-09-21,1992,,,2,True,False,False,False,False,,historical_no_reliable_ch_number,,,,historical_unmatched,,,historical_unmatched,historical_no_ch_number
FTSE100,SC639139,Marconi,1999-11-30,1999,,,1,False,False,False,False,False,Information Technology,historical_no_reliable_ch_number,,,,historical_unmatched,,,historical_unmatched,historical_no_ch_number
FTSE100,SC787001,Cairn Energy,2004-09-20,2004,,,3,True,False,False,False,False,Energy,historical_no_reliable_ch_number,,,,historical_unmatched,,,historical_unmatched,historical_no_ch_number
