company_number,company_name,birth_year,birth_month,birth_date_exact,birth_precision,birth_basis,source_url
01142830,3i Group,1973,November,1973-11-01,day,companies_house_incorporation,https://find-and-update.company-information.service.gov.uk/company/01142830
09496208,AMEC,1883,,,year,business_founding_researched,https://en.wikipedia.org/wiki/Amec_Foster_Wheeler
11299879,ARM Holdings,1990,November,,month,business_founding_researched,https://en.wikipedia.org/wiki/Arm_Holdings
01396513,ASDA Group (formerly Associated,1978,October,1978-10-27,day,companies_house_incorporation,https://find-and-update.company-information.service.gov.uk/company/01396513
00710383,Abbey Life,1961,December,1961-12-12,day,companies_house_incorporation,https://find-and-update.company-information.service.gov.uk/company/00710383
02294747,Abbey National,1988,September,1988-09-12,day,companies_house_incorporation,https://find-and-update.company-information.service.gov.uk/company/02294747
16133984,Aberdeen Asset Management,1983,,,year,business_founding_researched,https://en.wikipedia.org/wiki/Aberdeen_Asset_Management
03849958,Admiral Group,1999,September,1999-09-24,day,companies_house_incorporation,https://find-and-update.company-information.service.gov.uk/company/03849958
SC177553,Aggreko,1997,July,1997-07-23,day,companies_house_incorporation,https://find-and-update.company-information.service.gov.uk/company/SC177553
11462215,Airtel Africa,2018,July,2018-07-12,day,companies_house_incorporation,https://find-and-update.company-information.service.gov.uk/company/11462215
03263713,Alliance & Leicester,1996,October,1996-10-10,day,companies_house_incorporation,https://find-and-update.company-information.service.gov.uk/company/03263713
04452715,Alliance Boots,1849,,,year,business_founding_researched,https://en.wikipedia.org/wiki/Boots_(company)
SC001731,Alliance Witan,1888,April,1888-04-21,day,companies_house_incorporation,https://find-and-update.company-information.service.gov.uk/company/SC001731
03771147,Allied Domecq,1961,,,year,business_founding_researched,https://en.wikipedia.org/wiki/Allied_Breweries
03525388,Allied Zurich,1998,March,1998-03-05,day,companies_house_incorporation,https://find-and-update.company-information.service.gov.uk/company/03525388
15698920,Amstrad,1968,November,,month,business_founding_researched,https://en.wikipedia.org/wiki/Amstrad
00308372,Amvescap,1935,December,1935-12-19,day,companies_house_incorporation,https://find-and-update.company-information.service.gov.uk/company/00308372
07476767,Anglian Water,1974,April,,month,business_founding_researched,https://en.wikipedia.org/wiki/Anglian_Water_Authority
03564138,Anglo American,1998,May,1998-05-14,day,companies_house_incorporation,https://find-and-update.company-information.service.gov.uk/company/03564138
01627889,Antofagasta,1982,April,1982-04-07,day,companies_house_incorporation,https://find-and-update.company-information.service.gov.uk/company/01627889
01081551,Argos plc,1972,November,1972-11-13,day,companies_house_incorporation,https://find-and-update.company-information.service.gov.uk/company/01081551
SC544125,Argyll Group,1977,,,year,business_founding_researched,https://en.wikipedia.org/wiki/Argyll_Foods
00961440,Arjo Wiggins Appleton plc,1969,September,1969-09-04,day,companies_house_incorporation,https://find-and-update.company-information.service.gov.uk/company/00961440
03675683,Ashmore Group,1998,November,1998-11-30,day,companies_house_incorporation,https://find-and-update.company-information.service.gov.uk/company/03675683
01807982,Ashtead Group,1984,April,1984-04-11,day,companies_house_incorporation,https://find-and-update.company-information.service.gov.uk/company/01807982
00293262,Associated British Foods,1934,October,1934-10-20,day,companies_house_incorporation,https://find-and-update.company-information.service.gov.uk/company/00293262
09439967,Auto Trader Group,2015,February,2015-02-13,day,companies_house_incorporation,https://find-and-update.company-information.service.gov.uk/company/09439967
07118170,Avast,2010,January,2010-01-07,day,companies_house_incorporation,https://find-and-update.company-information.service.gov.uk/company/07118170
02937296,Aveva Group,1994,June,1994-06-09,day,companies_house_incorporation,https://find-and-update.company-information.service.gov.uk/company/02937296
00233112,B.A.T. Industries Plc,1928,September,1928-09-03,day,companies_house_incorporation,https://find-and-update.company-information.service.gov.uk/company/00233112
05757208,BAA,1965,,,year,business_founding_researched,https://www.gracesguide.co.uk/British_Airports_Authority
03196209,BHP Group Plc,1885,August,,month,business_founding_researched,https://en.wikipedia.org/wiki/BHP
16237399,BICC,1870,,,year,business_founding_researched,https://en.wikipedia.org/wiki/British_Insulated_Callender's_Cables
00337663,BOC,1938,March,1938-03-08,day,companies_house_incorporation,https://find-and-update.company-information.service.gov.uk/company/00337663
00102498,BP,1909,April,1909-04-14,day,companies_house_incorporation,https://find-and-update.company-information.service.gov.uk/company/00102498
00147271,BPB,1917,April,1917-04-24,day,companies_house_incorporation,https://find-and-update.company-information.service.gov.uk/company/00147271
04190816,BT Group,2001,March,2001-03-30,day,companies_house_incorporation,https://find-and-update.company-information.service.gov.uk/company/04190816
02342138,Babcock International Group,1891,July,,month,business_founding_researched,https://en.wikipedia.org/wiki/Babcock_%26_Wilcox_Ltd
00395826,Balfour Beatty,1945,May,1945-05-31,day,companies_house_incorporation,https://find-and-update.company-information.service.gov.uk/company/00395826
SC327000,Bank of Scotland,1695,July,,month,business_founding_researched,https://en.wikipedia.org/wiki/Bank_of_Scotland
00048839,Barclays,1896,July,1896-07-20,day,companies_house_incorporation,https://find-and-update.company-information.service.gov.uk/company/00048839
15998687,Barratt Developments,1958,,,year,business_founding_researched,https://en.wikipedia.org/wiki/Barratt_Developments
09763575,Beazley,2015,September,2015-09-04,day,companies_house_incorporation,https://find-and-update.company-information.service.gov.uk/company/09763575
00227531,Beecham Group,1928,January,1928-01-23,day,companies_house_incorporation,https://find-and-update.company-information.service.gov.uk/company/00227531
02707046,Berisford (S & W),1851,,,year,business_founding_researched,https://en.wikipedia.org/wiki/Enodis
07767799,Blue Arrow,1959,November,,month,business_founding_researched,https://en.wikipedia.org/wiki/Blue_Arrow
09876996,Bowater,1881,,,year,business_founding_researched,https://en.wikipedia.org/wiki/William_Vansittart_Bowater
03938288,Bradford & Bingley,2000,February,2000-02-28,day,companies_house_incorporation,https://find-and-update.company-information.service.gov.uk/company/03938288
01470151,British Aerospace,1979,December,1979-12-31,day,companies_house_incorporation,https://find-and-update.company-information.service.gov.uk/company/01470151
01777777,British Airways,1983,December,1983-12-13,day,companies_house_incorporation,https://find-and-update.company-information.service.gov.uk/company/01777777
03407696,British American Tobacco,1997,July,1997-07-23,day,companies_house_incorporation,https://find-and-update.company-information.service.gov.uk/company/03407696
SC270184,British Energy Group,1995,,,year,business_founding_researched,https://en.wikipedia.org/wiki/British_Energy
08811254,British Gas,1812,April,,month,business_founding_researched,https://en.wikipedia.org/wiki/Gas_Light_and_Coke_Company
00621920,British Land Co.,1959,February,1959-02-26,day,companies_house_incorporation,https://find-and-update.company-information.service.gov.uk/company/00621920
09399778,British Sky Broadcasting,1990,November,,month,business_founding_researched,https://en.wikipedia.org/wiki/Sky_UK
12303256,British Steel Plc,1967,,,year,business_founding_researched,https://en.wikipedia.org/wiki/British_Steel_(1967%E2%80%931999)
01800000,British Telecom,1984,April,1984-04-01,day,companies_house_incorporation,https://find-and-update.company-information.service.gov.uk/company/01800000
SC077750,Britoil,1982,March,1982-03-04,day,companies_house_incorporation,https://find-and-update.company-information.service.gov.uk/company/SC077750
00358948,Bunzl,1940,January,1940-01-22,day,companies_house_incorporation,https://find-and-update.company-information.service.gov.uk/company/00358948
03458224,Burberry Group,1997,October,1997-10-30,day,companies_house_incorporation,https://find-and-update.company-information.service.gov.uk/company/03458224
06208775,Burmah Oil,1886,,,year,business_founding_researched,https://en.wikipedia.org/wiki/Burmah_Oil
00930965,CMG,1968,April,1968-04-24,day,companies_house_incorporation,https://find-and-update.company-information.service.gov.uk/company/00930965
02983774,Cable & Wireless,1994,October,1994-10-21,day,companies_house_incorporation,https://find-and-update.company-information.service.gov.uk/company/02983774
09909999,Cable & Wireless Communications,1869,,,year,business_founding_researched,https://en.wikipedia.org/wiki/Cable_%26_Wireless_plc
SC787001,Cairn Energy,1981,,,year,business_founding_researched,https://en.wikipedia.org/wiki/Capricorn_Energy
04191122,Canary Wharf Group,1993,,,year,business_founding_researched,https://en.wikipedia.org/wiki/Canary_Wharf_Group
02081330,Capita Group,1986,December,1986-12-08,day,companies_house_incorporation,https://find-and-update.company-information.service.gov.uk/company/02081330
12966997,Caradon PLC,1985,,,year,business_founding_researched,https://www.encyclopedia.com/books/politics-and-business-magazines/caradon-plc
00348312,Carlton Communications,1939,January,1939-01-11,day,companies_house_incorporation,https://find-and-update.company-information.service.gov.uk/company/00348312
06534088,Carphone Warehouse,1989,,,year,business_founding_researched,https://en.wikipedia.org/wiki/Carphone_Warehouse
02159282,Celltech Group,1987,August,1987-08-28,day,companies_house_incorporation,https://find-and-update.company-information.service.gov.uk/company/02159282
03033654,Centrica,1995,March,1995-03-16,day,companies_house_incorporation,https://find-and-update.company-information.service.gov.uk/company/03033654
09717350,Coca-Cola Europacific,2015,August,2015-08-04,day,companies_house_incorporation,https://find-and-update.company-information.service.gov.uk/company/09717350
11466170,Compass,1941,,,year,business_founding_researched,https://www.fundinguniverse.com/company-histories/compass-group-plc-history/
04083914,Compass Group,2000,September,2000-09-29,day,companies_house_incorporation,https://find-and-update.company-information.service.gov.uk/company/04083914
03110569,Computacenter,1981,October,,month,business_founding_researched,https://en.wikipedia.org/wiki/Computacenter
10361298,ConvaTec Group,2016,September,2016-09-06,day,companies_house_incorporation,https://find-and-update.company-information.service.gov.uk/company/10361298
16793203,Cookson Group,1704,,,year,business_founding_researched,https://en.wikipedia.org/wiki/Vesuvius_plc
03811373,Corus Group,1999,July,1999-07-16,day,companies_house_incorporation,https://find-and-update.company-information.service.gov.uk/company/03811373
SC003388,Coutaulds,1897,January,1897-01-06,day,companies_house_incorporation,https://find-and-update.company-information.service.gov.uk/company/SC003388
00206132,Croda International,1925,May,1925-05-22,day,companies_house_incorporation,https://find-and-update.company-information.service.gov.uk/company/00206132
04709270,DCC,2003,March,2003-03-24,day,companies_house_incorporation,https://find-and-update.company-information.service.gov.uk/company/04709270
00184594,Daily Mail & General Trust,1922,September,1922-09-27,day,companies_house_incorporation,https://find-and-update.company-information.service.gov.uk/company/00184594
10274117,Dalgety,1846,,,year,business_founding_researched,https://en.wikipedia.org/wiki/Dalgety_plc
13264637,Darktrace,2021,March,2021-03-12,day,companies_house_incorporation,https://find-and-update.company-information.service.gov.uk/company/13264637
03834125,De La Rue,1821,,,year,business_founding_researched,https://en.wikipedia.org/wiki/De_La_Rue
03369634,Dechra Pharmaceuticals,1997,May,1997-05-13,day,companies_house_incorporation,https://find-and-update.company-information.service.gov.uk/company/03369634
00023307,Diageo,1886,October,1886-10-21,day,companies_house_incorporation,https://find-and-update.company-information.service.gov.uk/company/00023307
03704278,Dimension Data Holdings,1999,January,1999-01-28,day,companies_house_incorporation,https://find-and-update.company-information.service.gov.uk/company/03704278
03899848,Diploma,1999,December,1999-12-24,day,companies_house_incorporation,https://find-and-update.company-information.service.gov.uk/company/03899848
02280426,Direct Line Insurance Group,1988,July,1988-07-26,day,companies_house_incorporation,https://find-and-update.company-information.service.gov.uk/company/02280426
12620781,Dixons Group,1937,,,year,business_founding_researched,https://en.wikipedia.org/wiki/Dixons_(retailer)
14591224,Dowlais Group,2023,January,2023-01-13,day,companies_house_incorporation,https://find-and-update.company-information.service.gov.uk/company/14591224
05562053,Drax Group,2005,September,2005-09-13,day,companies_house_incorporation,https://find-and-update.company-information.service.gov.uk/company/05562053
15213063,ECC Group,1919,April,,month,business_founding_researched,https://en.wikipedia.org/wiki/English_China_Clays
00229231,EMI Group plc,1928,March,1928-03-29,day,companies_house_incorporation,https://find-and-update.company-information.service.gov.uk/company/00229231
03959649,Easyjet,2000,March,2000-03-24,day,companies_house_incorporation,https://find-and-update.company-information.service.gov.uk/company/03959649
SC034993,Edinburgh Investment Trust,1960,March,1960-03-14,day,companies_house_incorporation,https://find-and-update.company-information.service.gov.uk/company/SC034993
00647788,Electrocomponents,1960,January,1960-01-22,day,companies_house_incorporation,https://find-and-update.company-information.service.gov.uk/company/00647788
14696069,Emap,1887,,,year,business_founding_researched,https://www.fundinguniverse.com/company-histories/emap-plc-history/
13280545,Endeavour Mining,2021,March,2021-03-21,day,companies_house_incorporation,https://find-and-update.company-information.service.gov.uk/company/13280545
03438871,Energis,1997,September,1997-09-18,day,companies_house_incorporation,https://find-and-update.company-information.service.gov.uk/company/03438871
00154236,English China Clays,1919,April,1919-04-09,day,companies_house_incorporation,https://find-and-update.company-information.service.gov.uk/company/00154236
10517727,Enterprise Inns,1991,,,year,business_founding_researched,https://en.wikipedia.org/wiki/Ei_Group
01682048,Enterprise Oil,1982,November,1982-11-26,day,companies_house_incorporation,https://find-and-update.company-information.service.gov.uk/company/01682048
07108619,Essar energy,2009,December,2009-12-18,day,companies_house_incorporation,https://find-and-update.company-information.service.gov.uk/company/07108619
03583610,Eurotunnel,1985,,,year,business_founding_researched,https://www.referenceforbusiness.com/history2/79/Eurotunnel-Group.html
07784342,Evraz,2011,September,2011-09-23,day,companies_house_incorporation,https://find-and-update.company-information.service.gov.uk/company/07784342
03720393,Experian Group,1999,February,1999-02-25,day,companies_house_incorporation,https://find-and-update.company-information.service.gov.uk/company/03720393
SC246627,Ferguson,1887,,,year,business_founding_researched,https://en.wikipedia.org/wiki/Wolseley_plc
05432915,Ferrexpo,2005,April,2005-04-22,day,companies_house_incorporation,https://find-and-update.company-information.service.gov.uk/company/05432915
00044687,Fisons,1895,July,1895-07-23,day,companies_house_incorporation,https://find-and-update.company-information.service.gov.uk/company/00044687
00012901,Foreign & Col Invest Trust,1879,March,1879-03-15,day,companies_house_incorporation,https://find-and-update.company-information.service.gov.uk/company/00012901
06035106,Frasers Group,2006,December,2006-12-21,day,companies_house_incorporation,https://find-and-update.company-information.service.gov.uk/company/06035106
10215539,Freeserve,1998,,,year,business_founding_researched,https://en.wikipedia.org/wiki/Freeserve
06344120,Fresnillo,2007,August,2007-08-15,day,companies_house_incorporation,https://find-and-update.company-information.service.gov.uk/company/06344120
04992207,G4S,2003,December,2003-12-11,day,companies_house_incorporation,https://find-and-update.company-information.service.gov.uk/company/04992207
04191106,GKN PLC,1759,September,,month,business_founding_researched,https://en.wikipedia.org/wiki/GKN
03299793,Gallaher Group,1857,,,year,business_founding_researched,https://en.wikipedia.org/wiki/Gallaher_Group
02670969,Games Workshop Group,1991,December,1991-12-09,day,companies_house_incorporation,https://find-and-update.company-information.service.gov.uk/company/02670969
SC119505,General Accident,1885,,,year,business_founding_researched,https://en.wikipedia.org/wiki/General_Accident
12657712,General Electric Company,1886,,,year,business_founding_researched,https://simple.wikipedia.org/wiki/General_Electric_Company_plc
00480080,Glaxo Wellcome,1950,March,1950-03-25,day,companies_house_incorporation,https://find-and-update.company-information.service.gov.uk/company/00480080
12215835,GlaxoSmithKline,1830,,,year,business_founding_researched,https://en.wikipedia.org/wiki/GSK_plc
03962410,Granada,2000,April,2000-04-03,day,companies_house_incorporation,https://find-and-update.company-information.service.gov.uk/company/03962410
00290076,Granada Group,1934,July,1934-07-11,day,companies_house_incorporation,https://find-and-update.company-information.service.gov.uk/company/00290076
03106798,Granada Media,1995,September,1995-09-26,day,companies_house_incorporation,https://find-and-update.company-information.service.gov.uk/company/03106798
00291848,Grand Metropolitan,1934,September,1934-09-06,day,companies_house_incorporation,https://find-and-update.company-information.service.gov.uk/company/00291848
00014504,Greenalls Group plc,1762,,,year,business_founding_researched,"https://www.gracesguide.co.uk/Greenall,_Whitley_and_Co"
00510607,Guinness (Arthur) & Son,1952,August,1952-08-16,day,companies_house_incorporation,https://find-and-update.company-information.service.gov.uk/company/00510607
SC218813,HBOS,2001,May,2001-05-03,day,companies_house_incorporation,https://find-and-update.company-information.service.gov.uk/company/SC218813
00617987,HSBC Holdings,1959,January,1959-01-01,day,companies_house_incorporation,https://find-and-update.company-information.service.gov.uk/company/00617987
07034919,Habitat Mothercare,1961,,,year,business_founding_researched,https://en.wikipedia.org/wiki/Mothercare
13691224,Haleon,2021,October,2021-10-20,day,companies_house_incorporation,https://find-and-update.company-information.service.gov.uk/company/13691224
00040932,Halma,1894,April,1894-04-13,day,companies_house_incorporation,https://find-and-update.company-information.service.gov.uk/company/00040932
00360632,Hammerson Property,1940,April,1940-04-17,day,companies_house_incorporation,https://find-and-update.company-information.service.gov.uk/company/00360632
SC234781,Harbour Energy,2002,July,2002-07-31,day,companies_house_incorporation,https://find-and-update.company-information.service.gov.uk/company/SC234781
02122142,Hargreaves Lansdown,1987,April,1987-04-10,day,companies_house_incorporation,https://find-and-update.company-information.service.gov.uk/company/02122142
05998739,Harrisons & Crosfield,1844,January,,month,business_founding_researched,https://www.gracesguide.co.uk/Harrisons_and_Crosfield
00068237,Hawker Siddeley,1900,December,1900-12-13,day,companies_house_incorporation,https://find-and-update.company-information.service.gov.uk/company/00068237
02150950,Hays,1987,July,1987-07-28,day,companies_house_incorporation,https://find-and-update.company-information.service.gov.uk/company/02150950
11408139,Hillsdown Holdings,1975,,,year,business_founding_researched,https://www.fundinguniverse.com/company-histories/hillsdown-holdings-plc-history/
02837811,Hiscox,1993,July,1993-07-20,day,companies_house_incorporation,https://find-and-update.company-information.service.gov.uk/company/02837811
05863533,Home Retail Group,2006,June,2006-06-30,day,companies_house_incorporation,https://find-and-update.company-information.service.gov.uk/company/05863533
02648297,Homeserve,1991,September,1991-09-24,day,companies_house_incorporation,https://find-and-update.company-information.service.gov.uk/company/02648297
10686681,House of Fraser,1849,,,year,business_founding_researched,https://en.wikipedia.org/wiki/House_of_Fraser
02128710,Howden Joinery Group,1987,May,1987-05-07,day,companies_house_incorporation,https://find-and-update.company-information.service.gov.uk/company/02128710
04677092,IG Group Holdings,2003,February,2003-02-25,day,companies_house_incorporation,https://find-and-update.company-information.service.gov.uk/company/04677092
05134420,IHG Hotels & Resorts,1946,,,year,business_founding_researched,https://en.wikipedia.org/wiki/InterContinental
00714275,IMI,1962,February,1962-02-02,day,companies_house_incorporation,https://find-and-update.company-information.service.gov.uk/company/00714275
04967001,ITV,1955,,,year,business_founding_researched,https://en.wikipedia.org/wiki/ITV_plc
00218019,Imperial Chemical Industries,1926,December,1926-12-07,day,companies_house_incorporation,https://find-and-update.company-information.service.gov.uk/company/00218019
00511276,Imperial Group,1952,September,1952-09-08,day,companies_house_incorporation,https://find-and-update.company-information.service.gov.uk/company/00511276
01860181,Imperial Tobacco,1984,November,1984-11-01,day,companies_house_incorporation,https://find-and-update.company-information.service.gov.uk/company/01860181
00073800,Imperial Tobacco Group,1902,May,1902-05-22,day,companies_house_incorporation,https://find-and-update.company-information.service.gov.uk/company/00073800
00609782,Inchcape,1958,August,1958-08-15,day,companies_house_incorporation,https://find-and-update.company-information.service.gov.uk/company/00609782
08860726,Informa,2014,January,2014-01-24,day,companies_house_incorporation,https://find-and-update.company-information.service.gov.uk/company/08860726
04886115,Inmarsat,2003,September,2003-09-03,day,companies_house_incorporation,https://find-and-update.company-information.service.gov.uk/company/04886115
14840880,Intermediate Capital Group,2023,May,2023-05-02,day,companies_house_incorporation,https://find-and-update.company-information.service.gov.uk/company/14840880
02234775,Intermediate Capital Grup,1989,,,year,business_founding_researched,https://en.wikipedia.org/wiki/Intermediate_Capital_Group
FC029884,International Airlines Group,1974,March,,month,business_founding_researched,https://en.wikipedia.org/wiki/British_Airways
05186841,International Power,1990,March,,month,business_founding_researched,https://en.wikipedia.org/wiki/National_Power
04267576,Intertek Group,2001,August,2001-08-09,day,companies_house_incorporation,https://find-and-update.company-information.service.gov.uk/company/04267576
03685527,Intu Properties,1980,,,year,business_founding_researched,https://en.wikipedia.org/wiki/Intu_Properties
00166023,Invensys,1920,April,1920-04-01,day,companies_house_incorporation,https://find-and-update.company-information.service.gov.uk/company/00166023
03633621,Investec,1974,,,year,business_founding_researched,https://en.wikipedia.org/wiki/Investec
01888425,JD Sports Fashion,1985,February,1985-02-21,day,companies_house_incorporation,https://find-and-update.company-information.service.gov.uk/company/01888425
15049410,Jaguar,1922,September,,month,business_founding_researched,https://en.wikipedia.org/wiki/Swallow_Sidecar_Company
00033774,Johnson Matthey,1891,April,1891-04-11,day,companies_house_incorporation,https://find-and-update.company-information.service.gov.uk/company/00033774
06947854,Just Eat Takeaway.com,2009,June,2009-06-30,day,companies_house_incorporation,https://find-and-update.company-information.service.gov.uk/company/06947854
09132358,Kazakhmys,1992,,,year,business_founding_researched,https://en.wikipedia.org/wiki/Kazakhmys
02366627,Kelda Group,1989,April,1989-04-01,day,companies_house_incorporation,https://find-and-update.company-information.service.gov.uk/company/02366627
01664812,Kingfisher,1982,September,1982-09-16,day,companies_house_incorporation,https://find-and-update.company-information.service.gov.uk/company/01664812
04369054,Land Securities,1944,,,year,business_founding_researched,https://en.wikipedia.org/wiki/Landsec
03900804,Lattice Group PLC,1999,December,1999-12-29,day,companies_house_incorporation,https://find-and-update.company-information.service.gov.uk/company/03900804
01417162,Legal & General,1979,February,1979-02-27,day,companies_house_incorporation,https://find-and-update.company-information.service.gov.uk/company/01417162
14236527,Liberty International,1980,,,year,business_founding_researched,https://en.wikipedia.org/wiki/Intu
10917019,Lion Finance Group,2017,August,2017-08-15,day,companies_house_incorporation,https://find-and-update.company-information.service.gov.uk/company/10917019
SC095000,Lloyds Banking Group,1765,,,year,business_founding_researched,https://en.wikipedia.org/wiki/Lloyds_Bank
01631639,Logica Plc,1982,April,1982-04-27,day,companies_house_incorporation,https://find-and-update.company-information.service.gov.uk/company/01631639
10681760,London Electricity,1948,April,,month,business_founding_researched,https://en.wikipedia.org/wiki/London_Electricity_Board
02075721,London Stock Exchange,1986,November,1986-11-19,day,companies_house_incorporation,https://find-and-update.company-information.service.gov.uk/company/02075721
05369106,London Stock Exchange Group,1801,,,year,business_founding_researched,https://en.wikipedia.org/wiki/London_Stock_Exchange_Group
01008965,London and Scottish Marine,1971,April,1971-04-23,day,companies_house_incorporation,https://find-and-update.company-information.service.gov.uk/company/01008965
07124797,LondonMetric Property,2010,January,2010-01-13,day,companies_house_incorporation,https://find-and-update.company-information.service.gov.uk/company/07124797
02805337,Lonrho,1909,May,,month,business_founding_researched,https://en.wikipedia.org/wiki/Lonrho
03207774,LucasVarity,1996,May,1996-05-30,day,companies_house_incorporation,https://find-and-update.company-information.service.gov.uk/company/03207774
11444019,M&G,1931,April,,month,business_founding_researched,https://en.wikipedia.org/wiki/M%26G
05514581,MEPC,1946,October,,month,business_founding_researched,https://en.wikipedia.org/wiki/MEPC_plc
02953047,Magnet & Southerns,1918,,,year,business_founding_researched,https://en.wikipedia.org/wiki/Magnet_Kitchens
SC639139,Marconi,1897,July,,month,business_founding_researched,https://en.wikipedia.org/wiki/Marconi_Company
04256886,Marks and Spencer Group,1884,,,year,business_founding_researched,https://en.wikipedia.org/wiki/Marks_%26_Spencer
08338604,Mediclinic International plc,2012,December,2012-12-20,day,companies_house_incorporation,https://find-and-update.company-information.service.gov.uk/company/08338604
00432989,Meggitt,1947,April,1947-04-11,day,companies_house_incorporation,https://find-and-update.company-information.service.gov.uk/company/00432989
04763064,Melrose,2003,May,2003-05-13,day,companies_house_incorporation,https://find-and-update.company-information.service.gov.uk/company/04763064
09800044,Melrose Industries,2003,,,year,business_founding_researched,https://en.wikipedia.org/wiki/Melrose_Industries
08700412,Merlin Entertainments,2013,September,2013-09-20,day,companies_house_incorporation,https://find-and-update.company-information.service.gov.uk/company/08700412
15944520,Metlen Energy & Metals,2024,September,2024-09-09,day,companies_house_incorporation,https://find-and-update.company-information.service.gov.uk/company/15944520
05134647,Micro Focus International,2004,May,2004-05-21,day,companies_house_incorporation,https://find-and-update.company-information.service.gov.uk/company/05134647
02366928,Midlands Electricity,1989,April,1989-04-01,day,companies_house_incorporation,https://find-and-update.company-information.service.gov.uk/company/02366928
04551498,Mitchells & Butlers,1898,,,year,business_founding_researched,https://en.wikipedia.org/wiki/Mitchells_%26_Butlers_Brewery
06209386,Mondi,2007,April,2007-04-11,day,companies_house_incorporation,https://find-and-update.company-information.service.gov.uk/company/06209386
00358949,Morrison (Wm.),1940,January,1940-01-22,day,companies_house_incorporation,https://find-and-update.company-information.service.gov.uk/company/00358949
16271657,NFC,1948,,,year,business_founding_researched,https://en.wikipedia.org/wiki/National_Freight_Corporation
07712220,NMC Health,1975,,,year,business_founding_researched,https://en.wikipedia.org/wiki/NMC_Health
11785532,NatWest,1968,,,year,business_founding_researched,https://en.wikipedia.org/wiki/NatWest
04031152,National Grid Group plc,1990,March,,month,business_founding_researched,https://en.wikipedia.org/wiki/National_Grid_plc
12818602,National Power,1990,,,year,business_founding_researched,https://en.wikipedia.org/wiki/National_Power
04412362,Next,1864,,,year,business_founding_researched,https://en.wikipedia.org/wiki/Next_plc
03528619,North West Water,1989,,,year,business_founding_researched,https://en.wikipedia.org/wiki/United_Utilities
00471864,Northern Foods,1949,August,1949-08-15,day,companies_house_incorporation,https://find-and-update.company-information.service.gov.uk/company/00471864
16351760,Northern Rock,1965,,,year,business_founding_researched,https://en.wikipedia.org/wiki/Northern_Rock
02468686,Norwich Union,1797,,,year,business_founding_researched,https://en.wikipedia.org/wiki/Norwich_Union
09406669,Nycomed Amersham,1940,,,year,business_founding_researched,https://en.wikipedia.org/wiki/Amersham_plc
07098618,Ocado Group,2009,December,2009-12-08,day,companies_house_incorporation,https://find-and-update.company-information.service.gov.uk/company/07098618
00073975,Ocean Group (now Exel),1902,June,1902-06-06,day,companies_house_incorporation,https://find-and-update.company-information.service.gov.uk/company/00073975
12670975,Orange,1994,,,year,business_founding_researched,https://en.wikipedia.org/wiki/Orange_(UK)
RC000404,P&O,1981,January,1981-01-01,day,companies_house_incorporation,https://find-and-update.company-information.service.gov.uk/company/RC000404
03902746,P&O Princess Cruises,2000,January,2000-01-05,day,companies_house_incorporation,https://find-and-update.company-information.service.gov.uk/company/03902746
00053723,Pearson,1897,August,1897-08-12,day,companies_house_incorporation,https://find-and-update.company-information.service.gov.uk/company/00053723
02366640,Pennon Group,1989,,,year,business_founding_researched,https://en.wikipedia.org/wiki/Pennon_Group
05525338,Persimmon,2005,August,2005-08-02,day,companies_house_incorporation,https://find-and-update.company-information.service.gov.uk/company/05525338
16051356,Petrofac,1981,February,,month,business_founding_researched,https://en.wikipedia.org/wiki/Petrofac
10691596,Phoenix Group Holdings,2017,March,2017-03-27,day,companies_house_incorporation,https://find-and-update.company-information.service.gov.uk/company/10691596
00041495,Pilkington plc,1894,June,1894-06-30,day,companies_house_incorporation,https://find-and-update.company-information.service.gov.uk/company/00041495
03224867,Polar Capital Technology Trust,1996,December,,month,business_founding_researched,https://en.wikipedia.org/wiki/Polar_Capital_Technology_Trust
12181667,Polly Peck,1940,,,year,business_founding_researched,https://en.wikipedia.org/wiki/Polly_Peck
03586615,PowerGen Plc,1989,,,year,business_founding_researched,https://en.wikipedia.org/wiki/E.ON_UK
01397169,Prudential,1978,November,1978-11-01,day,companies_house_incorporation,https://find-and-update.company-information.service.gov.uk/company/01397169
11353526,Psion,1980,,,year,business_founding_researched,https://en.wikipedia.org/wiki/Psion_(company)
03752645,Punch Taverns,1999,April,1999-04-15,day,companies_house_incorporation,https://find-and-update.company-information.service.gov.uk/company/03752645
00077536,RELX,1903,May,1903-05-28,day,companies_house_incorporation,https://find-and-update.company-information.service.gov.uk/company/00077536
09909380,RMC Group,1930,,,year,business_founding_researched,https://en.wikipedia.org/wiki/RMC_Group
09220362,Racal Electronics,1950,,,year,business_founding_researched,https://en.wikipedia.org/wiki/Racal
17225057,Railtrack,1994,April,,month,business_founding_researched,https://en.wikipedia.org/wiki/Railtrack
06270876,Reckitt,1840,,,year,business_founding_researched,https://en.wikipedia.org/wiki/Reckitt_and_Sons
00137294,Redland,1914,July,1914-07-13,day,companies_house_incorporation,https://find-and-update.company-information.service.gov.uk/company/00137294
06716899,Reinshaw,2008,October,2008-10-07,day,companies_house_incorporation,https://find-and-update.company-information.service.gov.uk/company/06716899
00218107,Rentokil,1926,December,1926-12-10,day,companies_house_incorporation,https://find-and-update.company-information.service.gov.uk/company/00218107
05393279,Rentokil Initial,2005,March,2005-03-15,day,companies_house_incorporation,https://find-and-update.company-information.service.gov.uk/company/05393279
03477402,Reuters,1851,October,,month,business_founding_researched,https://en.wikipedia.org/wiki/Reuters
00191285,Rexam,1923,July,1923-07-13,day,companies_house_incorporation,https://find-and-update.company-information.service.gov.uk/company/00191285
06426485,Rightmove,2007,November,2007-11-14,day,companies_house_incorporation,https://find-and-update.company-information.service.gov.uk/company/06426485
00719885,Rio Tinto,1962,March,1962-03-30,day,companies_house_incorporation,https://find-and-update.company-information.service.gov.uk/company/00719885
01003142,Rolls Royce,1971,February,1971-02-23,day,companies_house_incorporation,https://find-and-update.company-information.service.gov.uk/company/01003142
03045251,Rothmans International,1890,,,year,business_founding_researched,https://en.wikipedia.org/wiki/Rothmans_International
01455051,Rothschild (J) Holdings,1979,October,1979-10-18,day,companies_house_incorporation,https://find-and-update.company-information.service.gov.uk/company/01455051
02339826,Royal & Sun Alliance,1989,January,1989-01-26,day,companies_house_incorporation,https://find-and-update.company-information.service.gov.uk/company/02339826
00100097,Royal & Sun Alliance Insurance,1908,October,1908-10-31,day,companies_house_incorporation,https://find-and-update.company-information.service.gov.uk/company/00100097
04366849,Royal Dutch Shell A&B,2002,February,2002-02-05,day,companies_house_incorporation,https://find-and-update.company-information.service.gov.uk/company/04366849
01516396,Royal Insurance,1980,September,1980-09-08,day,companies_house_incorporation,https://find-and-update.company-information.service.gov.uk/company/01516396
14240638,Royal Mail,1516,,,year,business_founding_researched,https://en.wikipedia.org/wiki/Royal_Mail
03680472,SLPH,1825,March,,month,business_founding_researched,https://en.wikipedia.org/wiki/Standard_Life
00231824,Saatchi & Saatchi,1928,July,1928-07-07,day,companies_house_incorporation,https://find-and-update.company-information.service.gov.uk/company/00231824
01299733,Safeway,1977,February,1977-02-23,day,companies_house_incorporation,https://find-and-update.company-information.service.gov.uk/company/01299733
02231246,Sage Group,1988,March,1988-03-16,day,companies_house_incorporation,https://find-and-update.company-information.service.gov.uk/company/02231246
00185647,Sainsbury's,1922,November,1922-11-10,day,companies_house_incorporation,https://find-and-update.company-information.service.gov.uk/company/00185647
03909886,Schroders,1804,,,year,business_founding_researched,https://en.wikipedia.org/wiki/Schroders
SC016288,Scottish & Newcastle Breweries,1931,January,1931-01-14,day,companies_house_incorporation,https://find-and-update.company-information.service.gov.uk/company/SC016288
SC585480,Scottish Hydro Electricity,1943,,,year,business_founding_researched,https://en.wikipedia.org/wiki/North_of_Scotland_Hydro-Electric_Board
SC007058,Scottish Mortgage Investment,1909,March,1909-03-17,day,companies_house_incorporation,https://find-and-update.company-information.service.gov.uk/company/SC007058
SC193794,Scottish Power,1955,,,year,business_founding_researched,https://en.wikipedia.org/wiki/South_of_Scotland_Electricity_Board
00120271,Sears plc,1912,February,1912-02-15,day,companies_house_incorporation,https://find-and-update.company-information.service.gov.uk/company/00120271
00057379,Securicor,1898,May,1898-05-16,day,companies_house_incorporation,https://find-and-update.company-information.service.gov.uk/company/00057379
13595866,Sedgwick,1879,,,year,business_founding_researched,https://en.wikipedia.org/wiki/Sedgwick_Group
13246881,Segro,1920,,,year,business_founding_researched,https://en.wikipedia.org/wiki/Segro
05224547,Sema,,,,unknown,,
16640835,Sema Group Plc,1988,,,year,business_founding_researched,https://en.wikipedia.org/wiki/Sema_Group
02048608,Serco Group,1986,August,1986-08-21,day,companies_house_incorporation,https://find-and-update.company-information.service.gov.uk/company/02048608
02366619,Severn Trent,1989,April,1989-04-01,day,companies_house_incorporation,https://find-and-update.company-information.service.gov.uk/company/02366619
00054485,Shell Transport & Trading Co,1897,October,1897-10-18,day,companies_house_incorporation,https://find-and-update.company-information.service.gov.uk/company/00054485
02031674,Shire Pharmaceuticals,1986,June,1986-06-26,day,companies_house_incorporation,https://find-and-update.company-information.service.gov.uk/company/02031674
08577185,Slough Estates,1920,April,,month,business_founding_researched,https://en.wikipedia.org/wiki/Segro
00324357,Smith & Nephew PLC,1937,February,1937-02-17,day,companies_house_incorporation,https://find-and-update.company-information.service.gov.uk/company/00324357
01377658,Smith (DS),1978,July,1978-07-07,day,companies_house_incorporation,https://find-and-update.company-information.service.gov.uk/company/01377658
05202036,Smith (W.H.),1792,,,year,business_founding_researched,https://en.wikipedia.org/wiki/WHSmith
17136683,Smith Industries,1851,,,year,business_founding_researched,https://en.wikipedia.org/wiki/Smiths_Group
02337959,SmithKline Beecham,1989,January,1989-01-24,day,companies_house_incorporation,https://find-and-update.company-information.service.gov.uk/company/02337959
00137013,Smiths Group,1914,July,1914-07-15,day,companies_house_incorporation,https://find-and-update.company-information.service.gov.uk/company/00137013
00391027,Smiths Industries plc,1944,November,1944-11-09,day,companies_house_incorporation,https://find-and-update.company-information.service.gov.uk/company/00391027
SC117119,Southern Electric,1989,April,1989-04-01,day,companies_house_incorporation,https://find-and-update.company-information.service.gov.uk/company/SC117119
15436803,Spirax-Sarco Engineering,1888,,,year,business_founding_researched,https://en.wikipedia.org/wiki/Spirax_Group
00720989,Spirent,1962,April,1962-04-09,day,companies_house_incorporation,https://find-and-update.company-information.service.gov.uk/company/00720989
11775757,Sports Direct International,1982,,,year,business_founding_researched,https://en.wikipedia.org/wiki/Sports_Direct
03183415,St. James's Place,1996,April,1996-04-01,day,companies_house_incorporation,https://find-and-update.company-information.service.gov.uk/company/03183415
SC100764,Stagecoach Group,1986,September,1986-09-04,day,companies_house_incorporation,https://find-and-update.company-information.service.gov.uk/company/SC100764
SC212093,Stagecoach Holdings,1980,April,,month,business_founding_researched,https://en.wikipedia.org/wiki/Stagecoach_Group
00966425,Standard Chartered,1969,November,1969-11-18,day,companies_house_incorporation,https://find-and-update.company-information.service.gov.uk/company/00966425
11606773,Standard Life,1825,March,,month,business_founding_researched,https://en.wikipedia.org/wiki/Standard_Life
00776273,Sun Life Assurance Society,1963,October,1963-10-04,day,companies_house_incorporation,https://find-and-update.company-information.service.gov.uk/company/00776273
06072876,TUI Travel,2007,January,2007-01-29,day,companies_house_incorporation,https://find-and-update.company-information.service.gov.uk/company/06072876
12283210,Tate & Lyle,1859,,,year,business_founding_researched,https://en.wikipedia.org/wiki/Tate_%26_Lyle
00296805,Taylor Wimpey,1935,February,1935-02-01,day,companies_house_incorporation,https://find-and-update.company-information.service.gov.uk/company/00296805
SC080891,Telewest Communications,1982,November,1982-11-17,day,companies_house_incorporation,https://find-and-update.company-information.service.gov.uk/company/SC080891
00445790,Tesco,1947,November,1947-11-27,day,companies_house_incorporation,https://find-and-update.company-information.service.gov.uk/company/00445790
02366623,Thames Water,1989,April,1989-04-01,day,companies_house_incorporation,https://find-and-update.company-information.service.gov.uk/company/02366623
03613919,The Energy Group,1948,,,year,business_founding_researched,https://en.wikipedia.org/wiki/Eastern_Electricity
06091951,Thomas Cook Group,2007,February,2007-02-08,day,companies_house_incorporation,https://find-and-update.company-information.service.gov.uk/company/06091951
03158105,Thorn EMI plc,1928,March,,month,business_founding_researched,https://en.wikipedia.org/wiki/Thorn_Electrical_Industries
03182775,Thorn plc,1928,March,,month,business_founding_researched,https://en.wikipedia.org/wiki/Thorn_Electrical_Industries
06798969,Thus,1994,,,year,business_founding_researched,https://en.wikipedia.org/wiki/Thus_(company)
12664251,Tomkins,1925,,,year,business_founding_researched,https://en.wikipedia.org/wiki/Tomkins_plc
16570860,Trafalgar House,1958,,,year,business_founding_researched,https://en.wikipedia.org/wiki/Trafalgar_House_(company)
00824821,Travis Perkins,1964,October,1964-10-27,day,companies_house_incorporation,https://find-and-update.company-information.service.gov.uk/company/00824821
08215888,Tritax Big Box REIT,2012,September,2012-09-14,day,companies_house_incorporation,https://find-and-update.company-information.service.gov.uk/company/08215888
03919249,Tullow Oil,2000,February,2000-02-04,day,companies_house_incorporation,https://find-and-update.company-information.service.gov.uk/company/03919249
00041424,Unilever,1894,June,1894-06-21,day,companies_house_incorporation,https://find-and-update.company-information.service.gov.uk/company/00041424
08169000,United Biscuits,1948,,,year,business_founding_researched,https://www.referenceforbusiness.com/history2/48/United-Biscuits-Holdings-plc.html
06559020,United Utilities,1973,,,year,business_founding_researched,https://en.wikipedia.org/wiki/North_West_Water
04740415,Vedanta Resources,2003,April,2003-04-22,day,companies_house_incorporation,https://find-and-update.company-information.service.gov.uk/company/04740415
00306718,Vistry Group,1935,November,1935-11-04,day,companies_house_incorporation,https://find-and-update.company-information.service.gov.uk/company/00306718
01833679,Vodafone Group,1984,July,1984-07-17,day,companies_house_incorporation,https://find-and-update.company-information.service.gov.uk/company/01833679
02670617,WPP Group,1991,December,1991-12-12,day,companies_house_incorporation,https://find-and-update.company-information.service.gov.uk/company/02670617
SC002934,Weir Group,1895,June,1895-06-14,day,companies_house_incorporation,https://find-and-update.company-information.service.gov.uk/company/SC002934
01955498,Wellcome,1985,November,1985-11-06,day,companies_house_incorporation,https://find-and-update.company-information.service.gov.uk/company/01955498
04120344,Whitbread,1742,,,year,business_founding_researched,https://en.wikipedia.org/wiki/Whitbread
00968654,Wiggins Teape Appleton,1969,December,1969-12-18,day,companies_house_incorporation,https://find-and-update.company-information.service.gov.uk/company/00968654
04212563,William Hill,1934,,,year,business_founding_researched,https://en.wikipedia.org/wiki/William_Hill_(bookmaker)
01386469,Willis Faber,1978,September,1978-09-01,day,companies_house_incorporation,https://find-and-update.company-information.service.gov.uk/company/01386469
00029846,Wolseley Plc,1889,October,1889-10-09,day,companies_house_incorporation,https://find-and-update.company-information.service.gov.uk/company/00029846
SC278251,Wood Group (John),1982,January,,month,business_founding_researched,https://en.wikipedia.org/wiki/John_Wood_Group
15712439,Woolwich,1847,August,,month,business_founding_researched,https://en.wikipedia.org/wiki/The_Woolwich
06732228,Woolworths,1909,November,,month,business_founding_researched,https://en.wikipedia.org/wiki/Woolworths_(United_Kingdom)
,Worldpay Group,1997,,,year,business_founding_researched,https://en.wikipedia.org/wiki/Worldpay_Group
04345939,Xstrata,2001,December,2001-12-31,day,companies_house_incorporation,https://find-and-update.company-information.service.gov.uk/company/04345939
08815102,Yell Group,1966,,,year,business_founding_researched,https://en.wikipedia.org/wiki/Yell_(company)
02723534,Zeneca Group,1992,June,1992-06-17,day,companies_house_incorporation,https://find-and-update.company-information.service.gov.uk/company/02723534
04190833,mmO2,2001,March,2001-03-30,day,companies_house_incorporation,https://find-and-update.company-information.service.gov.uk/company/04190833
